HIERARCHY
ROOT joint_0
{
	OFFSET 3.952459 0.000000 2.427596
	CHANNELS 6 Xposition Yposition Zposition Yrotation Xrotation Zrotation 
	JOINT joint_1
	{
		OFFSET -0.697764 95.894905 -0.542176
		CHANNELS 3 Yrotation Xrotation Zrotation
		JOINT joint_2
		{
			OFFSET -0.000000 9.717225 -1.180208
			CHANNELS 3 Yrotation Xrotation Zrotation
			JOINT joint_3
			{
				OFFSET -0.000000 11.336825 -1.376934
				CHANNELS 3 Yrotation Xrotation Zrotation
				JOINT joint_4
				{
					OFFSET -0.000000 12.956345 -1.573654
					CHANNELS 3 Yrotation Xrotation Zrotation
					JOINT joint_5
					{
						OFFSET -0.000000 14.575974 -1.770440
						CHANNELS 3 Yrotation Xrotation Zrotation
						JOINT joint_6
						{
							OFFSET -0.000000 6.720198 1.972157
							CHANNELS 3 Yrotation Xrotation Zrotation
							End Site
							{
								OFFSET 0.000000 0.000000 0.000000
							}
						}
					}
					JOINT joint_7
					{
						OFFSET 6.140119 12.877849 -1.790937
						CHANNELS 3 Yrotation Xrotation Zrotation
						JOINT joint_8
						{
							OFFSET 12.545027 -3.431417 -0.038760
							CHANNELS 3 Yrotation Xrotation Zrotation
							JOINT joint_9
							{
								OFFSET 25.447289 -1.876389 -1.528865
								CHANNELS 3 Yrotation Xrotation Zrotation
								JOINT joint_10
								{
									OFFSET 23.367495 0.877640 0.962825
									CHANNELS 3 Yrotation Xrotation Zrotation
									End Site
									{
										OFFSET 0.000000 0.000000 0.000000
									}
								}
							}
						}
					}
					JOINT joint_11
					{
						OFFSET -6.140131 12.877828 -1.749914
						CHANNELS 3 Yrotation Xrotation Zrotation
						JOINT joint_12
						{
							OFFSET -12.545005 -3.431376 0.041026
							CHANNELS 3 Yrotation Xrotation Zrotation
							JOINT joint_13
							{
								OFFSET -25.447325 -1.876449 -1.640970
								CHANNELS 3 Yrotation Xrotation Zrotation
								JOINT joint_14
								{
									OFFSET -23.367445 0.877640 0.922386
									CHANNELS 3 Yrotation Xrotation Zrotation
									End Site
									{
										OFFSET 0.000000 0.000000 0.000000
									}
								}
							}
						}
					}
				}
			}
		}
		JOINT joint_15
		{
			OFFSET 8.078197 -5.402378 -0.574917
			CHANNELS 3 Yrotation Xrotation Zrotation
			JOINT joint_16
			{
				OFFSET 3.743073 -42.540516 -2.655263
				CHANNELS 3 Yrotation Xrotation Zrotation
				JOINT joint_17
				{
					OFFSET 3.359007 -41.940838 -2.898166
					CHANNELS 3 Yrotation Xrotation Zrotation
					JOINT joint_18
					{
						OFFSET 1.133375 -9.116495 13.336108
						CHANNELS 3 Yrotation Xrotation Zrotation
						End Site
						{
							OFFSET 0.000000 0.000000 0.000000
						}
					}
				}
			}
		}
		JOINT joint_19
		{
			OFFSET -8.078201 -5.402399 -0.712443
			CHANNELS 3 Yrotation Xrotation Zrotation
			JOINT joint_20
			{
				OFFSET -3.743070 -42.540485 -2.500303
				CHANNELS 3 Yrotation Xrotation Zrotation
				JOINT joint_21
				{
					OFFSET -3.359003 -41.940788 -2.955719
					CHANNELS 3 Yrotation Xrotation Zrotation
					JOINT joint_22
					{
						OFFSET -1.133401 -9.116735 13.400520
						CHANNELS 3 Yrotation Xrotation Zrotation
						End Site
						{
							OFFSET 0.000000 0.000000 0.000000
						}
					}
				}
			}
		}
	}
}
MOTION
Frames: 1000
Frame Time: 0.016667
3.952459 0.000000 2.427596 -8.991904 0.000000 0.000000 3.612838 -2.612255 4.656657 -0.938752 1.440317 -0.831652 -2.033820 3.055088 -1.677319 -2.155095 3.158190 -1.679741 10.926674 9.155037 7.749810 15.217031 11.095999 -13.900715 -5.498064 -0.296715 -14.511580 -50.388969 4.894297 -48.652950 -50.317238 -1.135770 5.607368 0.107817 20.448980 -9.198017 0.211903 -0.818435 17.157295 23.069448 16.441231 61.026855 27.104408 -0.501908 -4.947249 1.546128 7.034980 -3.602482 7.035998 1.409427 -6.681497 -1.937606 14.215466 2.816961 -0.748085 -12.914424 -0.167509 0.000057 -0.001456 -0.000419 -9.679992 -28.698967 -1.616708 -3.164199 40.982647 -8.191287 -1.891137 -4.512568 3.305473 -0.000257 -0.002941 -0.000608 
3.498426 0.000000 3.249639 -10.665509 0.000000 0.000000 4.420309 -0.334716 1.375806 -0.883148 1.518698 -0.550223 -1.801074 3.137545 -1.088968 -1.825479 3.148797 -1.082402 2.853658 5.600533 3.152052 5.093640 8.149986 -4.141883 -2.497496 -0.378701 -15.662502 -33.695927 12.327588 -50.891312 -35.791962 -1.078098 5.882689 -0.841711 10.431778 -1.177428 -0.639763 -0.450529 17.185049 21.927717 16.400370 58.571316 22.560423 -0.399391 -5.090195 -0.058323 3.259798 -1.561002 12.076886 5.851698 -4.087553 0.303700 10.155989 3.114877 0.430235 -12.049133 -2.014812 0.000151 -0.002386 0.000753 -8.129247 -26.749552 1.890734 -1.209010 25.999029 -5.192887 -0.740554 0.089877 1.231388 -0.000123 -0.001773 -0.000781 
3.226021 0.000000 4.214940 -11.181847 0.000000 0.000000 4.333565 -0.528382 1.416195 -0.881683 1.556234 -0.583311 -1.769831 3.224446 -1.158866 -1.774091 3.240086 -1.153533 2.848173 5.601684 3.033689 4.984515 8.030659 -4.027565 -2.536532 -0.400959 -15.788608 -33.798668 11.887335 -50.249176 -35.490253 -1.072980 5.960718 -0.866527 10.238961 -0.859558 -0.546523 -0.449851 17.304211 22.209517 16.563597 58.664307 21.028898 -0.390492 -4.790535 -0.310389 2.977445 -1.116114 12.199448 7.109630 -4.011124 0.274047 9.496532 3.008314 0.187719 -12.617713 -1.770548 0.000153 -0.002432 0.000809 -7.895523 -27.197618 1.936364 -1.105201 25.549492 -5.274955 -0.515174 1.264997 0.131905 -0.000124 -0.001744 -0.000766 
2.951278 0.000000 5.233704 -11.628118 0.000000 0.000000 4.165624 -0.675949 1.341962 -0.878410 1.589333 -0.592155 -1.735282 3.301760 -1.175908 -1.722887 3.320054 -1.170154 2.894010 5.635404 2.884633 4.907514 7.914827 -3.877795 -2.541402 -0.422571 -15.922778 -33.847076 11.611515 -49.713181 -35.177689 -1.084272 6.027717 -0.915332 10.181001 -0.610806 -0.407705 -0.451137 17.406179 22.544701 16.694880 58.829002 19.468792 -0.354735 -4.466740 -0.658663 2.764074 -0.560509 12.295311 8.428173 -3.732593 0.283906 8.730409 2.919058 0.019489 -12.871576 -1.682006 0.000155 -0.002485 0.000870 -7.815639 -27.546253 2.225246 -0.808860 25.054604 -5.208059 -0.267627 2.541621 -0.526618 -0.000124 -0.001703 -0.000743 
2.671683 0.000000 6.302424 -12.010486 0.000000 0.000000 3.999236 -0.759888 1.173034 -0.885748 1.615960 -0.572665 -1.721549 3.367996 -1.135378 -1.695107 3.389652 -1.129590 2.993376 5.679988 2.624633 4.831961 7.814166 -3.665130 -2.523608 -0.445914 -16.091299 -33.830521 11.374068 -49.243732 -34.820961 -1.105137 6.049998 -0.934976 10.146197 -0.403911 -0.253340 -0.444461 17.509357 22.854137 16.783827 59.056053 18.013271 -0.318686 -4.137922 -1.091685 2.690999 0.096756 12.442741 9.607231 -3.352064 0.362407 8.058793 2.879684 -0.080260 -13.123995 -1.697460 0.000159 -0.002549 0.000934 -7.780261 -27.845171 2.676383 -0.372529 24.667645 -5.061704 0.012347 3.736056 -0.917952 -0.000123 -0.001651 -0.000714 
2.388150 0.000000 7.416939 -12.334538 0.000000 0.000000 3.931689 -0.764798 0.921562 -0.901830 1.639457 -0.536937 -1.731421 3.425246 -1.059236 -1.698451 3.450715 -1.052540 3.055512 5.687108 2.336283 4.704977 7.711157 -3.409378 -2.519964 -0.461710 -16.239700 -33.815456 11.129379 -48.925396 -34.417706 -1.117796 6.029069 -0.965210 10.079133 -0.198642 -0.132520 -0.435501 17.602333 23.145082 16.946566 59.377674 16.759155 -0.293924 -3.816012 -1.489366 2.727361 0.795745 12.663518 10.716659 -2.907715 0.398350 7.435713 2.863498 -0.174629 -13.358484 -1.821800 0.000163 -0.002612 0.000997 -7.815270 -28.103518 3.261538 0.158752 24.388483 -4.916888 0.344263 4.948996 -1.196609 -0.000121 -0.001601 -0.000698 
2.100291 0.000000 8.569240 -12.604627 0.000000 0.000000 4.000150 -0.683176 0.637774 -0.932788 1.656610 -0.488445 -1.776555 3.465422 -0.959621 -1.740926 3.496837 -0.953898 3.080320 5.664440 2.040345 4.551662 7.620584 -3.135654 -2.536345 -0.474393 -16.360210 -33.779213 10.883749 -48.763233 -33.998165 -1.120876 5.981697 -1.000446 9.966472 0.025176 -0.047030 -0.425023 17.665997 23.516373 17.285185 59.844196 15.770527 -0.271472 -3.485602 -1.847994 2.867198 1.566253 12.924767 11.699825 -2.416528 0.369396 6.954889 2.811819 -0.331948 -13.665241 -1.993576 0.000165 -0.002663 0.001048 -7.831377 -28.403681 3.847484 0.641283 24.522905 -4.866014 0.601940 5.939373 -1.287507 -0.000119 -0.001559 -0.000685 
1.814357 0.000000 9.755771 -12.823789 0.000000 0.000000 4.138793 -0.515588 0.380362 -0.977629 1.658452 -0.432133 -1.857282 3.470389 -0.850014 -1.820141 3.507685 -0.850019 3.024446 5.560081 1.798898 4.349848 7.571823 -2.894684 -2.569384 -0.484579 -16.455208 -33.681210 10.612295 -48.754513 -33.506714 -1.083738 5.928704 -1.042565 9.646371 0.285326 -0.019106 -0.414816 17.700241 24.041510 17.776901 60.429035 15.045429 -0.252870 -3.173499 -2.160884 3.101801 2.398077 13.203896 12.552585 -1.853687 0.334329 6.622363 2.785956 -0.446861 -13.967518 -2.304143 0.000166 -0.002696 0.001096 -7.575419 -28.678389 4.251567 1.021551 24.749489 -4.840067 0.778565 6.739135 -1.280981 -0.000119 -0.001531 -0.000701 
1.528008 0.000000 10.973609 -12.994016 0.000000 0.000000 4.257998 -0.296298 0.124891 -1.037120 1.647809 -0.365993 -1.965613 3.448520 -0.726260 -1.925694 3.490492 -0.733164 2.944713 5.378627 1.548164 4.124970 7.525757 -2.654437 -2.600734 -0.504123 -16.552198 -33.490913 10.382573 -48.782906 -32.937843 -1.023697 5.871494 -1.107339 9.164383 0.616482 -0.046241 -0.396142 17.739273 24.537170 18.224916 61.011520 14.277834 -0.241054 -2.892003 -2.498595 3.400132 3.274252 13.499763 13.194523 -1.193131 0.274396 6.537385 2.794231 -0.476132 -14.196177 -2.730666 0.000167 -0.002728 0.001152 -7.020309 -28.826649 4.418356 1.331675 25.045527 -4.826492 0.987085 6.955312 -1.191265 -0.000116 -0.001492 -0.000720 
1.238976 0.000000 12.222740 -13.117923 0.000000 0.000000 4.367836 -0.042437 -0.167359 -1.107368 1.621200 -0.291698 -2.091818 3.400396 -0.586008 -2.045957 3.447275 -0.597909 2.898966 5.233974 1.296309 3.923613 7.438994 -2.391656 -2.630347 -0.529090 -16.649969 -33.203049 10.224358 -48.845051 -32.285137 -0.983628 5.834042 -1.171222 8.670033 0.980574 -0.088657 -0.377343 17.783066 24.890734 18.518414 61.490700 13.333629 -0.227206 -2.642230 -2.828076 3.575072 4.120514 13.785542 13.551976 -0.496161 0.209043 6.787100 2.867689 -0.374895 -14.280107 -3.228252 0.000169 -0.002759 0.001204 -6.382828 -28.810772 4.619128 1.551715 25.419851 -4.888288 1.106358 6.716623 -1.292131 -0.000111 -0.001447 -0.000740 
0.948369 0.000000 13.502559 -13.195535 0.000000 0.000000 4.447232 0.190803 -0.498710 -1.174751 1.585611 -0.200964 -2.211086 3.340362 -0.408008 -2.158039 3.393024 -0.422502 2.882060 5.127864 0.973002 3.717896 7.345735 -2.110370 -2.622875 -0.551905 -16.779804 -32.934120 10.262331 -49.017006 -31.513880 -0.960259 5.807879 -1.242064 8.196612 1.343409 -0.139097 -0.361700 17.826845 24.934128 18.618870 61.761742 12.223825 -0.197532 -2.429702 -3.194526 3.729371 4.863439 14.008358 13.679378 0.222563 0.100604 7.406918 2.972438 -0.266971 -13.908712 -3.585321 0.000172 -0.002791 0.001274 -5.656442 -28.609602 4.826083 1.716051 25.837637 -4.994339 1.110422 6.330093 -1.564223 -0.000106 -0.001397 -0.000759 
0.658486 0.000000 14.811381 -13.225950 0.000000 0.000000 4.529747 0.381463 -0.850853 -1.241358 1.544231 -0.096489 -2.326427 3.270189 -0.200213 -2.262309 3.326613 -0.217630 2.829873 5.035936 0.630669 3.462540 7.334274 -1.825513 -2.580473 -0.571442 -16.949856 -32.640724 10.295363 -49.269032 -30.620539 -0.938712 5.803293 -1.287564 7.812330 1.653118 -0.230860 -0.347757 17.886013 24.773472 18.714098 61.812744 11.133763 -0.157745 -2.251086 -3.530714 3.810781 5.407265 14.259468 13.536561 0.998194 -0.092614 8.523659 3.050445 -0.201252 -13.057927 -3.896503 0.000174 -0.002816 0.001336 -4.911523 -28.230877 5.043227 1.789544 26.189550 -5.085570 0.989531 5.976898 -1.942259 -0.000102 -0.001359 -0.000783 
0.371409 0.000000 16.155170 -13.212450 0.000000 0.000000 4.677783 0.533943 -1.189002 -1.311697 1.501505 0.005784 -2.450675 3.192953 0.004005 -2.375588 3.248303 -0.018688 2.759860 4.912799 0.354085 3.220158 7.399026 -1.587365 -2.542724 -0.590510 -17.156414 -32.252541 10.316368 -49.552784 -29.688536 -0.914990 5.793002 -1.304476 7.528411 1.904732 -0.426390 -0.324407 17.992174 24.375601 18.812035 61.770020 10.141864 -0.135521 -2.102204 -3.884819 3.918744 5.854121 14.518770 13.082190 1.753464 -0.369904 10.154353 3.164439 -0.282154 -11.568511 -3.982663 0.000177 -0.002838 0.001395 -4.444305 -27.685455 5.328850 1.723976 26.505661 -5.204698 0.907413 5.376247 -2.220733 -0.000097 -0.001323 -0.000799 
0.086049 0.000000 17.539299 -13.157791 0.000000 0.000000 4.810144 0.676988 -1.498154 -1.377113 1.456234 0.096446 -2.563438 3.111963 0.184118 -2.475154 3.154179 0.150505 2.674232 4.652931 0.206687 3.022589 7.466300 -1.404191 -2.436079 -0.601434 -17.404116 -31.824093 10.346596 -49.923836 -28.797470 -0.878298 5.801515 -1.300122 7.372625 2.135321 -0.665048 -0.300314 18.134760 23.829399 18.824696 61.654617 9.335714 -0.130001 -1.967380 -4.184736 3.982160 6.155129 14.755653 12.333292 2.396874 -0.721305 12.184920 3.308604 -0.323792 -9.808689 -4.132101 0.000177 -0.002831 0.001432 -4.130634 -26.987154 5.619714 1.576382 26.707985 -5.267663 0.802509 4.856027 -2.515582 -0.000091 -0.001288 -0.000824 
-0.200382 0.000000 18.956778 -13.071017 0.000000 0.000000 4.960210 0.729139 -1.774331 -1.414274 1.427003 0.181379 -2.631571 3.044858 0.355200 -2.543343 3.084818 0.317218 2.644974 4.577897 -0.017485 2.852516 7.575313 -1.294865 -2.291832 -0.600629 -17.653397 -31.391584 10.406520 -50.408382 -27.954901 -0.843404 5.760701 -1.432683 6.777733 2.501674 -0.850579 -0.288913 18.283070 23.100876 18.794210 61.403664 8.687360 -0.108942 -1.866271 -4.298567 3.894394 6.104107 15.023489 11.128562 2.941197 -1.168265 15.029633 3.565286 -0.397119 -7.837293 -4.568551 0.000178 -0.002816 0.001460 -4.079021 -26.063820 5.848003 1.379304 26.695333 -5.390383 0.776413 4.222291 -2.853290 -0.000092 -0.001301 -0.000853 
-0.503361 0.000000 20.398493 -12.959811 0.000000 0.000000 5.078934 0.688487 -2.017489 -1.414699 1.420168 0.255636 -2.631094 3.022651 0.503097 -2.552361 3.060539 0.464551 2.722254 4.642375 -0.202753 2.825836 7.745759 -1.346955 -2.117063 -0.587720 -17.889530 -31.072859 10.503292 -50.962238 -27.113817 -0.825778 5.676064 -1.532880 6.246158 2.856296 -0.990975 -0.284551 18.382059 22.205254 18.596758 61.211277 8.161720 -0.063370 -1.751913 -4.277081 3.549330 5.776206 15.309077 9.412994 3.433882 -1.414362 18.896832 3.955481 -0.419292 -5.093766 -5.038855 0.000180 -0.002800 0.001446 -4.330374 -24.948210 6.088008 1.101751 26.667810 -5.580235 0.677207 3.358716 -3.050316 -0.000093 -0.001333 -0.000843 
-0.833115 0.000000 21.887365 -12.818259 0.000000 0.000000 5.113173 0.627647 -2.246896 -1.396407 1.436902 0.313627 -2.608028 3.041252 0.618306 -2.548619 3.071658 0.578048 2.765681 4.815493 -0.282243 2.763077 7.991179 -1.410066 -1.937819 -0.553168 -18.023909 -30.640934 10.447480 -51.564644 -26.205137 -0.760843 5.552151 -1.581905 5.691134 3.060003 -1.038973 -0.314320 18.402588 21.493959 18.326956 61.257366 7.901472 -0.033377 -1.642215 -4.105200 3.211352 5.362226 15.486685 7.159806 3.720945 -1.435260 23.789883 4.371569 -0.462802 -1.575885 -5.226226 0.000179 -0.002769 0.001396 -4.909433 -23.559948 6.399671 0.987453 26.342855 -5.587360 0.684232 2.337080 -2.808319 -0.000099 -0.001402 -0.000855 
-1.188831 0.000000 23.427719 -12.636738 0.000000 0.000000 5.097805 0.598724 -2.495133 -1.371958 1.465499 0.398650 -2.581602 3.075379 0.786480 -2.539781 3.097304 0.745322 2.651668 5.002791 -0.354460 2.539796 8.156927 -1.389982 -1.782083 -0.512303 -18.044210 -30.152828 10.237886 -52.134590 -25.139351 -0.665965 5.373201 -1.522886 4.940414 3.088769 -1.056626 -0.348734 18.329353 21.018230 18.211550 61.473831 8.019222 -0.008112 -1.520247 -3.825441 2.864301 5.060635 15.566430 4.426692 3.943811 -1.637505 29.270969 4.862808 -0.696289 2.133330 -5.535371 0.000174 -0.002710 0.001321 -5.450168 -21.944464 6.747497 0.999324 25.548700 -5.487758 0.683502 1.439236 -2.303287 -0.000109 -0.001494 -0.000898 
-1.563160 0.000000 25.009882 -12.409434 0.000000 0.000000 5.026706 0.562498 -2.739970 -1.329156 1.506132 0.501469 -2.526073 3.130929 0.998422 -2.498701 3.142403 0.958513 2.378314 5.181639 -0.260902 2.230736 8.292523 -1.422999 -1.706442 -0.468577 -17.905916 -29.757746 10.055998 -52.745441 -24.007038 -0.522142 5.161867 -1.238837 4.185479 2.796318 -1.070843 -0.387092 18.248903 20.676533 18.131628 61.642700 8.248554 -0.004668 -1.434166 -3.519536 2.396131 4.775454 15.638694 1.210518 4.130084 -1.832041 35.353951 5.601147 -0.950836 6.253858 -5.749458 0.000167 -0.002622 0.001200 -6.168149 -20.195503 7.178078 1.110260 24.605762 -5.228869 0.758698 0.409851 -1.532518 -0.000120 -0.001611 -0.000973 
-1.945578 0.000000 26.612335 -12.133745 0.000000 0.000000 5.022643 0.580634 -2.982277 -1.272591 1.532115 0.601375 -2.444291 3.160799 1.191994 -2.429328 3.160956 1.148038 2.040097 5.250684 -0.016285 2.032072 8.399137 -1.527166 -1.674852 -0.435480 -17.735384 -29.509916 10.221204 -53.338966 -22.836863 -0.367577 4.942827 -0.792245 3.750984 2.350522 -1.131424 -0.415986 18.201658 20.335398 17.814316 61.765846 8.473288 0.006603 -1.376882 -3.421155 1.866966 4.623844 15.419244 -2.032318 4.363611 -1.957141 41.201881 5.831709 -1.254477 10.784931 -5.592512 0.000163 -0.002547 0.001117 -6.827143 -18.462864 7.543573 1.116956 23.354252 -4.928617 0.765994 -0.374213 -0.942781 -0.000127 -0.001708 -0.001033 
-2.320912 0.000000 28.246235 -11.820683 0.000000 0.000000 4.921355 0.628495 -3.163485 -1.225431 1.551998 0.701331 -2.370355 3.181437 1.373215 -2.361330 3.171731 1.322168 1.738465 5.311333 0.230531 1.883828 8.481831 -1.645193 -1.660003 -0.399757 -17.602091 -29.197311 10.154389 -53.921062 -21.830828 -0.278199 4.707936 -0.224759 3.687285 1.591372 -1.161256 -0.454402 18.193735 20.240755 17.545721 61.725353 8.823712 -0.021923 -1.428638 -3.260917 1.517458 4.447079 15.049143 -5.358235 4.278001 -1.458142 46.939709 6.571991 -1.213860 14.503546 -5.244413 0.000158 -0.002453 0.001009 -7.184581 -16.817150 7.728209 1.071524 21.887199 -4.566473 0.704072 -0.891126 -0.458623 -0.000136 -0.001829 -0.001128 
-2.679271 0.000000 29.913908 -11.477076 0.000000 0.000000 4.708892 -2.090339 -3.539932 -0.725440 1.962183 1.240030 -1.472857 4.029604 2.455111 -1.540104 4.049486 2.412173 3.125134 7.248538 4.631756 5.973854 9.225863 -7.746142 -2.604250 -0.077532 -15.698479 -33.613537 8.924028 -54.126759 -33.555237 -0.393610 6.555174 0.283095 9.290746 -0.453518 0.607954 -0.857989 17.592684 28.461824 19.120001 60.547451 21.578279 -0.564821 -2.929467 0.593790 6.579755 1.147849 9.157865 -18.320484 3.144344 -5.875948 63.046440 1.899308 -3.515356 9.023000 -6.040573 0.000079 -0.001508 0.000028 -11.029526 -10.724264 10.609162 -2.109253 17.112488 -5.212155 -1.205638 -2.817622 -1.043996 -0.000237 -0.003074 -0.001562 
-3.177391 0.000000 31.719252 -10.893312 0.000000 0.000000 4.083377 -2.095736 -3.502455 -0.609220 1.975953 1.255842 -1.235214 4.051215 2.494250 -1.305153 4.061648 2.459306 3.163862 7.314406 4.365303 5.915777 9.116663 -7.619071 -2.509726 -0.090284 -15.782112 -33.941662 10.030203 -54.321316 -31.781702 -0.320910 6.151692 0.506908 8.839299 -0.758288 0.785157 -0.859325 17.463037 28.601875 19.102144 59.971203 22.477764 -0.541327 -3.163540 0.539344 6.760751 0.978103 9.229903 -20.515203 2.855849 -3.051433 63.426418 4.276524 -2.567976 7.987515 -5.350179 0.000082 -0.001527 0.000032 -10.965352 -9.070719 10.300170 -1.946926 15.943856 -4.840269 -1.230593 -3.553797 -0.425379 -0.000236 -0.003060 -0.001558 
-3.638085 0.000000 33.542007 -10.330587 0.000000 0.000000 3.348760 -2.147468 -3.558890 -0.475895 1.982108 1.292925 -0.960333 4.056848 2.579203 -1.030564 4.060204 2.551876 3.138712 7.368086 4.065688 5.768319 9.011388 -7.457992 -2.304000 -0.094102 -15.866018 -34.201561 11.167666 -54.734848 -30.044037 -0.242782 5.766220 0.697810 8.378777 -1.046896 0.978771 -0.862542 17.328199 28.744471 19.027868 59.314548 23.489826 -0.516897 -3.413205 0.602465 6.821313 0.586065 9.480399 -22.527428 2.501929 -0.110293 63.162514 6.818549 -1.521195 6.912007 -4.265036 0.000083 -0.001535 0.000029 -10.974828 -7.462444 10.030934 -1.751661 14.996071 -4.524986 -1.140941 -4.152755 -0.182967 -0.000236 -0.003051 -0.001562 
-4.070801 0.000000 35.377243 -9.787232 0.000000 0.000000 2.594458 -2.227227 -3.619800 -0.333109 1.979495 1.324587 -0.666765 4.049273 2.655479 -0.733833 4.048728 2.635157 3.137078 7.423137 3.814402 5.685948 8.912237 -7.336464 -2.059415 -0.100241 -15.994694 -34.467293 12.340480 -55.263157 -28.150173 -0.133663 5.346429 0.897444 7.768634 -1.261462 1.210099 -0.865949 17.195801 28.820488 18.645411 58.517555 24.475910 -0.572642 -3.670716 0.703543 7.042721 0.304512 9.721374 -24.595613 2.013646 2.609083 62.375359 9.266191 -0.599963 5.871897 -2.972013 0.000086 -0.001555 0.000048 -11.076728 -5.930169 9.824143 -1.492033 14.291527 -4.337034 -0.999274 -4.673979 -0.131234 -0.000235 -0.003026 -0.001555 
-4.475564 0.000000 37.228401 -9.266337 0.000000 0.000000 1.866694 -2.287177 -3.703982 -0.195219 1.973009 1.347674 -0.391469 4.028683 2.705962 -0.460570 4.020588 2.690054 3.233778 7.504006 3.718745 5.760217 8.862336 -7.334920 -1.844339 -0.093288 -16.163239 -34.504303 13.201665 -55.669415 -26.096279 -0.056167 4.827280 1.117908 7.198410 -1.656298 1.426868 -0.875608 17.064789 28.878159 18.190731 57.820282 25.443626 -0.639775 -3.971009 0.909688 7.351371 -0.096261 9.900002 -26.466114 1.346413 4.865343 60.928711 11.249948 0.185420 4.545046 -1.665249 0.000088 -0.001554 0.000040 -11.252011 -4.502071 9.633007 -1.171578 13.785848 -4.184428 -0.818081 -5.222317 -0.067270 -0.000233 -0.003023 -0.001587 
-4.860411 0.000000 39.091820 -8.771068 0.000000 0.000000 1.295133 -2.294865 -3.877078 -0.073075 1.977243 1.391511 -0.161867 4.025168 2.790040 -0.244952 4.007995 2.778864 3.319613 7.371146 3.738989 5.932450 8.735438 -7.421166 -1.720968 -0.079866 -16.268761 -34.366825 13.776237 -55.916271 -23.984903 0.023914 4.242062 1.358599 6.544732 -2.284498 1.554891 -0.890309 17.011583 28.643923 17.717455 56.968510 26.255260 -0.717135 -4.314388 1.149423 7.491966 -0.511794 9.980660 -27.982988 0.674800 5.786415 58.635757 12.020706 0.669744 3.378469 -0.382224 0.000091 -0.001539 0.000015 -11.492227 -3.317844 9.413475 -0.909944 13.440483 -4.074322 -0.651443 -5.715460 0.043118 -0.000231 -0.003040 -0.001660 
-5.222474 0.000000 40.963558 -8.305330 0.000000 0.000000 0.821530 -2.354391 -4.076625 0.053732 1.986294 1.448300 0.069058 4.041339 2.908270 -0.031842 4.018864 2.904534 3.369147 7.186095 3.723502 6.042347 8.582867 -7.507486 -1.647288 -0.063759 -16.363100 -34.194893 14.299504 -56.075005 -21.912752 0.106257 3.695748 1.652292 5.798634 -2.854444 1.693872 -0.904855 16.970413 28.309715 17.225368 55.988327 26.849524 -0.798537 -4.595372 1.351481 7.588036 -0.869446 10.017591 -29.280487 0.126221 5.847365 55.925255 12.000131 0.999548 2.465288 0.438371 0.000092 -0.001516 -0.000015 -11.835657 -2.089855 9.224985 -0.622396 13.306676 -3.956737 -0.554948 -6.342078 0.231411 -0.000231 -0.003071 -0.001726 
-5.554420 0.000000 42.841324 -7.874351 0.000000 0.000000 0.486377 -2.492016 -4.262358 0.169979 1.999279 1.486132 0.280047 4.062797 2.994334 0.163946 4.037053 2.997328 3.407867 7.033918 3.847162 6.188637 8.524022 -7.702369 -1.654736 -0.050552 -16.397394 -34.072376 14.833715 -56.157001 -19.911097 0.133664 3.268923 2.103059 5.289420 -3.556156 1.829503 -0.925345 16.929493 27.983049 16.633278 54.932095 27.249830 -0.869956 -4.786753 1.497197 7.728054 -1.179213 9.906072 -30.337357 -0.342906 5.320366 52.831551 11.162596 1.140639 1.816749 0.934242 0.000090 -0.001481 -0.000060 -12.246776 -0.700107 9.003844 -0.344519 13.242867 -3.836123 -0.443305 -6.935646 0.452400 -0.000236 -0.003119 -0.001747 
-5.856277 0.000000 44.728199 -7.478167 0.000000 0.000000 0.286006 -2.681200 -4.471971 0.260051 2.011647 1.522330 0.440322 4.096768 3.083134 0.310105 4.074483 3.094171 3.477254 6.940532 4.078071 6.434334 8.501877 -8.070777 -1.780420 -0.050855 -16.333054 -33.821323 15.270960 -56.264938 -18.015285 0.138533 2.895899 2.600325 5.026102 -4.287612 1.968269 -0.942336 16.838346 27.682671 16.054749 53.796417 27.556444 -0.916857 -4.943675 1.581021 7.710217 -1.481909 9.735007 -30.883272 -0.584513 4.348887 48.796803 9.720950 1.044863 1.984149 1.189034 0.000085 -0.001442 -0.000086 -12.480319 0.826578 8.788456 -0.199171 13.110841 -3.764583 -0.364268 -7.617345 0.631243 -0.000242 -0.003160 -0.001763 
-6.131907 0.000000 46.629620 -7.118515 0.000000 0.000000 0.081276 -2.827126 -4.723305 0.366968 1.987976 1.566992 0.636572 4.062545 3.182660 0.493652 4.047748 3.203843 3.663975 6.865846 4.311753 6.802462 8.566454 -8.570977 -1.821765 -0.035084 -16.260674 -33.646278 15.702418 -56.432552 -16.288401 0.108866 2.620761 3.144441 4.927408 -5.037672 2.035280 -0.960856 16.783621 27.366379 15.678796 52.663574 27.820929 -0.898240 -5.071971 1.736247 7.557351 -1.817217 9.675703 -31.040756 -0.898356 3.092594 43.910076 7.974991 0.668229 2.561883 1.356574 0.000079 -0.001388 -0.000096 -12.443166 2.548923 8.501782 -0.115446 12.764328 -3.513144 -0.281911 -8.482690 0.914524 -0.000246 -0.003198 -0.001773 
-6.385385 0.000000 48.542805 -6.795601 0.000000 0.000000 -0.129612 -2.959260 -4.947773 0.486282 1.960168 1.598566 0.861895 4.014027 3.258023 0.705999 4.007457 3.287404 3.982336 6.840181 4.519063 7.293939 8.709717 -9.139394 -1.800255 -0.016095 -16.269217 -33.472172 16.158939 -56.697659 -14.981251 0.087246 2.412809 3.616334 4.989253 -5.646770 2.043293 -0.978675 16.849709 27.010017 15.320039 51.627857 27.985044 -0.870466 -5.214787 1.848604 7.316113 -2.116216 9.506564 -30.916775 -1.152135 2.192210 38.657326 6.520919 0.344501 3.393935 1.094693 0.000075 -0.001344 -0.000093 -12.370453 4.330927 8.254959 -0.019526 12.252044 -3.225713 -0.150974 -9.099426 1.077649 -0.000249 -0.003235 -0.001768 
-6.622458 0.000000 50.474560 -6.511094 0.000000 0.000000 -0.301592 -3.078626 -5.077948 0.582493 1.950311 1.615419 1.041320 4.001948 3.310013 0.874043 3.997878 3.346585 4.350255 6.810883 4.663735 7.814007 8.865756 -9.586380 -1.748643 -0.025379 -16.392941 -33.217415 16.432493 -57.079018 -13.984886 0.075570 2.234395 3.879224 5.226496 -6.089759 2.088555 -0.977047 16.920683 26.665873 14.937860 50.594509 27.894051 -0.838467 -5.383336 1.865052 7.069284 -2.432099 9.219808 -30.487715 -1.519406 1.454165 33.397022 5.369843 0.113121 4.259759 0.359986 0.000077 -0.001329 -0.000053 -12.154175 6.115344 8.075559 0.075106 11.439641 -2.978172 -0.084355 -9.366251 1.276588 -0.000248 -0.003246 -0.001776 
-6.834648 0.000000 52.445179 -6.262570 0.000000 0.000000 -0.367339 -3.163632 -5.088307 0.639834 1.953404 1.608541 1.145208 4.009842 3.306760 0.970903 4.000778 3.347299 4.573136 6.863204 4.918927 8.237763 8.857408 -9.908007 -1.663896 -0.036321 -16.529066 -32.760181 16.354370 -57.635723 -13.203773 0.033491 2.127619 4.001846 5.543496 -6.324726 2.138558 -0.983312 17.007145 26.276310 14.621638 49.646893 27.538229 -0.800209 -5.555090 1.929895 6.725898 -2.807140 8.903242 -29.999626 -1.949921 0.889547 28.372921 4.578744 0.097028 4.833978 -0.916332 0.000079 -0.001305 -0.000018 -11.871517 7.758260 7.829388 0.197776 10.620691 -2.790001 -0.096807 -9.663422 1.500371 -0.000246 -0.003255 -0.001809 
-7.027908 0.000000 54.435654 -6.036265 0.000000 0.000000 -0.374940 -3.192604 -4.963004 0.670852 1.949398 1.569103 1.215617 4.009111 3.228458 1.042944 3.994573 3.264610 4.757171 6.846019 5.227549 8.631147 8.825763 -10.219314 -1.600444 -0.052755 -16.676546 -32.106064 16.154673 -58.235981 -12.764228 -0.006820 2.044402 4.074520 5.679044 -6.413015 2.168567 -0.990724 17.125086 25.779764 14.273272 48.867584 27.104345 -0.769120 -5.747078 1.898825 6.476153 -3.104357 8.846289 -29.489573 -2.582643 0.822733 23.703526 3.944534 0.374156 5.256518 -1.731999 0.000084 -0.001296 0.000022 -11.646667 9.146057 7.486856 0.358673 10.091430 -2.608549 -0.145723 -9.982921 1.703497 -0.000240 -0.003240 -0.001837 
-7.212167 0.000000 56.447411 -5.826634 0.000000 0.000000 -0.502735 -3.205355 -4.815188 0.718126 1.926817 1.515664 1.305859 3.963336 3.120728 1.125548 3.946843 3.150382 4.958228 6.877634 5.427305 8.934169 8.862207 -10.445521 -1.467541 -0.075409 -16.793985 -31.445387 15.928409 -58.772381 -12.526367 -0.061865 2.041711 4.122652 5.971814 -6.523803 2.202249 -0.982209 17.199585 25.364283 14.033010 48.425537 26.931290 -0.758801 -5.905515 1.791915 6.427159 -3.201896 9.182137 -28.970608 -3.479914 1.251168 19.811304 3.918169 0.965449 5.406662 -2.152132 0.000088 -0.001306 0.000063 -11.708887 10.381509 7.092878 0.643711 9.790798 -2.503278 -0.037285 -10.243649 1.951247 -0.000235 -0.003214 -0.001831 
-7.385877 0.000000 58.478607 -5.642051 0.000000 0.000000 -0.551865 -3.152043 -4.652118 0.780113 1.886028 1.458070 1.403327 3.881778 3.004225 1.212018 3.868937 3.030517 5.164555 6.972461 5.609129 9.207669 8.859812 -10.622344 -1.309594 -0.084198 -16.843115 -30.830124 15.682023 -59.198174 -12.365012 -0.115035 2.087349 4.100994 6.276865 -6.525912 2.191492 -0.968811 17.243872 24.997446 13.863496 48.274185 27.117483 -0.775443 -6.037761 1.686272 6.539902 -3.223957 9.701237 -28.339340 -4.397502 1.864927 16.577827 4.103036 1.602687 5.282143 -2.029991 0.000089 -0.001324 0.000107 -12.006138 11.486654 6.684832 0.962012 9.716045 -2.580313 0.035938 -10.277397 2.537772 -0.000233 -0.003192 -0.001805 
-7.549176 0.000000 60.524918 -5.486879 0.000000 0.000000 -0.581494 -3.149740 -4.478354 0.844894 1.838464 1.399301 1.504294 3.795037 2.888548 1.304395 3.787830 2.913086 5.418386 7.127159 5.867737 9.522451 8.931640 -10.894622 -1.094544 -0.085405 -16.886164 -30.098293 15.438774 -59.577881 -12.215756 -0.192820 2.179532 4.049021 6.548979 -6.377759 2.185078 -0.956242 17.307503 24.796808 13.833195 48.264641 27.374765 -0.797344 -6.120145 1.652081 6.748086 -3.323360 10.647925 -27.732834 -5.346474 2.507226 14.573445 4.389660 2.101559 4.883942 -1.508741 0.000089 -0.001339 0.000138 -12.557808 12.615986 6.156075 1.327088 9.857175 -2.681537 0.132987 -10.161736 3.465759 -0.000233 -0.003176 -0.001759 
-7.710739 0.000000 62.579197 -5.360260 0.000000 0.000000 -0.562641 -3.217667 -4.264694 0.901446 1.785897 1.351736 1.593241 3.704128 2.792815 1.390508 3.704244 2.817241 5.704022 7.339003 6.126568 9.874502 9.063286 -11.235646 -0.849846 -0.087894 -16.950226 -29.247887 15.155482 -60.002975 -12.130487 -0.272518 2.289469 3.910140 6.675130 -6.017014 2.156760 -0.935767 17.356878 24.924305 13.829504 48.273472 27.579615 -0.830259 -6.200198 1.625774 6.970587 -3.432340 11.899188 -27.069355 -6.393779 3.059059 13.930002 4.672130 2.335060 4.308389 -0.515779 0.000091 -0.001361 0.000156 -13.318077 13.543599 5.529833 1.527646 10.454156 -2.846341 0.182737 -10.136405 4.399074 -0.000229 -0.003145 -0.001688 
-7.873824 0.000000 64.635262 -5.256260 0.000000 0.000000 -0.579441 -3.295091 -3.949399 0.945994 1.732713 1.289050 1.673009 3.613439 2.667117 1.480683 3.619455 2.694304 5.852395 7.466020 6.351670 10.097384 9.186253 -11.496409 -0.589397 -0.095810 -17.043095 -28.066528 14.676564 -60.371349 -12.065925 -0.329675 2.377321 3.810540 6.488906 -5.548478 2.106903 -0.908231 17.384855 25.151752 13.672314 48.312412 27.617664 -0.862764 -6.300127 1.533388 7.100701 -3.406798 13.088617 -26.382912 -7.462828 3.515642 14.222827 4.928061 2.410121 3.751084 0.503969 0.000094 -0.001388 0.000176 -14.063558 14.004147 4.804030 1.702307 11.623016 -3.039192 0.135734 -10.348078 5.273009 -0.000224 -0.003109 -0.001632 
-8.029473 0.000000 66.698418 -5.169025 0.000000 0.000000 -0.710833 -3.390958 -3.486103 0.995584 1.669458 1.179729 1.772157 3.515155 2.440358 1.597783 3.530915 2.469139 5.909725 7.542242 6.473429 10.162871 9.297779 -11.540033 -0.297813 -0.091601 -17.202374 -26.854818 14.216443 -60.575645 -11.774967 -0.355560 2.373965 3.839615 6.070578 -5.241601 2.024832 -0.879132 17.437775 25.253485 13.450919 48.361866 27.476742 -0.877169 -6.377859 1.407257 7.113854 -3.288182 14.126010 -25.658968 -8.528627 3.867230 14.928071 5.110007 2.548129 3.378123 1.012595 0.000097 -0.001419 0.000194 -14.633374 14.045984 4.026826 1.841901 13.439000 -3.331970 0.060007 -10.565883 5.756042 -0.000219 -0.003074 -0.001597 
-8.180986 0.000000 68.778595 -5.099525 0.000000 0.000000 -3.027406 -3.610081 -3.945611 1.112435 1.878430 1.461471 1.957235 3.757945 3.018808 1.715099 3.733458 3.056722 2.191196 5.707959 5.047905 5.896940 8.688217 -9.033344 0.096790 0.018480 -17.535669 -25.912539 18.710638 -66.739426 -8.971334 0.100749 0.413666 5.006781 7.245568 -9.847276 1.731309 -0.985094 17.704308 23.052940 9.876372 44.828987 23.854477 -0.853725 -6.979466 1.478369 4.031990 -4.675288 12.433372 -26.408888 -6.550959 2.952325 3.717816 4.324959 3.029404 10.001239 0.264220 0.000101 -0.001284 0.000191 -14.557830 16.390532 2.923925 0.409649 9.299520 -3.215607 -0.953188 -10.800355 5.198575 -0.000226 -0.003240 -0.002087 
-8.255627 0.000000 70.628510 -4.866875 0.000000 0.000000 -3.056920 -3.755669 -3.553813 1.123902 1.880742 1.285881 1.975790 3.760723 2.656471 1.746630 3.732681 2.694419 2.194820 5.773267 4.995568 5.775416 8.761212 -8.666553 0.194814 -0.019626 -17.820623 -25.294077 18.026939 -66.648979 -8.886045 0.025481 0.508356 5.049433 7.010364 -9.674441 1.622564 -0.934321 17.820692 23.231977 9.719537 45.178741 24.676592 -0.855214 -7.057413 1.620808 4.180005 -4.849639 13.256049 -26.232965 -7.169704 2.921937 5.184776 4.262147 2.775160 10.289569 0.720470 0.000103 -0.001337 0.000260 -15.406106 16.650661 2.253205 0.700795 10.970163 -3.478771 -0.799444 -10.671999 5.606577 -0.000224 -0.003198 -0.002011 
-8.306801 0.000000 72.493958 -4.649061 0.000000 0.000000 -3.202317 -3.909858 -2.977439 1.132748 1.871327 1.060697 2.006773 3.749146 2.190202 1.797875 3.721560 2.224166 2.338610 5.847415 5.014949 5.844837 8.878916 -8.384442 0.313713 -0.056453 -18.105438 -24.741726 17.317642 -66.457092 -8.875965 -0.071203 0.625631 5.027096 6.962540 -9.490542 1.570170 -0.881690 17.858824 23.357239 9.640323 45.604382 25.291491 -0.853342 -7.074873 1.612365 4.333931 -4.851638 14.136356 -25.976841 -8.005512 2.939511 6.738099 4.219549 2.680809 10.914855 1.328828 0.000105 -0.001394 0.000313 -16.173840 16.589064 1.337437 1.096300 13.039527 -3.759508 -0.599039 -9.992338 5.941113 -0.000222 -0.003151 -0.001924 
-8.338587 0.000000 74.359772 -4.427809 0.000000 0.000000 -3.398072 -4.128685 -2.286339 1.122526 1.867060 0.821971 2.001860 3.762136 1.690613 1.815642 3.734662 1.718028 2.642184 6.118876 5.050018 6.094411 9.003439 -8.183927 0.413047 -0.091122 -18.296793 -24.432068 16.634813 -66.297699 -8.975274 -0.144066 0.710654 4.947240 7.129879 -9.336358 1.587468 -0.833089 17.813873 23.569839 9.643875 46.108013 25.745687 -0.846694 -7.036580 1.452813 4.652964 -4.631312 14.816677 -25.671875 -8.817118 3.153362 8.386245 4.353889 2.806760 11.494249 2.283502 0.000109 -0.001457 0.000353 -16.817064 16.212460 0.245628 1.518147 15.659668 -4.078596 -0.289867 -8.756757 5.922603 -0.000219 -0.003104 -0.001824 
-8.357889 0.000000 76.224899 -4.206149 0.000000 0.000000 -3.548648 -4.339651 -1.583196 1.124593 1.866125 0.601853 2.006594 3.796906 1.232055 1.836553 3.776807 1.251358 2.999898 6.454506 4.993347 6.354934 9.112593 -8.028265 0.463978 -0.117884 -18.432018 -24.535891 15.936542 -66.136726 -9.134791 -0.207925 0.774232 4.892817 7.368802 -9.299459 1.729456 -0.797197 17.700768 23.799133 9.814171 46.683411 26.275112 -0.806858 -6.953786 1.326859 5.051723 -4.400368 14.947691 -25.262827 -9.398265 3.507938 9.896542 4.586490 3.102209 11.703693 3.295389 0.000111 -0.001513 0.000404 -17.423792 15.510068 -0.876902 2.198765 18.533751 -4.346309 0.151520 -6.825579 5.871252 -0.000218 -0.003064 -0.001749 
-8.366134 0.000000 78.088013 -3.991183 0.000000 0.000000 -3.619060 -4.527545 -0.895047 1.141635 1.872762 0.387850 2.034148 3.842953 0.796579 1.875750 3.828277 0.811355 3.253047 6.845893 4.947352 6.479828 9.259788 -7.856374 0.418525 -0.144295 -18.476786 -25.036921 15.292297 -65.830612 -9.359342 -0.250258 0.846794 4.758731 7.568577 -9.249274 1.914918 -0.777445 17.645718 24.238493 10.234455 47.403999 26.744379 -0.754398 -6.889307 1.176651 5.522853 -4.053233 14.761322 -24.690159 -9.844720 3.817978 11.195842 4.941576 3.423722 11.349282 3.860664 0.000113 -0.001562 0.000455 -17.861986 14.326089 -1.876829 2.682379 21.872923 -4.616720 0.620523 -4.273256 5.691814 -0.000218 -0.003032 -0.001704 
-8.367581 0.000000 79.942886 -3.792351 0.000000 0.000000 -3.579088 -4.633399 -0.161484 1.173178 1.909297 0.173596 2.082556 3.939791 0.371999 1.931012 3.926124 0.386503 3.350478 7.066619 4.820529 6.447107 9.348874 -7.657578 0.336321 -0.146041 -18.551641 -25.881239 14.692676 -65.185638 -9.625990 -0.261361 0.910664 4.578742 7.504471 -9.069264 2.152941 -0.801548 17.700874 25.199190 10.792745 48.092113 26.943657 -0.717739 -6.739457 1.183659 6.056672 -3.803625 14.599489 -24.028994 -10.358792 4.063740 12.239262 5.188884 3.450792 10.578028 3.993176 0.000111 -0.001576 0.000463 -18.067896 12.333077 -2.868634 2.766809 25.996971 -4.637433 1.091284 -1.502491 5.371819 -0.000223 -0.003043 -0.001679 
-8.374713 0.000000 81.799683 -3.618605 0.000000 0.000000 -3.476380 -4.658293 0.563866 1.221930 1.942693 -0.034313 2.152232 4.004882 -0.040384 2.007743 3.988325 -0.014569 3.418520 7.282567 4.477108 6.324754 9.259759 -7.276985 0.211174 -0.178498 -18.560492 -26.935173 14.337237 -64.335411 -10.035040 -0.300259 1.050790 4.212863 7.518166 -8.835198 2.402786 -0.823672 17.725040 26.390692 11.252142 48.802853 26.951834 -0.625853 -6.560065 1.208246 6.192085 -3.422459 14.624287 -23.253145 -11.206068 4.240153 13.125673 5.383929 3.324897 9.869869 3.910219 0.000110 -0.001616 0.000499 -18.149242 9.541305 -3.641202 2.824661 31.111361 -4.449685 1.442739 1.261261 5.249228 -0.000222 -0.003001 -0.001617 
-8.395779 0.000000 83.667076 -3.468813 0.000000 0.000000 -3.350235 -4.632029 1.230374 1.235355 1.982675 -0.211856 2.171170 4.047889 -0.409705 2.034908 4.022723 -0.381806 3.497622 7.457572 3.948279 6.080011 9.141146 -6.818017 0.120501 -0.214815 -18.604010 -27.726431 13.871874 -63.443863 -10.677072 -0.292215 1.242281 3.863997 7.191311 -8.363923 2.637923 -0.850075 17.636431 27.736446 11.618039 49.464615 26.932648 -0.568824 -6.489175 1.125782 6.292307 -2.720307 14.572566 -22.486746 -11.859435 4.120346 13.833214 5.221650 3.046077 9.854445 3.730961 0.000114 -0.001672 0.000553 -17.831596 6.658889 -4.370461 3.032966 36.392860 -4.386695 1.656701 4.352783 5.680739 -0.000219 -0.002946 -0.001564 
-8.448179 0.000000 85.514870 -3.323631 0.000000 0.000000 -3.349657 -4.619743 1.969363 1.236328 2.007835 -0.408329 2.188360 4.068497 -0.820310 2.068182 4.038191 -0.798667 3.528103 7.550548 3.325270 5.712460 9.129895 -6.266176 0.067535 -0.244196 -18.628147 -28.260002 13.220622 -62.534573 -11.375769 -0.295554 1.525846 3.673171 6.925616 -7.859713 2.912270 -0.869124 17.483494 28.904202 12.013557 50.148144 27.050594 -0.506336 -6.379441 0.881431 6.839241 -1.911330 14.665331 -21.529978 -12.596654 3.673655 14.401096 4.976245 2.676084 9.628545 3.607030 0.000115 -0.001716 0.000594 -17.011528 3.674455 -5.162530 3.322828 41.714764 -4.443614 1.847540 7.604935 6.170087 -0.000221 -0.002918 -0.001521 
-8.516316 0.000000 87.358673 -3.145962 0.000000 0.000000 -3.464870 -4.625272 2.813426 1.213067 2.029444 -0.635439 2.171080 4.090248 -1.293874 2.076430 4.054612 -1.280094 3.612722 7.607721 2.750884 5.424508 9.136669 -5.714606 0.063705 -0.267324 -18.612030 -28.806198 12.571248 -61.663185 -12.450506 -0.297009 1.877121 3.402698 6.658332 -7.139649 3.182914 -0.879322 17.221981 29.555235 12.325908 50.859261 27.403521 -0.475384 -6.239895 0.582450 7.657976 -0.954844 14.676278 -20.406349 -13.399895 3.176262 14.656691 4.681893 2.270591 9.383412 3.441824 0.000115 -0.001752 0.000608 -15.892352 0.377127 -5.881881 3.633576 47.150208 -4.294882 2.173114 10.830638 6.411309 -0.000222 -0.002892 -0.001466 
-8.590419 0.000000 89.214119 -2.916218 0.000000 0.000000 -3.612909 -4.624105 3.596424 1.173505 2.033515 -0.854782 2.116460 4.084936 -1.754248 2.046170 4.047879 -1.747418 3.754936 7.610842 2.215191 5.245017 9.174079 -5.196233 0.044551 -0.298572 -18.522726 -29.340771 12.064993 -60.816246 -13.908701 -0.330593 2.314433 2.999901 6.289853 -6.292462 3.395075 -0.858420 16.921679 29.931284 12.555780 51.483597 28.100592 -0.436504 -6.152146 0.368747 8.343252 -0.014481 14.418680 -19.282063 -14.035051 2.873550 14.794607 4.399877 1.927794 8.869043 3.369170 0.000116 -0.001811 0.000649 -14.689462 -3.081813 -6.464856 3.887235 52.204052 -4.201589 2.426923 13.346756 6.713979 -0.000221 -0.002837 -0.001375 
-8.670777 0.000000 91.070389 -2.617439 0.000000 0.000000 -3.664741 -4.678049 4.221077 1.113016 2.001732 -1.033381 2.012394 4.025172 -2.127925 1.963586 3.991822 -2.129934 4.028453 7.627889 1.614273 5.173905 9.195554 -4.736290 0.051393 -0.327894 -18.466068 -29.804857 11.746316 -59.919224 -15.742537 -0.344101 2.833889 2.493581 5.652654 -5.324778 3.519717 -0.811609 16.657061 29.999439 12.723676 51.975975 29.011497 -0.439003 -6.140382 0.163221 8.850643 0.948819 14.031251 -18.053108 -14.369442 2.693435 14.958052 3.997653 1.597195 8.306440 3.336114 0.000121 -0.001891 0.000689 -13.376597 -6.406228 -6.804554 3.615828 56.424698 -4.409055 2.442504 14.598728 6.900397 -0.000218 -0.002764 -0.001289 
-8.758762 0.000000 92.914406 -2.238868 0.000000 0.000000 -3.610227 -4.778347 4.700761 1.015566 1.962498 -1.180576 1.827943 3.954496 -2.428018 1.793289 3.923190 -2.436646 4.401342 7.715245 1.240827 5.350869 9.231771 -4.516983 0.070300 -0.353794 -18.487095 -30.319706 11.647401 -58.904423 -17.733727 -0.308902 3.420442 1.889309 4.955481 -4.164055 3.513544 -0.763914 16.485174 29.786009 12.713349 52.264118 30.087227 -0.440372 -6.218926 0.144773 9.201340 1.553161 13.428033 -16.827972 -14.528232 2.649837 15.136696 3.699005 1.388816 7.625509 3.275155 0.000127 -0.001974 0.000726 -12.202277 -9.430705 -7.015910 3.348799 59.768112 -4.656198 2.362421 14.555076 6.655455 -0.000213 -0.002697 -0.001226 
-8.854809 0.000000 94.738258 -1.782442 0.000000 0.000000 -3.428323 -4.863314 4.978379 0.875212 1.908916 -1.271707 1.557369 3.861459 -2.613681 1.531012 3.833777 -2.628169 4.790275 7.757286 1.091696 5.672832 9.359645 -4.484493 0.032618 -0.375401 -18.571535 -30.874342 11.602679 -57.734028 -19.531055 -0.241778 3.984903 1.307841 3.955806 -2.877931 3.382425 -0.723721 16.455278 29.372421 12.436981 52.372372 31.214563 -0.443825 -6.367270 0.230284 9.483564 1.689307 12.842637 -15.728431 -14.522269 2.589382 15.344226 3.516610 1.187764 6.869776 3.345714 0.000134 -0.002043 0.000756 -11.332140 -12.318789 -6.945544 3.229071 62.161983 -4.763376 2.333561 13.578611 6.194045 -0.000207 -0.002642 -0.001163 
-8.969472 0.000000 96.545265 -1.245640 0.000000 0.000000 -3.147109 -4.984261 5.202498 0.712520 1.880887 -1.344775 1.236902 3.803394 -2.763247 1.215394 3.773312 -2.781994 5.116658 7.720919 1.219347 6.046002 9.451475 -4.638298 -0.079122 -0.388182 -18.630302 -31.158724 10.854613 -56.300819 -21.223715 -0.252098 4.516928 0.773341 3.452620 -2.025822 3.190764 -0.703942 16.553679 28.832991 12.065162 52.455559 32.198902 -0.456514 -6.567870 0.453310 9.662120 1.465183 12.320160 -14.603580 -14.500228 2.516867 15.450974 3.446898 1.022542 5.861745 3.674186 0.000136 -0.002057 0.000737 -10.692610 -15.174897 -6.668052 2.990427 63.877171 -5.137283 2.289065 12.268709 5.650990 -0.000206 -0.002645 -0.001178 
-9.098284 0.000000 98.350761 -0.622109 0.000000 0.000000 -2.761549 -5.144202 5.372613 0.535133 1.866912 -1.393138 0.886711 3.766906 -2.859654 0.871528 3.728642 -2.883839 5.313201 7.628944 1.499676 6.373618 9.458489 -4.841035 -0.212394 -0.390875 -18.707085 -31.302799 9.651174 -54.853928 -22.688936 -0.275851 5.003983 0.330465 3.187330 -1.284034 2.946422 -0.695402 16.712418 28.228367 11.764797 52.613079 33.024467 -0.478698 -6.767041 0.743460 9.696029 1.098338 11.848537 -13.443587 -14.486938 2.244580 15.449639 3.386429 0.692458 4.707880 4.071846 0.000137 -0.002043 0.000691 -10.086601 -17.709290 -6.335494 2.514834 64.612305 -5.795721 2.184458 11.077765 5.303383 -0.000205 -0.002668 -0.001224 
-9.243271 0.000000 100.151848 0.097838 0.000000 0.000000 -2.316700 -5.330137 5.523221 0.357998 1.858326 -1.430203 0.524014 3.740088 -2.943837 0.513214 3.696017 -2.976082 5.429585 7.646168 1.830173 6.679367 9.447957 -5.141320 -0.432396 -0.398879 -18.736151 -31.524883 8.225284 -53.495449 -23.961346 -0.284539 5.404490 -0.035266 2.983543 -0.604087 2.607170 -0.683577 16.912361 27.647465 11.487322 52.850456 33.746429 -0.520722 -6.971006 1.057356 9.894485 0.633170 11.347169 -12.247218 -14.477426 1.709978 15.486787 3.277903 0.270771 3.406719 4.322830 0.000137 -0.002010 0.000612 -9.528468 -19.954494 -5.977885 1.798590 64.417145 -6.669753 1.959272 9.876191 4.982984 -0.000204 -0.002695 -0.001283 
-9.404345 0.000000 101.952171 0.921723 0.000000 0.000000 -1.880760 -5.473443 5.583924 0.198384 1.832878 -1.447643 0.211073 3.682882 -2.984246 0.204624 3.636004 -3.023340 5.456580 7.774282 2.153790 6.859741 9.489511 -5.430675 -0.706002 -0.419482 -18.556015 -31.943502 6.872130 -52.308681 -25.085009 -0.303849 5.747251 -0.308454 2.741432 -0.036404 2.311705 -0.677949 17.046091 26.979582 11.258681 53.036198 34.381088 -0.565207 -7.162970 1.356835 10.054584 0.044293 10.933582 -11.023219 -14.428767 1.083739 15.499696 3.087404 -0.225489 1.926430 4.376988 0.000134 -0.001952 0.000523 -9.186038 -21.867863 -5.647973 1.573228 63.231991 -7.022923 1.888624 8.695982 4.742890 -0.000207 -0.002747 -0.001367 
-9.584836 0.000000 103.743294 1.853364 0.000000 0.000000 -1.463997 -5.642295 5.564081 0.044677 1.815749 -1.460436 -0.088218 3.637520 -3.017257 -0.095895 3.586164 -3.057138 5.575838 7.857465 2.545107 7.140202 9.629781 -5.857726 -1.053032 -0.451859 -18.262997 -32.415081 5.667404 -51.244015 -26.330078 -0.281501 6.106868 -0.577426 2.734605 0.589961 2.082141 -0.676511 17.157728 26.381910 11.078692 53.158463 34.962410 -0.610590 -7.316015 1.624542 10.026221 -0.589575 10.448567 -9.857798 -14.287416 0.451257 15.712461 2.931246 -0.713133 0.257237 4.135439 0.000131 -0.001895 0.000443 -8.888427 -23.351997 -5.593761 1.848266 60.958870 -6.894388 1.963374 7.824772 4.544029 -0.000209 -0.002796 -0.001458 
-9.788424 0.000000 105.517532 2.894938 0.000000 0.000000 -4.750425 -4.237631 3.432500 0.475389 1.753632 -0.921824 0.953365 3.526784 -1.806098 0.959131 3.486757 -1.794108 3.743588 7.100609 0.811772 4.246518 8.928548 -3.277415 -0.395768 -0.396530 -17.609270 -31.673096 11.880232 -52.692680 -23.351759 -0.155670 5.009878 0.338534 1.564960 -2.110147 3.187857 -0.700764 17.046368 31.610748 13.127679 53.398361 32.296890 -0.448460 -6.514106 1.174561 7.956401 0.658025 12.953259 -14.978706 -14.367666 3.600649 22.078007 6.058796 1.837687 -1.930017 3.623771 0.000131 -0.001856 0.000738 -11.458098 -22.141382 -5.101619 -11.808131 67.652626 -18.988827 -1.852882 5.262705 4.085271 -0.000198 -0.002810 -0.001504 
-10.046834 0.000000 107.629410 3.995477 0.000000 0.000000 -4.522756 -4.273080 3.771674 0.343297 1.721956 -0.952129 0.714382 3.472584 -1.880852 0.740954 3.439917 -1.870489 4.066457 7.197533 0.795919 4.587311 8.959982 -3.573627 -0.433897 -0.387182 -17.462637 -31.757240 11.341347 -51.852695 -25.338112 -0.091370 5.370696 -0.155640 1.483817 -1.305348 3.168570 -0.709894 17.037140 31.682070 13.647581 53.640770 32.145718 -0.426923 -6.434645 1.223572 7.812868 0.615318 12.427852 -13.635872 -14.318465 2.959565 22.336882 6.000851 1.547284 -3.303739 3.282371 0.000131 -0.001809 0.000678 -11.345506 -24.547165 -4.958403 -12.112186 65.647270 -19.456839 -2.312534 3.598475 2.863477 -0.000197 -0.002831 -0.001568 
-10.337906 0.000000 109.725883 5.218954 0.000000 0.000000 -4.388217 -4.297647 4.013405 0.229698 1.701976 -0.982416 0.501899 3.430712 -1.956676 0.541043 3.399626 -1.950030 4.329777 7.321077 0.869651 4.864810 9.007573 -3.912051 -0.523399 -0.372786 -17.215307 -31.935402 10.774110 -51.278004 -27.545057 -0.123277 5.818664 -0.492494 2.213475 -0.836300 3.167326 -0.726455 17.044865 31.697622 14.197574 53.882748 31.832628 -0.432310 -6.218262 1.282707 7.693297 0.576816 11.909051 -12.400692 -14.185478 2.475292 22.820696 5.957321 1.215173 -4.795097 3.051861 0.000126 -0.001750 0.000631 -11.032388 -26.402332 -5.003631 -10.810068 62.619915 -18.415075 -2.371396 2.505215 2.120104 -0.000202 -0.002870 -0.001605 
-10.655581 0.000000 111.806313 6.567733 0.000000 0.000000 -4.221044 -4.289403 4.214831 0.135419 1.687493 -0.998969 0.305471 3.394849 -2.014559 0.348218 3.364892 -2.014602 4.501191 7.358903 1.132228 5.150318 9.083026 -4.276055 -0.647756 -0.365858 -16.967934 -32.265411 10.278378 -50.952007 -30.032412 -0.118817 6.285956 -0.861266 3.387493 -0.505202 3.150548 -0.735289 17.096737 31.782654 14.910534 54.091183 31.405748 -0.443276 -6.011503 1.266662 7.402596 0.553144 11.232914 -11.235996 -13.958526 2.012101 23.318272 5.823661 0.762601 -6.500659 2.836557 0.000120 -0.001704 0.000613 -10.680098 -27.651281 -5.343635 -8.463322 58.409874 -16.149334 -2.225458 2.016142 2.269286 -0.000208 -0.002905 -0.001652 
-10.997085 0.000000 113.861229 8.047128 0.000000 0.000000 -3.944330 -4.233086 4.323211 0.036595 1.667193 -0.997578 0.109926 3.351311 -2.037844 0.151670 3.322903 -2.049415 4.590512 7.265186 1.467281 5.415195 9.143831 -4.645045 -0.772873 -0.348516 -16.704592 -32.818340 9.883328 -50.782612 -32.581398 -0.117018 6.792329 -1.138758 4.763262 -0.398483 3.108793 -0.751806 17.118420 31.800257 15.622080 54.344734 30.939085 -0.459770 -5.846148 1.202408 7.173108 0.624747 10.424095 -10.280030 -13.600928 1.436378 23.809948 5.487281 0.221416 -7.825260 2.633931 0.000112 -0.001665 0.000607 -10.348243 -28.505018 -5.566941 -5.983857 53.589348 -13.826377 -1.871280 1.769029 2.997821 -0.000215 -0.002943 -0.001715 
-11.364138 0.000000 115.888741 9.662919 0.000000 0.000000 -3.519273 -4.146264 4.252712 -0.054907 1.635888 -0.985198 -0.061756 3.307853 -2.029042 -0.021189 3.282542 -2.053325 4.562870 7.121396 1.863165 5.548031 9.164935 -5.037786 -1.044482 -0.342725 -16.408571 -33.589069 9.505680 -50.623039 -34.977081 -0.135348 7.252807 -1.267431 5.806471 -0.493543 2.962942 -0.762230 17.182821 31.598984 16.216904 54.782043 30.777687 -0.476362 -5.791294 1.162738 7.134301 0.559533 9.450274 -9.538830 -13.107153 0.797881 24.442928 5.155851 -0.281629 -8.881016 2.506454 0.000105 -0.001635 0.000586 -9.802271 -28.967991 -5.733560 -3.581769 48.253674 -11.541530 -1.274448 1.545597 3.651867 -0.000222 -0.002972 -0.001743 
-11.757411 0.000000 117.882523 11.415290 0.000000 0.000000 -3.086572 -4.074993 3.944888 -0.169140 1.619633 -0.940005 -0.285270 3.291143 -1.950220 -0.243087 3.269403 -1.983810 4.668076 6.979472 2.140110 5.732852 8.987931 -5.413788 -1.228521 -0.333163 -16.098375 -34.435482 9.102154 -50.167015 -37.186462 -0.119008 7.536069 -1.441208 6.418283 -0.378257 2.933057 -0.781591 17.287588 31.417898 17.028002 55.376053 31.057308 -0.528564 -5.729419 1.140142 7.241306 0.501895 8.197529 -8.814924 -12.241331 -0.028676 24.843918 4.622731 -0.714048 -9.329262 2.311309 0.000098 -0.001608 0.000575 -8.590761 -28.611160 -6.106547 -0.897859 41.907677 -9.316959 -0.558177 1.992916 4.373001 -0.000229 -0.002983 -0.001738 
-12.177153 0.000000 119.856667 13.305916 0.000000 0.000000 -2.703409 -4.058644 3.585461 -0.287656 1.625995 -0.867863 -0.507135 3.298387 -1.822756 -0.462855 3.273929 -1.866194 4.748327 6.738538 2.449866 5.891833 8.945582 -5.843742 -1.525481 -0.340539 -15.745697 -35.249058 8.724897 -49.574406 -39.461437 -0.130373 7.684095 -1.471221 7.008164 -0.593984 2.781967 -0.782882 17.364187 31.315668 17.856895 56.005615 31.703175 -0.580048 -5.642945 1.032977 7.404583 0.667061 6.907995 -8.240197 -11.296151 -1.016195 25.625011 4.077913 -1.159521 -9.953434 1.846021 0.000095 -0.001593 0.000542 -6.597150 -27.531389 -6.929725 2.316546 34.802910 -6.770994 0.806484 2.872094 5.357293 -0.000232 -0.002993 -0.001721 
-12.621101 0.000000 121.809700 15.339059 0.000000 0.000000 -2.383576 -4.138179 3.169779 -0.415948 1.679129 -0.776606 -0.754170 3.393361 -1.649936 -0.707544 3.362058 -1.698793 4.783576 6.428053 2.771883 6.002591 8.909096 -6.415423 -1.795826 -0.327996 -15.478412 -35.958115 8.284657 -49.129841 -41.699986 -0.109938 7.889603 -1.395292 7.750160 -0.897618 2.698209 -0.808886 17.386515 31.407059 18.439339 56.719906 32.261253 -0.618768 -5.500065 1.041009 7.729218 0.929822 5.464928 -7.422468 -10.407836 -2.146925 25.872137 3.581081 -1.517731 -10.655176 1.404721 0.000092 -0.001553 0.000509 -3.667910 -26.237806 -8.228926 5.362340 27.923246 -4.332725 2.640123 4.421748 6.282371 -0.000236 -0.003036 -0.001764 
-13.089010 0.000000 123.755013 17.524410 0.000000 0.000000 -1.975284 -4.281400 2.708584 -0.567417 1.722322 -0.681583 -1.032548 3.466059 -1.455115 -0.983599 3.425842 -1.506612 4.767220 6.096414 3.250162 6.103207 8.874123 -7.002903 -1.951151 -0.288924 -15.252269 -36.569653 8.080447 -49.182487 -43.988934 -0.127177 8.082859 -1.245104 8.672842 -1.384503 2.563896 -0.860898 17.403553 31.348839 18.838459 57.143497 32.502090 -0.617858 -5.332371 1.093691 8.123699 1.127870 3.843765 -6.752102 -9.523787 -3.482199 26.293400 3.020661 -2.169129 -11.436311 1.245023 0.000087 -0.001501 0.000495 0.753246 -24.361942 -10.015144 8.051681 21.700243 -2.489744 4.287289 5.528660 6.684354 -0.000241 -0.003083 -0.001833 
-13.583824 0.000000 125.671066 19.879990 0.000000 0.000000 -1.538601 -4.562999 2.234327 -0.739978 1.771999 -0.588159 -1.340904 3.559413 -1.260265 -1.287079 3.511360 -1.314603 4.589623 5.970552 3.813135 6.174743 8.749393 -7.514716 -2.139170 -0.273112 -15.029038 -36.914650 8.062459 -49.521587 -46.082691 -0.119800 8.175799 -1.198762 9.403963 -1.815569 2.394663 -0.887167 17.454231 31.210978 19.142223 57.347626 32.529068 -0.625958 -5.249575 0.987318 8.570025 1.331274 2.205162 -6.238311 -8.795732 -4.927208 27.139633 2.537020 -2.990956 -12.315532 1.018229 0.000083 -0.001460 0.000522 5.772353 -22.065336 -12.077774 10.083166 16.651291 -0.683165 5.920497 6.523670 6.879630 -0.000243 -0.003113 -0.001914 
-14.111543 0.000000 127.553574 22.407160 0.000000 0.000000 -1.074847 -4.947691 1.653063 -0.909751 1.858805 -0.492619 -1.659730 3.735791 -1.050902 -1.612453 3.674690 -1.104387 4.506290 6.006164 4.338522 6.396840 8.536433 -8.018738 -2.425140 -0.270045 -14.760553 -37.280910 7.959301 -50.026176 -47.423607 -0.064584 8.178026 -1.355874 9.757494 -1.824479 2.215626 -0.901162 17.498276 30.973427 19.084696 57.495438 32.600082 -0.661635 -5.223253 0.843937 9.362853 1.539913 0.691763 -5.988415 -7.909184 -6.358059 28.582188 2.123072 -3.728781 -13.448836 0.425748 0.000084 -0.001441 0.000561 10.247325 -19.729513 -13.824142 11.530759 12.601623 1.228963 7.451506 7.613079 6.962846 -0.000242 -0.003129 -0.002006 
-14.650814 0.000000 129.396683 25.095146 0.000000 0.000000 -0.835178 -5.188152 0.990145 -1.024981 1.882074 -0.363610 -1.885408 3.802381 -0.775816 -1.851699 3.740979 -0.832907 4.687848 6.149086 4.529295 6.765455 8.386934 -8.529328 -2.580534 -0.289584 -14.658323 -37.708138 7.916839 -50.521835 -48.250763 0.141358 8.086661 -1.348279 10.013612 -1.692392 2.043333 -0.889529 17.454363 30.730743 18.818737 57.705757 32.815876 -0.689313 -5.286715 0.745793 9.850875 1.581374 -0.559125 -6.303453 -6.807007 -7.680403 30.109068 1.769424 -4.327398 -14.791426 -0.525011 0.000087 -0.001421 0.000605 13.298031 -18.126196 -15.110103 12.824651 10.959204 2.682863 8.675766 8.564614 8.534833 -0.000241 -0.003145 -0.002098 
-15.177983 0.000000 131.187973 27.915699 0.000000 0.000000 -0.728300 -5.280561 0.269489 -1.084775 1.861639 -0.244221 -2.027611 3.782826 -0.539353 -2.007499 3.730482 -0.598642 4.856667 6.521901 4.942664 7.308453 8.317878 -8.888867 -2.626074 -0.286970 -14.600427 -38.258507 7.986751 -50.656612 -48.665390 0.206826 8.017380 -1.340933 10.510926 -1.691327 1.863826 -0.865865 17.505871 30.314451 18.599100 58.095039 33.127586 -0.726325 -5.488892 0.711020 9.927625 1.416999 -1.221733 -7.288589 -5.459995 -8.502909 32.266277 1.552460 -4.685517 -15.842232 -1.294897 0.000090 -0.001382 0.000620 13.943112 -17.415953 -15.245429 14.677427 11.746018 3.701032 9.459682 8.772875 12.647953 -0.000236 -0.003165 -0.002191 
-15.685642 0.000000 132.931335 30.850309 0.000000 0.000000 -0.473161 -5.386321 -0.287995 -1.117643 1.883629 -0.129644 -2.151936 3.834245 -0.368005 -2.168380 3.796438 -0.439262 5.160420 6.744707 5.723229 8.250768 8.453946 -9.618553 -2.740172 -0.305324 -14.727168 -38.549030 7.879704 -50.445911 -49.250202 0.275679 8.143065 -1.344704 11.164604 -1.391989 1.385744 -0.804780 17.858181 30.183235 18.560102 58.492447 33.283306 -0.701501 -5.606297 0.791459 9.540969 0.909305 -2.280037 -8.645349 -3.897268 -9.228113 35.473274 1.115118 -4.983550 -16.959379 -1.555112 0.000094 -0.001346 0.000630 12.403805 -17.151363 -14.628586 15.828686 14.025192 4.272924 9.721515 8.400593 16.349316 -0.000232 -0.003174 -0.002204 
-16.197630 0.000000 134.604050 33.887024 0.000000 0.000000 0.002003 -5.386051 -0.817827 -1.124463 1.950014 -0.018647 -2.260768 3.959548 -0.201736 -2.331509 3.927132 -0.284475 5.402404 6.846511 6.607646 9.106681 8.474755 -10.434464 -2.890421 -0.305217 -14.853556 -39.287529 7.639645 -50.618393 -49.678207 0.457627 8.247270 -1.533255 11.783591 -1.016268 0.941796 -0.774533 18.294350 29.949657 18.637514 58.995968 33.554123 -0.798147 -5.700855 0.984948 9.501777 0.402778 -3.911994 -9.766715 -2.265321 -10.277678 38.314983 0.459928 -5.567156 -17.706751 -1.301836 0.000095 -0.001282 0.000636 10.153542 -17.313862 -13.693303 15.796301 16.881586 4.439118 9.121786 6.516277 18.926805 -0.000232 -0.003219 -0.002279 
-16.712978 0.000000 136.228668 37.006386 0.000000 0.000000 0.485422 -5.167751 -1.597615 -1.117900 1.974956 0.095485 -2.298277 4.008789 0.012628 -2.407389 3.987293 -0.076845 5.669446 6.880715 7.489822 9.879069 8.433905 -10.997289 -2.988032 -0.305301 -14.880690 -40.151344 7.648274 -51.232346 -49.470322 0.562994 8.351008 -1.698288 12.056689 -0.734630 0.571997 -0.744386 18.721527 29.968342 18.561626 59.761993 33.469524 -0.856965 -5.702720 1.073825 9.037490 0.069771 -5.532869 -10.747529 -0.401048 -11.107535 40.598438 -0.364081 -6.321394 -17.263283 -0.482859 0.000098 -0.001269 0.000732 7.358225 -18.114994 -11.894203 15.186486 20.511236 3.807561 7.694008 2.955906 19.627148 -0.000230 -0.003216 -0.002372 
-17.222969 0.000000 137.805527 40.213581 0.000000 0.000000 0.917445 -4.742137 -2.669758 -1.127290 1.987770 0.280610 -2.358974 4.010836 0.401970 -2.509634 3.986980 0.313199 5.993329 6.699488 8.228996 10.669033 8.358209 -11.692411 -3.024238 -0.303051 -14.876939 -41.068729 7.569342 -52.117767 -48.510983 0.513302 8.454207 -1.790873 11.661485 -0.286780 0.372673 -0.734356 19.037535 30.074511 18.337473 60.213146 32.496479 -0.788617 -5.684862 1.247273 7.917970 -0.166959 -6.848767 -11.876723 1.799771 -11.812590 42.795246 -1.165065 -7.089911 -16.859821 0.095267 0.000102 -0.001274 0.000893 4.412487 -18.279425 -9.635104 14.206749 22.998205 2.795816 6.176174 -0.107329 20.178516 -0.000227 -0.003208 -0.002495 
-17.731016 0.000000 139.312042 43.526131 0.000000 0.000000 1.453382 -4.255118 -3.872500 -1.136272 2.010652 0.498902 -2.396649 4.016521 0.861802 -2.577576 3.986861 0.775197 6.275827 6.512489 9.054150 11.474467 8.307034 -12.627288 -3.214675 -0.299070 -14.888927 -42.169205 7.393561 -52.812325 -46.706093 0.329206 8.437883 -1.658415 10.735979 -0.177508 0.206238 -0.745343 19.294804 30.286207 18.133474 60.381786 30.900423 -0.706795 -5.570092 1.414617 6.832792 -0.444611 -7.881678 -13.349072 4.038605 -12.456655 45.115757 -1.785216 -7.672424 -16.507021 0.103305 0.000103 -0.001247 0.000994 1.495426 -18.112625 -7.421260 13.167231 24.737957 1.900304 4.838984 -2.331215 20.476068 -0.000226 -0.003246 -0.002625 
-18.239132 0.000000 140.740112 46.952824 0.000000 0.000000 2.124146 -3.655237 -5.032342 -1.146116 2.049973 0.718239 -2.433550 4.056255 1.323514 -2.640763 4.020168 1.239135 6.363893 6.345943 9.961271 12.199202 8.118855 -13.649697 -3.530185 -0.289867 -14.928667 -43.159653 7.211728 -53.338341 -44.631062 0.259738 8.342490 -1.375142 9.765845 -0.218109 0.039526 -0.770012 19.566036 30.565062 17.999094 60.208546 29.086113 -0.601314 -5.434537 1.648742 5.633594 -0.860129 -8.757233 -14.878977 5.837764 -12.460298 46.951782 -1.847308 -7.956450 -16.478449 0.078600 0.000098 -0.001173 0.001014 -1.115591 -17.771975 -5.515240 12.194590 25.940561 1.095313 3.828014 -3.543216 20.774935 -0.000230 -0.003329 -0.002741 
-18.742714 0.000000 142.091904 50.494373 0.000000 0.000000 1.180999 -5.144822 -1.334080 -0.904900 1.974276 0.183975 -1.959971 4.019638 0.240095 -2.160160 4.010984 0.186341 4.591136 7.873862 7.531218 8.687839 7.732075 -10.898680 -4.245570 -0.278694 -15.024013 -48.432755 5.842007 -53.229282 -47.267162 0.239866 8.445413 -0.988489 11.962841 -1.898286 0.631000 -0.895248 19.302126 29.600382 17.341648 57.094955 23.312464 -0.379069 -4.773994 2.021244 3.238328 -2.590354 -10.304398 -12.448089 0.565530 -18.221607 35.642944 -5.687168 -10.913069 -12.427303 -1.674441 0.000062 -0.000950 0.000814 6.376157 -14.254295 -9.547317 14.664434 19.541662 3.338864 8.663202 1.898580 14.562941 -0.000254 -0.003480 -0.002660 
-19.073612 0.000000 143.586014 54.034706 0.000000 0.000000 1.531257 -4.641704 -2.165684 -0.751355 1.974590 0.356420 -1.698292 3.985805 0.597972 -1.932363 3.974419 0.543180 5.023483 7.849216 8.114338 9.540467 7.628309 -11.744241 -4.265868 -0.285893 -15.159541 -49.291859 5.688046 -53.840126 -45.983810 0.193566 8.616460 -0.846050 11.624271 -1.843080 0.645901 -0.906124 19.570700 30.038797 17.269274 57.327824 21.783291 -0.338251 -4.465961 2.194713 2.153917 -2.802481 -11.492477 -13.598974 2.452615 -19.571863 36.571426 -6.940460 -11.468958 -12.422464 -2.947799 0.000056 -0.000897 0.000889 3.661235 -13.715162 -8.069632 13.441172 19.759140 2.452773 7.797153 1.254593 14.399204 -0.000259 -0.003521 -0.002731 
-19.434500 0.000000 145.017227 57.670235 0.000000 0.000000 1.766671 -4.089097 -3.016709 -0.600107 1.954423 0.549111 -1.436496 3.911045 1.005786 -1.695714 3.896606 0.954327 5.398613 7.677758 8.676752 10.315882 7.616635 -12.666729 -4.183465 -0.285928 -15.346812 -49.879097 5.643159 -54.395554 -44.206009 0.179804 8.617247 -0.630164 10.967275 -1.805175 0.768751 -0.943364 19.812824 30.866056 17.388876 57.399990 20.060083 -0.291524 -4.131017 2.317811 1.126361 -2.803115 -12.651815 -14.872362 4.135019 -20.806376 37.455265 -8.116825 -11.822608 -12.576458 -4.393548 0.000050 -0.000841 0.000945 1.133061 -13.112542 -6.460808 12.064397 19.809755 1.519190 6.814878 0.659203 14.042285 -0.000263 -0.003559 -0.002781 
-19.807314 0.000000 146.389465 61.390297 0.000000 0.000000 1.940762 -3.494039 -3.844585 -0.417224 1.921403 0.749935 -1.111296 3.811668 1.436979 -1.393523 3.799295 1.389502 5.809577 7.435343 9.277585 11.177193 7.705168 -13.680294 -4.070016 -0.283009 -15.522861 -50.228180 5.662810 -54.854374 -42.159710 0.145084 8.540543 -0.403909 10.250602 -1.756370 0.896438 -0.975413 19.930357 31.700068 17.784351 57.488270 18.429466 -0.227305 -3.825684 2.364618 0.197194 -2.641816 -13.652318 -16.005798 5.745835 -21.644505 38.084740 -8.995080 -11.943785 -12.859620 -6.022148 0.000047 -0.000801 0.000990 -1.152747 -12.327320 -5.030539 10.662267 19.452312 0.687485 5.802327 0.016247 13.921560 -0.000265 -0.003577 -0.002836 
-20.184042 0.000000 147.698761 65.185600 0.000000 0.000000 1.928515 -2.907122 -4.581606 -0.226421 1.906357 0.937167 -0.744327 3.748208 1.843680 -1.037572 3.740523 1.799816 6.228664 7.307273 9.683119 11.974850 7.731476 -14.493768 -3.941477 -0.294021 -15.721693 -50.282009 5.813599 -55.251442 -39.950726 0.086813 8.365588 -0.245619 9.396051 -1.479322 1.095375 -0.996467 19.944902 32.557507 18.440722 57.594666 16.990627 -0.165730 -3.501796 2.120089 -0.367007 -2.143322 -14.073453 -17.013018 7.002067 -21.841799 38.595669 -9.333669 -11.710665 -13.231959 -7.604344 0.000048 -0.000792 0.001027 -3.071872 -11.423952 -3.887826 9.246639 18.538687 -0.000891 4.937474 -0.373977 13.793502 -0.000262 -0.003567 -0.002852 
-20.554787 0.000000 148.944305 69.041801 0.000000 0.000000 1.797539 -2.310675 -5.127357 -0.041229 1.897771 1.075707 -0.363247 3.700491 2.144277 -0.653847 3.694450 2.105768 6.710390 7.244677 10.024125 12.775756 7.730643 -15.189694 -3.775823 -0.321025 -15.924743 -50.147648 6.233112 -55.547161 -37.898239 0.020364 8.108462 -0.137324 8.606424 -1.283664 1.355723 -1.002568 19.873390 33.474167 19.290649 57.735096 15.745537 -0.108830 -3.176404 1.582889 -0.608564 -1.296098 -13.860684 -18.092333 7.762860 -21.082157 38.997536 -9.012794 -11.121600 -13.286101 -8.536122 0.000053 -0.000816 0.001079 -5.088640 -10.539714 -2.893435 7.691092 17.572699 -0.588179 4.069377 -0.978886 13.276442 -0.000256 -0.003523 -0.002838 
-20.921301 0.000000 150.123901 72.947762 0.000000 0.000000 1.703395 -1.671575 -5.502844 0.121223 1.885585 1.183564 -0.016558 3.653275 2.373717 -0.297875 3.652314 2.338823 7.330164 7.257614 10.253137 13.633100 7.785563 -15.841585 -3.600028 -0.349503 -16.056406 -49.927380 6.845010 -55.909439 -36.164062 -0.032256 7.814272 -0.093864 8.037210 -1.127806 1.634827 -0.995677 19.692640 34.385334 20.250109 57.813469 14.777514 -0.054054 -2.870437 0.964857 -0.339801 -0.302421 -12.864810 -19.199108 7.952875 -19.625364 39.217209 -7.998671 -10.290841 -13.082411 -8.818237 0.000060 -0.000853 0.001126 -7.264511 -9.752384 -1.889470 5.900660 16.727982 -1.213538 3.059740 -1.726905 12.507341 -0.000248 -0.003461 -0.002793 
-21.287918 0.000000 151.242188 76.895737 0.000000 0.000000 1.646368 -1.040714 -5.747776 0.256169 1.862627 1.269437 0.278385 3.593790 2.549469 0.010463 3.603619 2.514164 8.000862 7.390740 10.336774 14.438531 7.854626 -16.395716 -3.402518 -0.364486 -16.125368 -49.652061 7.578350 -56.270874 -34.458324 -0.062239 7.483418 -0.011774 7.585064 -1.011907 1.887528 -0.979141 19.422060 35.235168 21.424839 58.025425 14.243022 -0.011049 -2.629354 0.349997 0.324575 0.798120 -11.275805 -20.305183 7.625202 -17.447069 39.345119 -6.384725 -9.164921 -12.948751 -8.543437 0.000067 -0.000888 0.001146 -9.490832 -9.141932 -0.836385 4.063984 16.211945 -1.950356 1.842453 -2.572083 12.038066 -0.000240 -0.003405 -0.002733 
-21.644865 0.000000 152.296692 80.869530 0.000000 0.000000 1.557614 -0.446511 -5.846299 0.385523 1.823678 1.321001 0.561767 3.509453 2.655128 0.313031 3.530726 2.619243 8.639298 7.471235 10.315990 15.154657 7.951200 -16.856674 -3.156183 -0.365429 -16.177769 -49.250294 8.395432 -56.455849 -32.605076 -0.063725 7.155025 0.152505 7.091104 -0.937255 2.066941 -0.958337 19.139910 35.979477 22.658726 58.441574 14.192718 0.026973 -2.481043 -0.150888 1.242724 1.839396 -9.210258 -21.288927 7.026475 -14.602157 39.382561 -4.308842 -7.942522 -12.988131 -7.576353 0.000073 -0.000917 0.001141 -11.578752 -8.526099 0.053710 2.290066 15.762317 -2.683085 0.555982 -3.435647 11.882236 -0.000232 -0.003354 -0.002678 
-21.987013 0.000000 153.287781 84.841576 0.000000 0.000000 1.453758 0.093415 -5.855092 0.487355 1.769312 1.349615 0.786434 3.400292 2.721007 0.555640 3.432472 2.689344 9.035839 7.517551 10.407425 15.619756 8.030025 -17.221802 -2.867656 -0.355737 -16.231165 -48.487137 9.068945 -56.425938 -30.630730 -0.011294 6.875934 0.417135 6.590984 -0.859813 2.153279 -0.942298 18.940693 36.722649 23.918983 58.990456 14.527501 0.027030 -2.415128 -0.433664 2.199763 2.605757 -6.990873 -22.210569 6.351581 -11.485091 39.460758 -2.131027 -6.591550 -13.058725 -6.296846 0.000075 -0.000920 0.001103 -13.760150 -7.692881 0.778655 0.603618 15.148857 -3.269228 -0.635370 -3.964906 11.946336 -0.000228 -0.003333 -0.002668 
-22.306232 0.000000 154.210846 88.795280 0.000000 0.000000 1.434806 0.537468 -5.767990 0.558058 1.699959 1.347193 0.935373 3.261468 2.725718 0.716354 3.299627 2.699683 9.263678 7.600575 10.517490 15.882824 8.103129 -17.417671 -2.569747 -0.353147 -16.312181 -47.429054 9.602520 -56.123871 -28.461884 0.077906 6.670075 0.769535 6.033344 -0.742846 2.157283 -0.919803 18.786148 37.405830 25.088051 59.508205 15.080445 0.020790 -2.440073 -0.561874 3.181726 3.128233 -4.820733 -22.967260 5.661432 -8.706981 39.325691 -0.210643 -5.311159 -13.260816 -5.179773 0.000075 -0.000903 0.001057 -15.964001 -6.652804 1.199108 -0.829445 14.310818 -3.792312 -1.769400 -4.100284 12.292692 -0.000226 -0.003329 -0.002697 
-22.600761 0.000000 155.063019 92.714851 0.000000 0.000000 1.425883 0.893410 -5.641001 0.591159 1.625024 1.328329 1.005652 3.112077 2.687568 0.796072 3.153809 2.661752 9.341996 7.678993 10.608822 15.953075 8.175488 -17.450592 -2.275560 -0.347508 -16.447910 -46.033741 9.850778 -55.599812 -26.079649 0.153187 6.515232 1.167431 5.246014 -0.393999 2.133469 -0.899542 18.650208 37.823227 25.988321 59.787735 15.675547 0.027426 -2.535306 -0.631688 4.276441 3.422316 -2.524949 -23.595264 4.965593 -6.256683 38.880924 1.433857 -4.015315 -13.282469 -4.516252 0.000073 -0.000881 0.000987 -18.106134 -5.676629 1.552745 -2.006025 13.619068 -4.283700 -2.871932 -4.339663 12.832823 -0.000225 -0.003326 -0.002726 
-22.867540 0.000000 155.843201 96.584702 0.000000 0.000000 1.435320 1.164879 -5.487710 0.591024 1.558955 1.286205 1.014374 2.975529 2.603793 0.817410 3.015363 2.579617 9.251333 7.725006 10.727818 15.844421 8.281748 -17.366634 -2.010882 -0.338074 -16.592514 -44.293007 9.803022 -54.880337 -23.703629 0.238804 6.408774 1.548568 4.254668 0.109789 2.020125 -0.882162 18.562517 37.724712 26.592081 59.805645 16.376793 0.005400 -2.727468 -0.621879 5.159530 3.389042 -0.144641 -24.063087 4.315157 -4.036242 38.069767 3.011464 -2.722591 -13.166213 -4.101641 0.000070 -0.000851 0.000903 -20.137461 -4.849939 1.945433 -2.986171 13.242944 -4.732977 -3.828700 -4.640065 13.367716 -0.000226 -0.003338 -0.002768 
-23.106802 0.000000 156.556381 100.398422 0.000000 0.000000 1.490035 1.360020 -5.278402 0.572093 1.488251 1.241137 0.983887 2.836117 2.522698 0.799755 2.865668 2.503744 9.073561 7.668779 10.917134 15.660102 8.532909 -17.294847 -1.798834 -0.325221 -16.723827 -42.351345 9.461370 -54.022953 -21.451342 0.328458 6.314336 1.899477 3.181193 0.698669 1.841283 -0.871311 18.515579 37.105450 26.834524 59.429897 16.816124 -0.025286 -2.913558 -0.619009 5.329043 3.093469 2.221653 -24.351639 3.814544 -2.025351 36.935890 4.526555 -1.462211 -12.946006 -3.876955 0.000068 -0.000815 0.000796 -22.085785 -4.188031 2.383245 -3.890919 13.213220 -5.227260 -4.658257 -4.588134 13.571325 -0.000227 -0.003347 -0.002802 
-23.330400 0.000000 157.201797 104.149559 0.000000 0.000000 1.464554 1.525144 -5.047637 0.535127 1.425969 1.193333 0.909968 2.718515 2.437647 0.735159 2.738394 2.423792 8.971374 7.601489 11.058797 15.483845 8.772803 -17.258015 -1.591531 -0.298956 -16.779169 -40.260040 8.882291 -53.178474 -19.446041 0.404559 6.252269 2.133766 1.974413 1.425128 1.708442 -0.875833 18.488352 36.137646 26.748795 58.653091 16.969158 -0.037825 -3.072920 -0.600823 5.186745 2.589374 4.576427 -24.549194 3.337085 -0.208622 35.568676 5.867224 -0.400634 -12.549018 -3.474147 0.000064 -0.000779 0.000713 -23.824377 -3.756924 2.715266 -4.716208 13.475756 -5.754111 -5.384888 -4.321882 13.571202 -0.000230 -0.003365 -0.002832 
-23.545364 0.000000 157.781326 107.833801 0.000000 0.000000 1.316402 1.642708 -4.801582 0.504546 1.383793 1.142085 0.846114 2.644532 2.344817 0.678165 2.656129 2.336803 8.987700 7.607856 11.163726 15.367976 9.026607 -17.253927 -1.391419 -0.266808 -16.792242 -38.208351 8.242854 -52.323158 -17.733538 0.395892 6.278279 2.278958 0.846816 2.220496 1.679880 -0.888968 18.412676 34.957916 26.401075 57.603287 16.734127 -0.022594 -3.146220 -0.593228 5.033927 2.004324 6.945638 -24.574844 2.782964 1.631148 33.966167 7.083328 0.595216 -12.152452 -2.691463 0.000058 -0.000748 0.000655 -25.419991 -3.560187 2.949238 -5.514331 14.018279 -6.294079 -6.095425 -3.856305 13.626615 -0.000237 -0.003388 -0.002807 
-23.759491 0.000000 158.301025 111.451530 0.000000 0.000000 1.058317 1.701521 -4.574438 0.490695 1.357665 1.095204 0.808441 2.599066 2.252223 0.640741 2.603753 2.249432 9.124314 7.645932 11.269062 15.405359 9.233975 -17.349216 -1.214653 -0.233845 -16.729221 -36.416191 7.533163 -51.504456 -16.156292 0.327854 6.381675 2.395166 -0.322290 2.987047 1.718478 -0.904243 18.296806 33.688583 25.898001 56.392216 16.112202 0.002200 -3.132883 -0.521622 4.913984 1.362032 9.096199 -24.422531 2.203905 3.231149 32.172081 8.058947 1.439917 -11.655854 -1.482237 0.000049 -0.000702 0.000609 -26.904024 -3.351211 3.007324 -6.228727 14.262547 -6.756673 -6.643146 -3.026494 13.740720 -0.000245 -0.003422 -0.002764 
-23.969564 0.000000 158.765488 115.002884 0.000000 0.000000 0.798744 1.749729 -4.357343 0.497056 1.337919 1.046778 0.791893 2.566740 2.155010 0.615264 2.563379 2.158937 9.271421 7.648418 11.472076 15.516661 9.425426 -17.520874 -1.140065 -0.207976 -16.580540 -34.863918 6.814608 -50.709080 -14.696106 0.309895 6.415285 2.532590 -1.352844 3.551610 1.712043 -0.909329 18.183226 32.564098 25.245678 55.233650 15.178062 -0.008339 -3.134289 -0.478763 4.633125 0.742229 10.900220 -24.204420 1.704705 4.497552 30.258816 8.675425 1.986873 -10.996335 -0.049784 0.000041 -0.000659 0.000564 -28.365675 -3.045548 3.040744 -7.012000 14.177714 -7.164768 -7.152176 -2.143080 13.769515 -0.000252 -0.003450 -0.002744 
-24.176933 0.000000 159.174805 118.483902 0.000000 0.000000 0.557267 1.760966 -4.170034 0.521533 1.336123 1.008663 0.796782 2.560580 2.081037 0.604432 2.548620 2.095731 9.382557 7.590596 11.715554 15.643865 9.576196 -17.736805 -1.122972 -0.186504 -16.447279 -33.561825 6.113826 -49.989849 -13.354854 0.276793 6.401604 2.663146 -2.243060 3.930502 1.736878 -0.919373 18.078531 31.555975 24.567051 54.075905 14.038042 -0.002998 -3.101408 -0.490249 4.292058 0.227677 12.166587 -23.946756 1.274890 5.174219 28.484581 8.752005 2.156975 -10.329307 0.979854 0.000035 -0.000620 0.000536 -29.664207 -2.600429 3.006718 -7.875797 13.834830 -7.580771 -7.801112 -0.950721 13.901237 -0.000256 -0.003467 -0.002724 
-24.379663 0.000000 159.529572 121.896210 0.000000 0.000000 0.291127 1.755302 -3.921070 0.567402 1.339175 0.963267 0.845184 2.561021 1.983475 0.637322 2.540372 2.004856 9.426255 7.459136 11.903217 15.737391 9.630713 -17.847548 -1.135522 -0.170283 -16.336624 -32.637001 5.525044 -49.310024 -11.977135 0.250611 6.324146 2.836992 -3.011386 4.125449 1.761983 -0.930826 18.012007 30.757378 24.006899 53.017857 12.875272 0.034487 -3.011372 -0.550504 3.855207 -0.128264 12.917106 -23.580492 0.927136 5.187251 26.913229 8.389195 2.010556 -9.573423 1.298635 0.000029 -0.000584 0.000521 -30.847240 -2.058024 2.964699 -8.748239 13.260356 -7.963233 -8.471779 0.048950 14.152772 -0.000258 -0.003481 -0.002708 
-24.571972 0.000000 159.821182 125.238693 0.000000 0.000000 1.203067 3.363409 -3.531250 0.322863 1.309476 1.157230 0.463805 2.573654 2.391845 0.312076 2.595496 2.407075 10.402584 7.687505 13.655052 17.922136 10.301658 -21.057480 -1.930143 -0.009896 -15.726208 -37.395424 5.901648 -49.138748 -26.192257 -0.040918 7.635388 2.374176 2.761021 0.777754 1.196499 -1.107409 17.979298 25.915865 22.245262 51.043598 15.669167 -0.319333 -4.505406 1.225236 1.806883 -3.243620 15.185632 -19.276245 -5.643397 5.314998 26.984936 8.382266 2.292603 -11.590200 1.334993 0.000025 -0.000311 0.000101 -28.695932 -4.115000 3.794900 -4.412490 16.942097 -5.057441 -5.702543 2.672766 18.362137 -0.000259 -0.003808 -0.003055 
-24.384754 0.000000 160.170914 128.656357 0.000000 0.000000 0.625401 3.308006 -3.424287 0.381009 1.309022 1.169766 0.567563 2.584409 2.433776 0.422612 2.596428 2.456388 10.764190 7.710134 13.371242 18.111446 10.436181 -20.938469 -1.697946 0.001181 -15.667565 -36.427681 5.594762 -48.631493 -25.831835 -0.091928 7.725430 2.187675 2.589560 1.314079 1.396119 -1.100992 17.850674 25.398737 21.858671 50.389725 14.607762 -0.286520 -4.402833 1.000397 1.924540 -3.444890 15.703080 -18.945997 -5.606459 5.104196 26.205053 7.819461 1.988134 -10.928137 1.373440 0.000024 -0.000315 0.000073 -29.203665 -3.739657 3.916250 -4.986923 17.129047 -5.275599 -6.107560 3.024472 17.443295 -0.000255 -0.003779 -0.002994 
-24.211987 0.000000 160.445114 131.995468 0.000000 0.000000 0.244984 3.305360 -3.258862 0.404548 1.308356 1.167286 0.595079 2.584852 2.426485 0.451019 2.584439 2.447275 11.002712 7.730499 13.013109 18.168268 10.448109 -20.705776 -1.542603 0.003335 -15.593947 -35.608955 5.117433 -48.214134 -25.444338 -0.088723 7.809250 1.894965 2.333240 1.929679 1.459643 -1.082308 17.711226 24.896847 21.447639 50.106815 13.928890 -0.325785 -4.367401 0.830247 2.351439 -3.469005 15.611172 -18.571619 -5.603031 4.475546 25.104263 7.152076 1.457338 -10.203613 1.787851 0.000027 -0.000328 0.000059 -29.407358 -3.407844 3.930868 -5.518566 17.024097 -5.367118 -6.445583 3.178936 16.675594 -0.000250 -0.003756 -0.002961 
-24.054852 0.000000 160.667282 135.259003 0.000000 0.000000 0.054199 3.365641 -2.976582 0.425545 1.296336 1.132668 0.604346 2.557964 2.341221 0.448749 2.539723 2.354078 11.001009 7.643968 12.720152 18.063414 10.403850 -20.416935 -1.483532 -0.010620 -15.466149 -34.906757 4.417303 -47.751682 -24.946194 -0.081414 7.899291 1.591783 2.068092 2.534790 1.347651 -1.050250 17.628105 24.536444 21.211876 50.062279 13.565113 -0.378345 -4.343944 0.772411 2.529845 -3.484093 14.832417 -18.168106 -5.704358 3.557699 23.835287 6.436885 0.666339 -9.604728 2.500712 0.000028 -0.000332 0.000043 -29.444841 -3.225000 3.827439 -5.857627 16.907114 -5.485549 -6.719415 3.258349 16.153185 -0.000245 -0.003731 -0.002943 
-23.903778 0.000000 160.841919 138.441391 0.000000 0.000000 -0.059549 3.479362 -2.608037 0.450430 1.287073 1.076110 0.620357 2.527731 2.205327 0.454147 2.490042 2.212441 10.723936 7.533998 12.332676 17.651979 10.232230 -19.944277 -1.477148 -0.032955 -15.340623 -34.238091 3.493707 -47.286316 -24.519808 -0.078102 8.065244 1.290292 1.754503 3.109742 1.201397 -1.024714 17.601250 24.436741 20.962931 50.148491 13.265689 -0.453021 -4.347189 0.803627 2.567518 -3.474405 13.609374 -17.906969 -5.807200 2.490097 22.621933 5.700490 -0.288646 -9.016970 3.403523 0.000028 -0.000329 0.000030 -29.182726 -3.206080 3.591687 -6.068438 16.855928 -5.572596 -6.917875 3.194487 15.779903 -0.000241 -0.003719 -0.002940 
-23.748285 0.000000 160.962311 141.535553 0.000000 0.000000 -0.118111 3.608228 -2.197417 0.470808 1.283197 1.014751 0.633581 2.501076 2.058707 0.457769 2.444752 2.061076 10.281750 7.461985 11.851059 17.033882 9.996186 -19.384104 -1.511445 -0.065251 -15.260982 -33.674301 2.352002 -46.766735 -24.310904 -0.081605 8.295434 1.025960 1.401254 3.561682 1.064043 -1.013058 17.616224 24.446331 20.672529 50.303246 13.050697 -0.546236 -4.376862 0.870479 2.577025 -3.430985 12.115932 -17.884565 -6.019309 1.361317 21.739967 5.072394 -1.230821 -8.507666 4.158431 0.000027 -0.000307 0.000003 -28.641979 -3.251834 3.205139 -6.021197 16.890631 -5.530300 -6.962580 2.815490 15.560169 -0.000239 -0.003735 -0.002962 
-23.587261 0.000000 161.022369 144.542160 0.000000 0.000000 -0.120722 3.755928 -1.764153 0.485281 1.276229 0.947588 0.640977 2.464318 1.905952 0.456808 2.391840 1.906569 9.823354 7.414785 11.326932 16.349892 9.793873 -18.827257 -1.575941 -0.099901 -15.232357 -33.189022 1.064964 -46.196369 -24.367401 -0.094094 8.569719 0.751123 1.054927 3.952523 0.916734 -1.006372 17.642237 24.392080 20.393299 50.502331 12.960890 -0.648342 -4.440203 1.017904 2.480081 -3.457871 10.550417 -18.112637 -6.271206 0.369639 21.384447 4.568328 -1.997939 -8.238689 4.627451 0.000024 -0.000279 -0.000023 -27.763689 -3.412353 2.685011 -5.691481 17.133041 -5.392045 -6.802445 2.215245 15.292580 -0.000239 -0.003761 -0.002995 
-23.427431 0.000000 161.015564 147.460449 0.000000 0.000000 -0.167408 3.878227 -1.309781 0.499299 1.272541 0.873862 0.658249 2.433499 1.748948 0.472403 2.344497 1.750225 9.448045 7.272691 10.779924 15.727690 9.593882 -18.298317 -1.592482 -0.123565 -15.277587 -32.706467 -0.174877 -45.636269 -24.479818 -0.108802 8.823594 0.529837 0.542507 4.273171 0.832587 -1.018156 17.692045 24.292622 20.170588 50.745193 13.009964 -0.742819 -4.510057 1.184018 2.390899 -3.426646 9.274849 -18.579409 -6.651015 -0.564248 21.720320 4.196646 -2.622972 -8.053688 4.826264 0.000020 -0.000246 -0.000043 -26.567440 -3.528924 2.110543 -5.146258 17.308329 -5.137616 -6.415098 1.405985 14.808907 -0.000241 -0.003793 -0.003044 
-23.273197 0.000000 160.946503 150.288940 0.000000 0.000000 -0.148951 3.952388 -0.861476 0.522027 1.275477 0.808344 0.693104 2.425563 1.602058 0.502615 2.323886 1.598899 9.222433 7.126353 10.323788 15.297244 9.424616 -17.888298 -1.547546 -0.138591 -15.353439 -32.349503 -1.218364 -45.104362 -24.526072 -0.101695 9.030980 0.338753 0.083948 4.498090 0.795318 -1.031484 17.690666 24.192408 20.076920 51.102196 13.372283 -0.832632 -4.601861 1.348720 2.380068 -3.366917 8.321627 -19.355236 -7.079129 -1.474756 22.718075 3.858441 -3.203763 -7.705873 4.988622 0.000016 -0.000221 -0.000048 -25.327209 -3.513861 1.441213 -4.525221 17.238190 -4.800948 -5.892583 0.569497 14.577944 -0.000244 -0.003827 -0.003108 
-23.134912 0.000000 160.812683 153.021652 0.000000 0.000000 0.009154 4.002677 -0.465043 0.543880 1.291441 0.749805 0.722716 2.452948 1.464952 0.522904 2.342603 1.456506 9.037186 6.963317 9.962737 14.970454 9.259549 -17.578949 -1.542333 -0.151774 -15.419549 -32.096367 -2.061247 -44.594677 -24.676880 -0.092447 9.212687 0.147892 -0.335822 4.683175 0.820856 -1.049216 17.641647 24.123787 20.079054 51.377819 13.978327 -0.888488 -4.693866 1.538747 2.242046 -3.369863 7.567213 -20.453707 -7.428876 -2.520262 24.371054 3.453525 -3.940200 -7.268369 5.153502 0.000011 -0.000200 -0.000040 -24.054007 -3.340353 0.813008 -3.936464 16.875298 -4.494014 -5.334324 -0.237213 14.381261 -0.000249 -0.003868 -0.003178 
-23.018389 0.000000 160.627289 155.650894 0.000000 0.000000 0.241839 4.027071 -0.152232 0.573976 1.347121 0.701290 0.756175 2.557413 1.347242 0.536925 2.435334 1.331991 8.989846 6.897448 9.655078 14.832258 9.047415 -17.408894 -1.591253 -0.164006 -15.504139 -32.002014 -2.633417 -44.060951 -24.849752 -0.096317 9.339614 0.008019 -0.639954 4.831822 0.918752 -1.075745 17.526457 23.808018 19.944000 51.341270 14.713352 -0.892815 -4.829360 1.776918 2.137892 -3.556593 6.981159 -21.753416 -7.759184 -3.391584 26.321001 2.953619 -4.604002 -6.363381 5.355467 0.000008 -0.000186 -0.000037 -22.921705 -3.176157 0.283370 -3.455095 16.611996 -4.165730 -4.898591 -1.213593 14.507246 -0.000255 -0.003913 -0.003229 
-22.933083 0.000000 160.399384 158.167587 0.000000 0.000000 0.668410 4.102549 0.022281 0.604241 1.425803 0.686769 0.791102 2.706001 1.296035 0.548604 2.568832 1.273787 9.011433 6.858225 9.453380 14.850361 8.746548 -17.353552 -1.723915 -0.184788 -15.554817 -32.118221 -2.794854 -43.570858 -24.740980 -0.105627 9.358236 -0.119218 -0.913239 5.057788 0.965025 -1.082161 17.390594 23.294340 19.408644 51.013760 15.483767 -0.851389 -4.997498 2.074508 1.946945 -4.024953 6.509989 -23.333172 -7.893748 -4.377617 28.553059 2.050359 -5.243028 -4.963130 5.375970 0.000010 -0.000212 -0.000030 -22.214661 -3.051681 0.050794 -3.213579 16.580378 -4.020565 -4.727065 -2.264850 14.567470 -0.000256 -0.003917 -0.003200 
-22.887239 0.000000 160.128967 160.567108 0.000000 0.000000 1.207393 4.231196 0.047896 0.613208 1.530319 0.701564 0.765608 2.895097 1.307310 0.489053 2.740179 1.280413 9.008161 6.787395 9.398619 14.939585 8.405110 -17.483109 -1.953511 -0.197088 -15.647630 -32.190319 -2.907260 -43.419415 -24.124998 -0.112380 9.331913 -0.143870 -1.269725 5.312108 0.951626 -1.090380 17.328821 22.756369 18.591047 50.365952 16.351358 -0.784111 -5.195914 2.514801 1.775626 -4.819257 6.046163 -25.323502 -7.738574 -5.645466 31.334789 0.697668 -6.029054 -3.606053 5.053881 0.000010 -0.000224 -0.000038 -21.909906 -2.937829 0.148907 -3.463805 16.655247 -4.187690 -4.866247 -3.660781 14.261202 -0.000259 -0.003927 -0.003152 
-22.886763 0.000000 159.822189 162.849777 0.000000 0.000000 1.810111 4.381055 -0.031177 0.599733 1.663348 0.735069 0.686256 3.138277 1.366259 0.367705 2.967563 1.339973 8.736642 6.473928 9.544410 14.920506 7.982365 -17.707737 -2.311309 -0.195678 -15.787186 -32.196716 -2.834990 -43.589386 -23.023657 -0.097823 9.195350 -0.038120 -1.710276 5.499125 0.907247 -1.111879 17.387344 22.182550 17.395752 49.476246 17.380692 -0.780528 -5.405170 2.978660 1.739074 -5.661417 5.588155 -27.580423 -7.480862 -6.948245 34.381504 -0.794044 -6.743419 -2.484551 4.470652 0.000009 -0.000226 -0.000069 -21.947987 -2.780136 0.507701 -4.154370 16.882505 -4.693719 -5.365798 -5.089534 13.891705 -0.000262 -0.003958 -0.003109 
-22.929035 0.000000 159.481842 165.023041 0.000000 0.000000 2.295614 4.597082 -0.331529 0.580075 1.786610 0.829265 0.611080 3.365920 1.561577 0.256594 3.173300 1.534708 8.121637 6.057446 9.759311 14.608944 7.497628 -17.880381 -2.757225 -0.178726 -15.824883 -32.217949 -2.579349 -44.106728 -21.581877 -0.096955 8.961427 0.240999 -1.983282 5.437054 0.801714 -1.150101 17.505543 21.620094 15.928185 48.498184 18.470879 -0.853010 -5.615471 3.374249 1.993701 -6.327028 5.079483 -30.127375 -6.858157 -8.382219 37.657497 -2.356386 -7.385570 -1.388202 3.250144 0.000007 -0.000209 -0.000128 -22.084635 -2.594308 1.237684 -5.097677 17.166460 -5.397861 -6.083879 -6.222931 13.419551 -0.000265 -0.003982 -0.003079 
-23.016218 0.000000 159.107437 167.089203 0.000000 0.000000 2.726459 4.784826 -0.667443 0.578601 1.926659 0.942120 0.580650 3.620947 1.794355 0.194833 3.408885 1.765463 7.153245 5.624774 9.877544 13.933369 6.881479 -17.856094 -3.218692 -0.159628 -15.880068 -32.088665 -2.403137 -44.840977 -20.061687 -0.090628 8.666713 0.594462 -2.196776 5.263089 0.668043 -1.186949 17.703718 21.241585 14.468042 47.612564 19.551903 -0.936048 -5.808286 3.660118 2.130233 -6.780259 4.724190 -32.918449 -6.004165 -9.982780 40.904995 -4.371246 -7.969037 -0.190614 0.826447 0.000005 -0.000204 -0.000189 -22.400854 -2.435845 1.907122 -5.949035 17.547701 -6.048037 -6.794254 -7.605402 13.304034 -0.000267 -0.004007 -0.003047 
-23.138493 0.000000 158.679504 169.044281 0.000000 0.000000 3.090713 4.958064 -0.919369 0.611954 2.070353 1.002197 0.607559 3.890163 1.923972 0.196195 3.672183 1.906339 5.935788 5.067678 9.876830 12.943661 6.289930 -17.564005 -3.557269 -0.147345 -16.058174 -31.719103 -1.985855 -45.368237 -18.821510 -0.037802 8.370603 0.845478 -2.795857 5.160809 0.614762 -1.225885 18.019747 21.181597 13.023559 46.788475 20.643093 -1.008613 -5.986786 3.953014 1.970976 -7.186383 4.439456 -35.680298 -5.003837 -11.800898 43.739124 -6.938627 -8.537064 0.638179 -2.693813 0.000002 -0.000223 -0.000264 -22.865368 -2.260117 2.277607 -6.380013 17.791033 -6.494618 -7.282199 -8.810944 13.794322 -0.000272 -0.004029 -0.002988 
-23.260006 0.000000 158.181900 170.870956 0.000000 0.000000 3.186297 5.093544 -0.991406 0.684810 2.196070 0.984490 0.722039 4.138284 1.900465 0.290685 3.917355 1.891047 4.477885 4.627406 9.567141 11.478959 5.573882 -16.543621 -3.764079 -0.148341 -16.292431 -31.308212 -1.354167 -45.743240 -18.093287 0.031476 8.135583 1.154131 -2.999285 4.953484 0.698084 -1.260438 18.296961 21.198763 11.693699 45.985409 21.689909 -1.049340 -6.137473 4.161584 1.947008 -7.550632 3.970837 -37.973663 -4.245492 -13.394176 46.208820 -9.078917 -8.718783 0.231248 -6.080779 -0.000001 -0.000251 -0.000308 -23.141716 -2.127255 2.436836 -6.653581 18.048723 -6.778367 -7.757808 -9.629613 14.575451 -0.000279 -0.004053 -0.002937 
-23.392239 0.000000 157.576309 172.567764 0.000000 0.000000 2.972152 5.219339 -1.067325 0.792940 2.277932 0.981134 0.941364 4.305863 1.899858 0.501268 4.085142 1.893946 3.281573 4.339052 9.111316 10.091320 5.132641 -15.421804 -3.854300 -0.176841 -16.585268 -30.929537 -0.448635 -46.265976 -17.652325 0.174075 7.853034 1.291185 -3.163738 4.747081 0.879766 -1.270818 18.450703 21.133472 10.529234 45.237804 22.661869 -1.113602 -6.372036 4.254461 1.952027 -7.686514 3.466253 -39.821594 -3.749540 -14.321623 48.307255 -10.350280 -8.593742 -0.394623 -8.127739 0.000003 -0.000315 -0.000301 -23.300398 -1.872158 2.435045 -6.889522 18.016397 -6.986619 -8.204841 -10.438150 15.162876 -0.000281 -0.004041 -0.002886 
-23.519768 0.000000 156.914337 174.153702 0.000000 0.000000 2.294079 5.330001 -1.015324 0.900475 2.343666 0.949933 1.204085 4.438543 1.834420 0.787941 4.210435 1.834048 2.494195 4.063775 8.479906 8.984354 4.873722 -14.257682 -3.803512 -0.212046 -16.858919 -30.479872 0.616422 -46.863655 -17.237619 0.284507 7.571507 1.266694 -3.350714 4.493247 1.189820 -1.274928 18.530907 21.394821 9.416280 44.860535 23.652931 -1.111373 -6.514176 4.234309 2.279839 -7.686756 3.506681 -41.380718 -3.723839 -13.738983 49.844852 -10.052173 -7.921373 -0.784830 -8.593782 0.000009 -0.000403 -0.000247 -23.402773 -1.471645 2.247897 -7.006427 17.403223 -7.052246 -8.375214 -10.988393 15.104303 -0.000279 -0.003988 -0.002820 
-23.654900 0.000000 156.209000 175.635239 0.000000 0.000000 -1.938017 3.478969 -2.573739 1.234893 1.987988 0.556397 2.344994 3.988112 1.114435 2.241911 3.956674 1.134402 3.664350 4.394903 2.672105 6.235209 5.927960 -7.157903 0.472174 -0.293192 -17.687675 -23.495090 14.378123 -57.021030 -29.256804 -0.480109 6.595917 -0.633873 4.796774 3.045456 2.231205 -0.620534 16.351177 29.306898 20.512236 52.489361 25.377930 -0.435972 -4.623818 0.035930 4.624877 0.497144 8.182102 -40.037216 -5.822861 1.905636 44.537739 6.254012 0.545953 -4.525066 -2.656247 0.000118 -0.001650 0.000590 -22.579191 6.894902 -1.278812 -3.472492 12.768064 -4.551925 -6.696665 -12.877131 15.612610 -0.000195 -0.002828 -0.001304 
-23.606373 0.000000 155.479172 176.953110 0.000000 0.000000 -2.525232 3.711304 -2.041625 1.341285 2.043779 0.448697 2.547767 4.091172 0.877802 2.445425 4.045947 0.894881 3.277825 3.996090 2.247222 5.583346 5.530647 -6.413487 0.505798 -0.318898 -17.912605 -23.517019 14.522978 -57.157372 -27.104439 -0.339534 6.219081 -0.523238 3.678102 3.093900 2.480852 -0.627388 16.315659 29.307920 19.685204 51.819096 25.811062 -0.485622 -4.826407 0.107284 4.483959 0.352716 8.082648 -40.288212 -6.017411 2.683657 43.186707 6.879908 0.866397 -4.199113 -1.333626 0.000120 -0.001682 0.000620 -22.675980 7.355273 -1.861815 -3.707613 12.142664 -4.582402 -6.884463 -12.791224 15.792787 -0.000196 -0.002821 -0.001322 
-23.579836 0.000000 154.680191 178.166443 0.000000 0.000000 -3.280090 3.957744 -1.481330 1.447493 2.112826 0.330826 2.761950 4.218383 0.622025 2.666260 4.158072 0.638658 2.896082 3.424139 1.798765 4.900202 5.108334 -5.622676 0.535816 -0.332240 -18.136679 -23.349236 14.408324 -57.341492 -24.905289 -0.274368 5.729360 -0.104768 3.008371 2.550531 2.796170 -0.660551 16.318052 29.559673 18.754299 51.296516 26.329422 -0.548733 -5.002735 0.228197 4.465428 0.128637 7.732056 -40.452358 -6.057609 3.076632 41.735561 7.250941 1.028927 -4.008885 -0.220557 0.000117 -0.001664 0.000581 -22.632057 7.804914 -2.506147 -3.944774 11.529305 -4.600551 -6.980067 -12.540433 15.773802 -0.000200 -0.002863 -0.001386 
-23.579655 0.000000 153.806824 179.270874 0.000000 0.000000 -4.169343 4.240879 -0.922534 1.561818 2.176347 0.205389 3.003382 4.338694 0.357851 2.919697 4.265894 0.379440 2.596660 2.870826 1.346037 4.276725 4.722121 -4.869966 0.598671 -0.343988 -18.327660 -23.291935 14.620237 -57.731441 -22.710419 -0.213316 5.182517 0.422190 2.476519 1.656106 3.142776 -0.696522 16.302265 29.960152 17.695396 50.884369 26.948282 -0.613949 -5.171855 0.439939 4.372623 -0.175357 7.070657 -40.506859 -5.999216 2.977127 40.220791 7.293447 0.953951 -3.810690 0.660145 0.000112 -0.001636 0.000548 -22.481279 8.189681 -3.122684 -4.151669 11.078288 -4.695970 -7.068580 -12.255012 15.673227 -0.000204 -0.002911 -0.001442 
-23.613504 0.000000 152.847321 -179.732803 -0.000000 0.000000 -5.045545 4.575072 -0.431155 1.693120 2.235797 0.083431 3.276436 4.438136 0.105181 3.199266 4.351144 0.136401 2.337236 2.336213 0.846808 3.642138 4.372285 -4.085649 0.659161 -0.356074 -18.503365 -23.470882 15.220750 -58.231190 -20.409985 -0.135001 4.526692 1.077109 2.007340 0.419654 3.463145 -0.733818 16.242901 30.213882 16.459677 50.494331 27.642841 -0.659830 -5.367527 0.666636 4.185916 -0.469752 5.856387 -40.443001 -5.653941 2.494731 38.592075 7.044528 0.825583 -3.654827 0.810067 0.000108 -0.001609 0.000525 -22.383852 8.417105 -3.686204 -4.301581 10.790038 -4.823980 -7.251149 -11.901158 15.759242 -0.000208 -0.002960 -0.001492 
-23.692507 0.000000 151.791260 -178.849503 -0.000000 0.000000 -5.849100 4.895582 -0.027463 1.805987 2.286471 -0.020290 3.515051 4.521090 -0.106594 3.443228 4.422438 -0.064193 2.080468 1.851255 0.399981 3.053284 4.079687 -3.382403 0.695148 -0.356641 -18.637407 -23.768345 16.089979 -58.928192 -18.027437 -0.022604 3.797542 1.865021 1.621638 -1.069939 3.734302 -0.779694 16.190250 30.237967 15.220514 49.965302 28.387560 -0.706417 -5.566530 0.913891 4.060135 -0.742130 4.417299 -40.245659 -5.069201 1.563890 37.184082 6.436377 0.499170 -3.697391 0.104713 0.000103 -0.001570 0.000492 -22.378721 8.526736 -4.244243 -4.449650 10.771172 -4.984898 -7.548677 -11.583859 16.098396 -0.000212 -0.003019 -0.001551 
-23.816057 0.000000 150.639755 -178.084869 -0.000000 0.000000 -6.672957 5.179960 0.290009 1.878407 2.326815 -0.116578 3.679001 4.586597 -0.299725 3.616509 4.477058 -0.248828 1.845271 1.425131 0.172974 2.636306 3.865331 -2.856015 0.732640 -0.353008 -18.732269 -23.992929 17.303810 -59.818180 -15.718066 0.164941 3.022232 2.731211 1.342943 -2.762083 3.944447 -0.825513 16.179974 30.233246 14.047064 49.412643 29.355162 -0.774869 -5.834433 1.178607 4.161339 -0.981032 3.218677 -40.014362 -4.564524 0.698935 36.255611 5.875873 0.178922 -3.861275 -0.871499 0.000100 -0.001532 0.000476 -22.369745 8.601299 -4.839722 -4.626568 10.948349 -5.165909 -7.811338 -11.329625 16.508276 -0.000216 -0.003078 -0.001625 
-23.972542 0.000000 149.383408 -177.433121 -0.000000 0.000000 -7.436529 5.470005 0.574753 1.918361 2.342998 -0.200457 3.777153 4.608382 -0.461927 3.724148 4.492810 -0.405656 1.588781 1.178029 0.201434 2.356766 3.731315 -2.589799 0.686646 -0.352438 -18.812265 -24.469820 18.760004 -61.094017 -13.601106 0.358065 2.215829 3.613840 1.245102 -4.537055 4.109612 -0.862570 16.162031 30.246422 12.841919 48.858482 30.542494 -0.842416 -6.123399 1.418610 4.519380 -1.211925 2.624421 -39.878082 -4.433962 0.188861 35.847263 5.415444 -0.188234 -3.961519 -1.434830 0.000098 -0.001503 0.000470 -22.562189 8.650107 -5.539071 -4.689331 11.156309 -5.404961 -8.001301 -10.913119 17.055929 -0.000220 -0.003133 -0.001666 
-24.151052 0.000000 148.017502 -176.886368 -0.000000 0.000000 -8.133924 5.781401 0.815558 1.948220 2.340863 -0.281822 3.852433 4.604069 -0.618199 3.801378 4.490920 -0.559162 1.321621 0.939893 0.358682 2.142018 3.671265 -2.489872 0.597692 -0.347060 -18.867819 -25.308405 20.240980 -62.797050 -11.689262 0.463748 1.427362 4.514938 1.760772 -6.501194 4.164115 -0.883769 16.177307 30.261063 11.713073 48.412102 31.896236 -0.906460 -6.364185 1.691349 5.008727 -1.560360 2.549849 -39.839382 -4.635597 -0.083718 35.920483 5.151716 -0.510792 -4.271019 -1.717207 0.000096 -0.001474 0.000461 -22.891434 8.728802 -6.255833 -4.747114 11.202477 -5.680366 -8.040551 -10.091990 17.522081 -0.000224 -0.003184 -0.001662 
-24.346090 0.000000 146.553833 -176.432144 -0.000000 0.000000 -8.712581 6.079052 1.017772 1.951145 2.342216 -0.348101 3.879530 4.600150 -0.735990 3.832577 4.486217 -0.675454 1.051162 0.644543 0.419833 1.841409 3.635678 -2.261708 0.471116 -0.353980 -18.941864 -26.448820 21.522144 -64.720436 -10.048743 0.585261 0.659605 5.245796 2.585482 -8.333824 4.136246 -0.896594 16.221647 30.160908 10.696741 48.069504 33.383976 -1.000841 -6.571432 1.864990 5.796287 -1.891843 3.090571 -39.665577 -5.100836 -0.228103 36.088631 5.105353 -0.878054 -4.730406 -1.759832 0.000096 -0.001465 0.000436 -23.239740 8.768050 -6.910097 -4.834200 11.411092 -5.989994 -7.928761 -8.738178 17.872734 -0.000225 -0.003207 -0.001621 
-24.571838 0.000000 144.981522 -176.084015 -0.000000 0.000000 -9.103537 6.385388 1.203028 1.939057 2.334430 -0.405506 3.864770 4.581541 -0.829325 3.815938 4.469722 -0.765382 0.655251 0.342258 0.444324 1.371093 3.610173 -1.941972 0.300869 -0.357854 -18.999811 -27.758793 22.601183 -66.759232 -8.650308 0.704049 -0.025152 5.800382 3.713277 -10.078101 4.015690 -0.908097 16.298872 29.890726 9.802445 47.809204 35.040241 -1.097971 -6.789888 2.080693 6.693560 -2.296231 3.894293 -39.258339 -5.726543 -0.263825 36.114689 5.235072 -1.222355 -5.401348 -1.593601 0.000094 -0.001457 0.000403 -23.599245 8.640317 -7.432760 -5.076058 11.869761 -6.494902 -7.853888 -6.826776 18.124390 -0.000227 -0.003227 -0.001576 
-24.840008 0.000000 143.308182 -175.844543 -0.000000 0.000000 -9.350790 6.670111 1.391700 1.910931 2.319370 -0.445789 3.813982 4.553710 -0.881344 3.764385 4.447895 -0.815360 0.186997 0.043630 0.449914 0.826335 3.648876 -1.605801 0.122283 -0.362139 -19.059292 -29.066957 23.448942 -68.866081 -7.470466 0.789247 -0.616648 6.121101 5.008293 -11.638388 3.856637 -0.913976 16.362665 29.522091 9.002641 47.615646 36.739632 -1.170340 -7.028939 2.322610 7.649504 -2.788238 5.016147 -38.549236 -6.566709 -0.294029 36.034248 5.449870 -1.585992 -6.304786 -1.368995 0.000093 -0.001453 0.000373 -23.837387 8.161707 -7.814504 -5.435423 12.940321 -7.192832 -7.840020 -4.545649 18.186563 -0.000227 -0.003236 -0.001533 
-25.157503 0.000000 141.541977 -175.715195 -0.000000 0.000000 -9.393718 6.879199 1.551201 1.869726 2.299917 -0.475360 3.730245 4.523270 -0.905957 3.677399 4.427150 -0.836116 -0.347020 -0.194300 0.501168 0.248733 3.690036 -1.280638 -0.126548 -0.362123 -18.991995 -30.320147 23.906919 -70.932915 -6.653109 0.829723 -1.065130 6.271201 6.449153 -12.995286 3.613587 -0.914268 16.447195 28.962515 8.145825 47.507046 38.402687 -1.223578 -7.252331 2.516119 8.695174 -3.336876 6.154865 -37.520702 -7.469086 -0.480547 35.856689 5.542303 -1.983545 -7.316691 -1.326420 0.000093 -0.001445 0.000332 -24.052965 7.249818 -8.010474 -5.831453 14.815057 -8.042573 -7.719972 -2.015906 18.007675 -0.000226 -0.003240 -0.001489 
-25.531847 0.000000 139.693039 -175.690659 -0.000000 0.000000 -9.181182 7.002902 1.656319 1.786059 2.261588 -0.479934 3.545234 4.442290 -0.880911 3.485036 4.349324 -0.804897 -0.852772 -0.379888 0.611505 -0.172377 3.781487 -1.121216 -0.474596 -0.371317 -18.735012 -31.432358 24.204666 -72.989532 -6.130462 0.845593 -1.460957 6.253016 7.907394 -14.189634 3.311120 -0.908613 16.468443 28.296911 7.345360 47.410496 40.047527 -1.317533 -7.397673 2.531309 10.039852 -3.784964 7.258934 -36.342728 -8.398810 -1.038800 35.805367 5.435593 -2.457292 -8.019970 -1.402918 0.000091 -0.001418 0.000266 -24.046131 5.953208 -7.832890 -6.552983 17.463242 -9.151363 -7.629178 0.707508 17.064577 -0.000223 -0.003237 -0.001466 
-25.951130 0.000000 137.807709 -175.761398 -0.000000 0.000000 -8.615521 7.028757 1.832068 1.700209 2.259963 -0.500577 3.332726 4.412803 -0.900961 3.247132 4.331994 -0.810603 -1.320791 -0.331511 0.664811 -0.648314 3.888066 -1.106223 -0.737791 -0.356266 -18.599751 -32.303234 24.491852 -74.300034 -5.709202 0.932446 -1.884980 6.507256 8.222291 -15.193332 3.065469 -0.938961 16.659872 28.018419 6.819002 47.581131 41.506409 -1.473446 -7.478778 2.762918 11.094143 -4.254630 8.134970 -35.181652 -9.177710 -1.946258 35.885483 4.973637 -3.035946 -8.424960 -1.615551 0.000087 -0.001360 0.000149 -23.980408 4.178590 -7.546861 -7.627332 20.826191 -10.803161 -7.934238 3.125292 15.729539 -0.000230 -0.003328 -0.001459 
-26.356047 0.000000 135.889954 -175.932510 -0.000000 0.000000 -7.910774 6.939302 2.014867 1.630292 2.262780 -0.532685 3.135701 4.404147 -0.954833 3.016543 4.329708 -0.859834 -1.752022 -0.177146 0.747637 -1.072036 3.961359 -1.092465 -0.963729 -0.334787 -18.401430 -33.029037 24.570707 -75.368118 -5.315668 1.013010 -2.210188 6.743569 8.692698 -16.081480 2.756759 -0.963549 16.877420 27.727612 6.739848 48.265160 42.789616 -1.611946 -7.430614 3.060882 11.917874 -4.671932 8.509056 -33.724903 -9.841041 -2.701048 35.468975 4.409163 -3.447045 -8.652654 -1.775042 0.000081 -0.001306 0.000043 -23.726984 1.593083 -7.418594 -9.127461 25.463659 -12.445989 -8.086948 5.457623 13.739432 -0.000239 -0.003400 -0.001458 
-26.740181 0.000000 133.925125 -176.210388 -0.000000 0.000000 -7.410045 6.790246 2.227467 1.552957 2.266884 -0.602171 2.947616 4.400652 -1.083307 2.811765 4.331916 -0.980423 -1.841793 0.087689 0.863778 -1.116465 4.132232 -1.231597 -1.093039 -0.298241 -18.184160 -33.456539 24.664635 -76.052986 -5.029926 1.029994 -2.414109 6.904808 9.251376 -16.729712 2.538499 -0.979999 17.074276 27.407799 7.023730 49.177391 44.054176 -1.711014 -7.359147 3.303767 12.694265 -4.880526 8.607808 -32.018093 -10.255993 -3.190496 34.839577 3.940381 -3.557291 -8.964071 -1.937806 0.000077 -0.001279 -0.000030 -23.135260 -1.226969 -7.242518 -10.849081 30.482664 -14.429971 -8.397294 8.101320 11.876951 -0.000249 -0.003452 -0.001436 
-27.104136 0.000000 131.909698 -176.584061 -0.000000 0.000000 -6.983720 6.683594 2.502809 1.458027 2.262016 -0.691584 2.727415 4.375551 -1.250388 2.579303 4.312813 -1.139857 -1.638675 0.288971 0.975132 -0.823799 4.280200 -1.558659 -1.181177 -0.276463 -18.090796 -33.704372 24.649284 -76.352432 -4.703160 1.010246 -2.537153 7.058455 9.540115 -17.247940 2.305504 -0.978482 17.284163 27.185532 7.432302 50.024296 45.295441 -1.732492 -7.381647 3.488117 13.433198 -5.004054 8.415832 -30.273043 -10.751775 -3.362945 33.961300 3.743833 -3.409647 -9.151429 -2.194837 0.000076 -0.001286 -0.000034 -22.502293 -4.346314 -7.147250 -12.389111 35.590511 -16.544540 -8.588312 11.353951 9.902983 -0.000255 -0.003463 -0.001399 
-27.450619 0.000000 129.840561 -177.044418 -0.000000 0.000000 -6.566864 6.548647 2.820345 1.353560 2.262018 -0.802254 2.491281 4.364213 -1.464425 2.336700 4.308950 -1.346733 -1.216465 0.387964 1.115674 -0.284487 4.464009 -1.946223 -1.202115 -0.271623 -18.073069 -33.807426 24.473083 -76.298096 -4.656153 0.970236 -2.493223 7.114046 9.596591 -17.453407 2.073446 -0.951422 17.425442 26.899769 7.781000 50.954384 46.366066 -1.707524 -7.434626 3.609589 14.016210 -5.100179 7.761600 -28.458765 -11.259797 -3.177597 32.808136 3.816663 -3.162267 -9.340874 -1.958733 0.000077 -0.001322 -0.000025 -21.405220 -7.506671 -6.803949 -13.947014 40.747654 -18.746527 -8.757632 13.757709 7.361893 -0.000257 -0.003440 -0.001352 
-27.788836 0.000000 127.721115 -177.578384 -0.000000 0.000000 -6.226200 6.459568 3.198702 1.251147 2.263214 -0.908820 2.257154 4.358051 -1.679692 2.100410 4.304699 -1.557406 -0.877625 0.399728 1.379053 0.297328 4.555407 -2.330974 -1.150128 -0.287035 -18.176184 -33.787762 24.221008 -75.904289 -4.857937 0.961687 -2.355039 7.060540 9.268543 -17.221184 1.859120 -0.916897 17.497698 26.679346 7.749445 51.796856 46.580223 -1.612828 -7.564240 3.681301 13.996812 -5.179420 6.782207 -26.634142 -11.607604 -2.766484 31.449324 4.135852 -2.757270 -9.592152 -1.476770 0.000084 -0.001377 0.000020 -19.626968 -10.635295 -6.232909 -15.172520 45.769592 -20.741777 -8.699432 14.111934 4.406182 -0.000252 -0.003382 -0.001333 
-28.116570 0.000000 125.538971 -178.170120 -0.000000 0.000000 -7.867323 10.095697 1.356013 1.615699 3.148016 0.086544 3.181869 5.868266 0.362594 3.109153 5.813818 0.402047 -6.130239 -3.547040 -1.973642 -7.965653 3.933483 5.359340 -0.781566 0.033212 -15.769021 -24.309141 27.366066 -77.759285 -23.349281 -1.595647 1.019881 3.299499 13.697263 -12.406874 2.297394 -0.733137 14.857842 22.203114 9.960093 49.237385 65.585526 -1.168040 -2.553377 3.873142 21.670727 -2.053595 -0.308660 -44.852623 5.283383 1.068940 36.418476 6.949606 0.117098 -2.180739 -3.198453 0.000109 -0.001492 -0.002114 -18.778345 9.844576 -5.940600 -4.729125 9.210586 -7.218912 -5.491909 1.346246 14.008186 -0.000250 -0.003517 -0.000149 
-28.716274 0.000000 123.895157 -178.514450 -0.000000 0.000000 -7.387061 10.598498 1.588262 1.559853 3.072354 0.080567 3.078079 5.704450 0.361073 3.008636 5.656232 0.401441 -6.661636 -3.747450 -1.778661 -8.418825 3.930695 5.652449 -0.777008 0.012422 -15.804688 -23.453409 27.316511 -77.364220 -24.230852 -1.639680 1.433870 3.174811 13.742504 -11.870811 1.844338 -0.705354 15.077859 21.130993 9.756082 49.259918 65.747879 -1.009963 -2.852253 3.882477 21.055120 -2.764777 1.737047 -44.713047 4.268313 1.202856 37.380604 7.070023 0.261730 -3.163476 -4.553045 0.000112 -0.001530 -0.002052 -18.818089 8.548390 -6.444635 -4.678277 10.997544 -7.811639 -5.511157 2.824081 14.993847 -0.000245 -0.003477 -0.000112 
-29.322857 0.000000 122.150406 -178.936584 -0.000000 0.000000 -6.609917 11.087230 2.081811 1.497273 3.017703 0.035313 2.950196 5.584641 0.276340 2.885146 5.536368 0.313943 -7.036039 -3.915176 -1.756535 -8.848856 3.893053 5.987045 -0.840644 -0.022251 -15.996800 -22.869963 27.043171 -76.763481 -25.172853 -1.666177 1.800679 2.941123 13.501490 -11.072892 1.323119 -0.676690 15.385048 20.261105 9.582453 49.511719 65.682053 -0.829155 -3.125210 3.909584 20.146883 -3.498517 3.893754 -44.497498 2.859619 0.571664 38.113697 6.648436 0.103228 -4.248491 -6.491362 0.000115 -0.001562 -0.001990 -18.679304 6.596309 -6.893001 -4.876967 13.778739 -8.726458 -5.457913 4.861391 14.764341 -0.000239 -0.003421 -0.000078 
-29.912874 0.000000 120.310005 -179.448959 -0.000000 0.000000 -5.817225 11.593097 2.631922 1.479857 3.009394 -0.055141 2.894596 5.554883 0.091225 2.830745 5.500958 0.123343 -7.321242 -4.262468 -1.843733 -9.301042 3.788180 6.436408 -0.929840 -0.080669 -16.298235 -22.402109 26.493858 -75.666290 -26.443136 -1.683701 2.225362 2.630809 12.847650 -9.902479 0.920258 -0.642813 15.675430 19.443596 9.267141 49.925846 65.735504 -0.616743 -3.404867 4.100386 19.114708 -4.254054 5.800722 -44.200508 1.476619 -0.378499 38.660000 5.978606 -0.426695 -5.258623 -7.600653 0.000118 -0.001619 -0.001888 -18.206625 4.134165 -7.187217 -5.322429 17.393433 -9.918069 -5.346859 7.151765 13.775793 -0.000233 -0.003337 -0.000016 
-30.477699 0.000000 118.374969 179.941208 0.000000 0.000000 -5.211941 12.185120 3.193419 1.441357 3.037050 -0.184970 2.797169 5.585474 -0.180390 2.734740 5.515342 -0.146880 -7.495274 -4.729317 -1.928920 -9.645970 3.623138 6.920173 -1.097522 -0.160454 -16.569305 -21.535685 25.739929 -74.020798 -28.126167 -1.654879 2.784724 2.256674 12.177047 -8.539762 0.720329 -0.608828 15.881504 19.100035 8.898196 50.536209 65.951866 -0.353423 -3.669649 4.421371 17.741604 -4.829345 7.775116 -43.706329 0.113019 -1.241665 38.690281 5.320929 -1.014203 -5.681607 -8.205344 0.000122 -0.001695 -0.001761 -17.155653 1.013778 -7.222528 -6.540681 22.200998 -11.440432 -5.455769 9.388426 11.920825 -0.000226 -0.003237 0.000061 
-30.999538 0.000000 116.335526 179.237732 0.000000 0.000000 -4.703208 12.722037 3.640544 1.400112 3.091335 -0.321490 2.663139 5.676094 -0.463822 2.584003 5.587478 -0.431722 -7.477306 -5.155506 -2.019588 -9.757953 3.491436 7.182620 -1.252304 -0.232828 -16.728947 -20.729708 24.631716 -72.146149 -30.133492 -1.595549 3.363203 1.884933 11.230671 -7.126923 0.686549 -0.582796 15.948422 19.032047 8.713717 51.397491 66.442360 -0.088131 -3.759464 4.745484 16.528284 -5.128421 9.184552 -42.787819 -0.895288 -1.662458 38.321602 5.071259 -1.256392 -6.390420 -8.515862 0.000128 -0.001782 -0.001661 -15.855387 -2.618612 -6.963853 -8.397378 28.012611 -13.567196 -6.041856 11.225261 9.434634 -0.000221 -0.003146 0.000156 
-31.472324 0.000000 114.200424 178.454895 0.000000 0.000000 -4.221730 13.212577 4.053596 1.391158 3.163390 -0.501648 2.571711 5.817622 -0.831385 2.461597 5.703264 -0.798708 -7.188560 -5.521500 -2.086059 -9.558738 3.459237 7.316952 -1.319772 -0.275018 -16.803963 -20.140991 23.296757 -69.991188 -32.437313 -1.501835 3.907957 1.750258 10.112853 -5.831623 0.740378 -0.578749 15.933546 19.207350 8.953675 52.706623 67.532692 0.147720 -3.503120 5.020078 16.007954 -5.065430 9.808743 -41.278648 -1.426678 -2.164546 37.295650 4.715278 -1.134480 -7.895131 -8.924261 0.000133 -0.001853 -0.001663 -14.792860 -6.294669 -6.419389 -10.617319 33.938995 -16.470982 -7.055717 13.516526 6.183017 -0.000220 -0.003075 0.000314 
-31.893263 0.000000 111.975716 177.605164 0.000000 0.000000 -3.655453 13.612040 4.400095 1.345672 3.206447 -0.677312 2.412724 5.913554 -1.184257 2.273514 5.782151 -1.149560 -6.832459 -5.753845 -2.077619 -9.201343 3.449965 7.397852 -1.439701 -0.317661 -16.773462 -19.846861 22.045300 -67.999001 -34.955235 -1.370376 4.352398 1.582431 8.988763 -4.568923 0.799268 -0.567766 15.847387 19.602013 9.536562 54.390934 69.189354 0.341043 -3.037892 5.309325 15.816591 -4.629428 9.569125 -39.086712 -1.623566 -2.446935 35.366436 4.164579 -0.811947 -9.540811 -9.304569 0.000142 -0.001930 -0.001692 -13.888607 -10.105587 -5.669235 -13.653611 40.291916 -20.074263 -8.137800 14.664543 2.897805 -0.000214 -0.002997 0.000464 
-32.254478 0.000000 109.671021 176.692688 0.000000 0.000000 -3.094196 13.859166 4.692352 1.263316 3.227062 -0.861477 2.201402 5.963594 -1.550303 2.045034 5.829197 -1.504708 -6.407630 -5.829267 -2.188934 -8.985700 3.536767 7.853052 -1.638816 -0.349202 -16.576204 -19.604805 20.637695 -65.434464 -37.738308 -1.227386 4.468557 1.173865 8.526286 -3.664494 0.814877 -0.540223 15.731383 19.953770 10.360151 56.121490 70.903603 0.425772 -2.520886 5.455221 15.970522 -4.008512 8.723677 -36.484486 -1.543059 -2.738236 33.221172 3.666696 -0.419783 -10.916038 -9.822795 0.000154 -0.002025 -0.001745 -12.984811 -14.003342 -4.604306 -17.333454 46.628696 -24.255491 -8.774157 13.268184 0.118075 -0.000206 -0.002919 0.000618 
-32.560333 0.000000 107.281113 175.738754 0.000000 0.000000 -2.313387 13.980697 4.900136 1.057906 3.230921 -1.001054 1.779462 5.982253 -1.831375 1.620471 5.847457 -1.784258 -5.960220 -5.943843 -2.283786 -8.802729 3.704241 8.321045 -1.996650 -0.353848 -16.268492 -19.333485 18.767441 -62.350922 -40.696186 -1.159526 4.397665 0.747707 8.974789 -3.093449 0.855742 -0.531003 15.598976 20.249487 11.020916 57.408592 72.251236 0.483524 -2.128447 5.391491 16.753614 -3.347263 7.995874 -33.968559 -1.527391 -3.048985 31.377045 3.298281 -0.005520 -12.004949 -10.400674 0.000165 -0.002092 -0.001890 -12.083858 -17.917412 -3.292188 -21.432198 52.428444 -28.501255 -8.770994 10.562002 -1.767395 -0.000201 -0.002879 0.000745 
-32.818871 0.000000 104.811737 174.770706 0.000000 0.000000 -1.489720 14.025584 4.995173 0.823942 3.243990 -1.077874 1.339611 6.016498 -1.984454 1.184505 5.885075 -1.940696 -5.645610 -6.215508 -2.216401 -8.638900 3.664730 8.616105 -2.304041 -0.354794 -16.142706 -19.470327 16.742748 -59.286880 -44.013584 -1.006922 4.311565 0.510038 10.129397 -2.770563 0.803005 -0.524099 15.623178 19.906748 11.590483 58.105919 73.561531 0.450367 -1.695518 5.278379 17.740452 -2.768776 8.110017 -31.417181 -1.760202 -3.387310 29.625296 3.010533 0.448320 -13.070666 -10.937391 0.000169 -0.002110 -0.002067 -11.462178 -21.628244 -2.111491 -25.627224 57.344593 -32.633980 -8.258543 7.545185 -2.385304 -0.000198 -0.002865 0.000877 
-33.024120 0.000000 102.289536 173.806122 0.000000 0.000000 -0.554004 14.024075 4.973169 0.581935 3.281985 -1.119776 0.878337 6.112063 -2.075413 0.722733 5.993441 -2.036592 -5.514422 -6.526372 -2.051626 -8.603068 3.444349 8.798289 -2.717671 -0.349405 -16.059259 -19.637907 14.490741 -56.426174 -47.738926 -0.729987 4.283797 0.366871 11.576382 -2.327774 0.753654 -0.517401 15.674672 19.167057 12.010515 58.346634 74.709641 0.281367 -1.248692 5.179641 18.834776 -2.458370 8.579603 -28.860195 -1.928079 -3.649184 28.285658 2.812841 0.659977 -13.770149 -11.179811 0.000169 -0.002086 -0.002271 -11.532223 -25.716564 -0.586715 -30.977266 61.400742 -37.584988 -7.992212 4.858022 -2.536498 -0.000204 -0.002900 0.000997 
-33.174030 0.000000 99.708145 172.852875 0.000000 0.000000 0.304763 13.928682 4.929049 0.374476 3.359607 -1.151299 0.478879 6.278085 -2.144959 0.322903 6.175516 -2.107580 -5.451263 -6.786635 -1.841413 -8.580795 3.214156 8.978240 -3.033472 -0.323522 -15.995627 -19.913109 12.163549 -53.613613 -51.894806 -0.358333 4.311995 0.229549 13.060617 -1.737354 0.833252 -0.518310 15.657258 18.135416 12.301797 58.513176 75.873886 0.073141 -0.709110 5.169290 19.950411 -2.524817 9.049844 -26.710428 -2.025828 -3.794716 27.707777 2.730786 0.465007 -14.324268 -10.931742 0.000167 -0.002054 -0.002526 -12.375809 -29.876848 1.074036 -36.985405 64.491508 -42.772724 -7.996421 2.489900 -1.982612 -0.000212 -0.002969 0.001142 
-33.270752 0.000000 97.056732 171.916809 0.000000 0.000000 1.092183 13.745154 4.853321 0.217879 3.473156 -1.124732 0.180222 6.509915 -2.103124 0.027223 6.423121 -2.068085 -5.612004 -7.100218 -1.539675 -8.687718 3.119995 9.065063 -3.443479 -0.275667 -15.849243 -20.243147 9.537743 -51.019924 -56.689018 -0.033897 4.068266 0.076216 14.871840 -1.375363 0.945899 -0.542760 15.669263 16.971254 12.447611 58.599777 76.765297 -0.182722 -0.145865 5.246196 20.656729 -2.719057 9.339888 -24.934128 -2.160176 -3.609442 28.022966 2.816974 0.025787 -14.843602 -10.243244 0.000163 -0.002024 -0.002857 -13.722710 -33.968395 2.978485 -42.880112 66.679802 -47.902195 -8.090818 0.374830 -1.198829 -0.000223 -0.003046 0.001336 
-33.295780 0.000000 94.355515 171.007584 0.000000 0.000000 1.760531 13.563134 4.727087 0.062832 3.626158 -1.094242 -0.101697 6.836180 -2.044827 -0.232887 6.765538 -2.005205 -5.787855 -7.774257 -1.131752 -8.714800 3.017652 9.033586 -4.079045 -0.236974 -15.682855 -20.355474 6.627430 -48.473473 -61.579773 -0.061125 3.082022 0.081661 17.456926 -1.785491 1.071563 -0.569023 15.756417 15.645765 12.136617 58.522949 77.349937 -0.640162 0.577094 5.397994 21.542856 -3.153592 9.449102 -23.509527 -2.222287 -2.972115 29.166597 3.246732 -0.125552 -15.531127 -9.706573 0.000159 -0.002015 -0.003266 -15.310008 -38.135887 5.377495 -47.773392 68.208572 -52.386768 -8.199762 -1.702194 -0.620384 -0.000232 -0.003090 0.001720 
-33.217793 0.000000 91.604271 170.129211 0.000000 0.000000 2.243194 13.363157 4.683838 -0.118445 3.787492 -1.072555 -0.430141 7.204033 -2.040310 -0.527575 7.138067 -2.004948 -5.681918 -8.613251 -0.973893 -8.689950 2.660564 9.078835 -4.660399 -0.305192 -15.732392 -20.193251 3.435378 -46.149788 -65.248764 -0.048436 1.452981 -0.023732 19.066395 -2.075291 1.259142 -0.549161 15.913962 14.620243 11.274690 58.581333 77.375023 -1.118856 1.157374 5.436816 22.326221 -3.812490 10.396505 -22.387333 -2.656751 -2.462183 31.232473 3.814439 -0.280799 -16.484470 -9.090353 0.000159 -0.002057 -0.003597 -17.130331 -42.383972 8.090848 -51.991943 69.723106 -56.644299 -8.045537 -3.861933 0.064323 -0.000234 -0.003060 0.002229 
-33.043388 0.000000 88.797249 169.283997 0.000000 0.000000 2.657143 13.163771 4.849026 -0.322290 3.955678 -1.089112 -0.807013 7.594582 -2.138895 -0.875229 7.522279 -2.117502 -5.309960 -9.555649 -0.872886 -8.570188 2.250140 9.077073 -4.980515 -0.407312 -15.641428 -20.497705 -0.085359 -44.548397 -69.164352 -0.270331 0.125796 -0.184170 20.359159 -2.042376 1.640055 -0.493887 15.874616 13.693579 10.430793 58.901554 76.937469 -1.613731 1.677264 5.561801 22.912178 -4.880372 11.549252 -21.205000 -3.371231 -1.957913 33.726242 4.304108 -0.355697 -18.091711 -8.527968 0.000152 -0.002118 -0.003818 -18.995770 -46.580402 10.567183 -53.309826 71.033386 -58.002079 -7.393035 -5.793965 1.055991 -0.000245 -0.003015 0.002895 
-32.774227 0.000000 85.908508 168.473145 0.000000 0.000000 3.151959 12.726992 5.086880 -0.550103 4.163884 -1.126421 -1.229793 8.072153 -2.286849 -1.272859 7.992519 -2.284861 -4.907119 -10.364596 -0.871457 -8.516304 1.744269 9.118087 -5.459916 -0.517426 -15.348421 -21.090460 -4.327649 -43.340961 -72.887527 -0.596777 -1.070827 -0.525807 21.085344 -1.679770 2.054054 -0.457622 15.939216 12.614314 9.672493 59.066078 75.687531 -1.930311 1.803427 5.742987 23.510183 -6.257961 12.600947 -19.989399 -3.775597 -1.436568 36.472839 4.775630 -0.147602 -20.859339 -8.195029 0.000140 -0.002170 -0.003916 -20.426140 -50.544960 12.261953 -52.370209 72.518524 -56.852978 -6.419193 -7.883708 2.387110 -0.000262 -0.002992 0.003433 
-32.419674 0.000000 82.912811 167.695404 0.000000 0.000000 3.894718 12.253704 5.293938 -0.825655 4.391680 -1.133907 -1.760568 8.563995 -2.376495 -1.781417 8.457952 -2.394260 -4.650081 -11.135356 -0.752345 -8.426044 1.124558 9.086252 -6.229695 -0.617608 -14.851381 -22.245682 -8.990288 -42.433094 -76.163330 -0.967191 -2.003995 -0.975032 21.731689 -1.379214 2.367933 -0.425426 15.970127 11.502909 9.119097 59.197937 73.894966 -2.015927 1.541410 5.811469 23.624010 -7.630054 13.518876 -18.517385 -3.849024 -1.153020 38.774452 5.197472 -0.039560 -24.321327 -7.839283 0.000129 -0.002231 -0.003886 -21.486395 -54.537899 13.987807 -49.786018 73.495697 -53.799831 -5.773810 -9.433771 3.335511 -0.000277 -0.002958 0.003835 
-31.973711 0.000000 79.810501 166.957825 0.000000 0.000000 4.778286 11.896536 5.332091 -1.109931 4.604557 -1.072247 -2.334287 9.000777 -2.304307 -2.366060 8.855697 -2.346309 -4.125898 -11.813315 -0.998099 -8.309181 0.505430 9.142933 -7.030875 -0.719311 -14.317995 -24.087723 -13.560502 -41.405514 -78.973030 -1.307436 -2.707174 -1.517919 22.356789 -0.915503 2.624970 -0.389701 15.989600 10.459542 9.316905 59.099396 72.185402 -2.030570 1.183740 5.909890 23.412786 -9.057757 13.957599 -16.590420 -3.878539 -0.777631 40.101177 5.587640 0.252608 -28.046978 -7.597099 0.000122 -0.002316 -0.003771 -23.034500 -58.299290 16.168676 -45.095928 73.631668 -48.849525 -5.373367 -9.992826 3.707979 -0.000291 -0.002907 0.004126 
-31.443457 0.000000 76.600037 166.279114 0.000000 0.000000 4.376181 16.034182 3.524013 -1.476402 4.963036 -0.293534 -2.899661 9.665648 -0.593772 -2.916357 9.442205 -0.575868 -3.100399 -12.784621 -1.098898 -7.942898 -3.160019 7.997037 -7.362968 -0.483325 -12.380834 -21.989058 -19.204964 -37.550510 -72.557602 0.217420 1.183483 -0.046333 20.235756 1.621729 3.673742 -0.690662 17.252459 10.650105 8.082558 57.245827 68.191864 -2.202982 0.203736 8.228139 21.489277 -14.279747 12.818933 -20.446882 -2.220373 -2.957137 45.510002 3.709994 0.141157 -27.926369 -8.621394 0.000036 -0.001860 -0.003463 -30.534168 -57.696442 26.270475 -32.285957 65.308197 -37.241451 -6.299590 -11.130933 1.647350 -0.000382 -0.003441 0.003746 
-31.049118 0.000000 73.248360 165.847824 0.000000 0.000000 5.380108 15.459557 3.376032 -1.698338 5.255670 -0.161982 -3.373020 10.235472 -0.364831 -3.402812 9.949806 -0.360341 -2.435670 -13.737108 -1.502429 -7.658810 -3.637079 7.785048 -8.228079 -0.532466 -11.313456 -24.646358 -23.833694 -35.983543 -76.436569 -0.276327 -0.069683 -0.740772 22.061586 1.644758 4.054423 -0.637056 16.997099 9.351572 8.783605 56.752064 66.973740 -2.397935 0.198866 8.483788 20.910362 -15.466940 12.534594 -17.608070 -1.560428 -2.950951 45.893940 4.208943 -0.051426 -29.806664 -7.953773 0.000028 -0.001948 -0.003502 -34.420570 -60.436783 30.029099 -27.789734 64.665344 -32.575817 -5.677786 -10.873369 2.735831 -0.000394 -0.003358 0.004238 
-30.567446 0.000000 69.799370 165.496384 0.000000 0.000000 6.398803 15.020239 3.288397 -1.878842 5.510774 -0.045887 -3.757344 10.702474 -0.162811 -3.786769 10.343515 -0.167714 -1.785339 -14.595002 -2.070111 -7.495289 -4.011708 7.516968 -9.090950 -0.546418 -10.125054 -27.676149 -27.592733 -33.984406 -80.356720 -0.758103 -1.211759 -1.583493 23.413876 1.903781 4.361144 -0.587330 16.624834 8.403620 10.353971 56.599739 65.803734 -2.602450 0.115850 8.410602 20.860985 -15.853835 11.714754 -14.393696 -0.798252 -2.638743 45.355320 4.922868 -0.103458 -31.403419 -7.511154 0.000020 -0.002028 -0.003510 -37.256355 -63.166626 32.461575 -22.985868 63.682194 -27.429148 -4.940812 -10.754158 4.669770 -0.000402 -0.003273 0.004675 
-29.985592 0.000000 66.234154 165.226440 0.000000 0.000000 7.361922 14.613959 3.276161 -1.988782 5.766578 0.095714 -3.977712 11.187407 0.084703 -3.996850 10.762769 0.063193 -1.018064 -15.437584 -3.037609 -7.651906 -4.318416 7.554114 -9.820280 -0.494324 -8.874227 -31.069273 -30.443142 -31.438847 -84.375183 -1.362023 -2.455514 -2.517710 24.482018 2.290017 4.755653 -0.557931 16.178074 7.338416 12.754857 56.553654 65.105362 -2.817234 0.203904 8.250858 20.802961 -15.736670 10.858706 -10.581614 0.084806 -2.846786 43.311680 5.113540 -0.329766 -31.814619 -7.228037 0.000019 -0.002086 -0.003574 -39.445652 -65.630547 34.381798 -19.409744 63.097420 -23.240673 -4.758664 -10.542944 7.033712 -0.000404 -0.003198 0.005019 
-29.301548 0.000000 62.538708 165.036316 0.000000 0.000000 8.113851 14.417624 3.179688 -2.072960 6.007999 0.289818 -4.115631 11.646933 0.454852 -4.125995 11.163468 0.424897 -0.483566 -16.595089 -4.204402 -8.281430 -4.309678 7.912004 -10.411757 -0.400575 -7.558097 -34.015099 -32.787544 -29.063215 -88.300880 -2.076502 -3.706266 -3.266750 26.022076 2.909147 5.147530 -0.518103 15.701738 6.921825 15.850170 56.344456 65.209587 -3.035046 0.660627 8.202165 20.495872 -15.498839 10.205935 -6.569100 1.466550 -3.764951 39.434246 4.368256 -1.260886 -30.627632 -6.776054 0.000021 -0.002109 -0.003789 -41.043079 -67.753700 35.912621 -17.139935 62.719151 -20.485098 -4.812523 -10.221724 9.033217 -0.000402 -0.003131 0.005352 
-28.519211 0.000000 58.712368 164.925003 0.000000 0.000000 8.810901 14.549321 2.936355 -2.199242 6.166073 0.516512 -4.350204 11.940854 0.921531 -4.360235 11.421130 0.893363 0.099961 -17.720598 -5.613841 -9.229277 -4.089098 8.545907 -10.771561 -0.261470 -6.106603 -36.639008 -34.365494 -27.184864 -90.259323 -2.136579 -4.175488 -3.972473 26.855814 3.881215 5.379840 -0.424054 15.051143 6.902251 19.810827 56.090874 66.470238 -3.028297 1.480104 8.449103 19.922613 -15.253605 9.790904 -2.625067 3.194667 -4.825708 34.755703 3.440484 -2.305058 -28.622932 -6.590090 0.000018 -0.002123 -0.003881 -42.588024 -69.140121 37.542656 -15.715112 62.787849 -18.996862 -4.597864 -9.189128 10.141447 -0.000400 -0.003049 0.005591 
-27.644381 0.000000 54.758228 164.892807 0.000000 0.000000 9.236505 15.062458 2.593720 -2.334501 6.174895 0.770583 -4.567078 11.965582 1.462662 -4.565433 11.440590 1.441599 0.779831 -18.443687 -7.059726 -10.046920 -3.616977 9.236192 -10.828879 -0.157012 -4.876757 -38.416054 -34.534939 -25.423157 -93.513206 -2.350159 -4.619099 -4.772188 27.678045 4.788576 5.503415 -0.314894 14.463454 6.748974 23.822748 55.981236 68.154671 -3.030938 2.397770 8.331740 19.760815 -14.732980 9.799675 1.124867 4.752556 -5.483548 30.043440 3.072409 -2.927356 -25.170420 -6.695600 0.000022 -0.002158 -0.003968 -44.839981 -69.579361 39.665363 -14.863078 63.232780 -18.226305 -4.060317 -7.389758 10.353863 -0.000391 -0.002940 0.005862 
-26.673164 0.000000 50.684021 164.937256 0.000000 0.000000 9.171412 15.944102 2.627976 -2.351953 6.018180 0.970893 -4.588515 11.628071 1.855854 -4.598721 11.109526 1.841969 2.223246 -18.790976 -8.959015 -10.371572 -2.866720 9.685184 -10.404069 -0.130309 -3.930771 -39.115257 -32.936516 -23.818554 -97.198143 -2.338675 -4.814796 -5.438125 27.468025 5.540012 5.873749 -0.173594 13.656831 6.199520 26.846853 56.063648 70.213860 -2.957735 3.361009 8.445269 19.950375 -14.488356 9.430572 4.127120 5.394975 -5.466448 26.017761 2.946573 -3.258619 -21.024889 -6.656268 0.000024 -0.002198 -0.003886 -47.539230 -69.272842 41.967697 -15.872983 64.940338 -19.425999 -3.960437 -5.933841 9.898835 -0.000385 -0.002842 0.006020 
-25.628624 0.000000 46.518951 165.065079 0.000000 0.000000 8.341713 16.637348 2.972804 -2.332162 5.793279 1.072770 -4.558939 11.161014 2.025830 -4.599140 10.662230 1.996454 3.726703 -18.882872 -10.396341 -10.047431 -1.882444 9.642458 -9.533073 -0.211229 -3.687750 -38.328583 -30.318594 -23.212313 -100.770767 -2.350547 -4.971189 -5.633790 26.592995 5.693266 6.445568 -0.102942 13.122234 5.856962 28.389299 55.678696 71.813171 -3.124071 4.347170 8.477695 20.747652 -14.157431 9.584118 6.163263 5.377014 -4.576936 23.781181 2.597819 -3.773787 -15.030006 -6.038482 0.000008 -0.002177 -0.003887 -48.785328 -67.860733 43.030903 -19.686945 67.376724 -23.886036 -4.094760 -5.890453 8.469190 -0.000399 -0.002851 0.006201 
-24.544252 0.000000 42.269566 165.247696 0.000000 0.000000 7.373891 17.503063 3.604921 -2.329621 5.454720 1.099943 -4.588032 10.492859 2.005224 -4.653020 10.033059 1.946749 4.910267 -19.036428 -11.249028 -9.525703 -1.095298 9.240745 -8.332858 -0.346927 -4.086120 -36.882023 -26.322872 -23.502237 -103.684639 -2.345294 -4.976776 -5.835414 25.049797 5.768665 7.098900 -0.049783 12.650311 5.707710 28.687759 55.663063 72.209976 -3.256234 4.892017 8.530469 21.331133 -14.178594 9.946837 6.856833 4.865291 -3.915683 23.838839 2.274742 -3.706661 -7.511051 -6.670110 -0.000012 -0.002126 -0.003960 -47.507328 -65.302696 41.887733 -23.112787 68.026245 -28.371012 -4.471802 -6.994189 5.796691 -0.000419 -0.002914 0.006351 
-23.420126 0.000000 37.883083 165.451721 0.000000 0.000000 5.923316 18.300314 4.321074 -2.233054 5.168929 1.087778 -4.434509 9.916557 1.894030 -4.524853 9.491919 1.806198 5.444671 -19.530197 -11.116508 -8.602890 -0.797095 8.361718 -7.361526 -0.445124 -4.831555 -35.455791 -21.634583 -24.814991 -105.519875 -2.294588 -4.881637 -6.368278 23.903423 5.884128 7.778699 -0.016041 12.327027 5.554251 27.752872 55.316761 72.694191 -3.530742 5.574124 8.437369 21.694304 -13.845023 10.540492 6.437231 3.732742 -4.042998 26.567850 2.273463 -3.509403 1.369554 -8.504593 -0.000027 -0.002042 -0.004090 -44.319546 -62.408760 39.275715 -25.051975 67.858749 -30.649069 -4.444579 -8.159893 2.657557 -0.000434 -0.003013 0.006450 
-22.214880 0.000000 33.304630 165.668503 0.000000 0.000000 4.276450 18.988768 4.727663 -1.968281 4.952647 1.074892 -3.994131 9.512571 1.796853 -4.139603 9.133881 1.682464 5.911009 -20.480095 -10.839691 -7.714684 -0.802447 7.299794 -6.806260 -0.461903 -5.644862 -34.361107 -15.553923 -26.161222 -106.503036 -2.206565 -4.747313 -6.801366 23.374628 5.815249 8.351886 -0.039300 12.407531 5.261714 26.087687 54.028538 73.433922 -3.913243 6.273622 7.893555 21.819529 -13.230236 11.073653 5.085652 2.423125 -4.007836 31.656870 2.630957 -3.513939 11.483239 -9.595731 -0.000035 -0.002013 -0.004196 -40.487309 -59.081329 35.889427 -25.791977 67.413940 -32.065582 -4.154580 -10.839948 0.407188 -0.000442 -0.003022 0.006595 
-20.908373 0.000000 28.564484 165.887024 0.000000 0.000000 2.141302 19.509565 5.054433 -1.567561 4.825371 1.036560 -3.255124 9.308662 1.683808 -3.419355 8.989176 1.577987 6.245617 -21.409719 -10.300376 -6.582582 -1.187491 5.712388 -6.462631 -0.422392 -6.551437 -33.066715 -8.908366 -28.592442 -106.357712 -2.217633 -4.583046 -6.978731 24.714428 4.947203 8.812500 -0.136814 12.718681 5.363945 23.263216 51.811146 73.782150 -4.187839 6.695382 7.244831 21.251556 -13.549541 12.233264 1.998116 0.469098 -2.663014 40.814384 4.170842 -2.597738 18.093508 -8.892355 -0.000046 -0.001988 -0.004265 -35.493572 -55.402443 31.078575 -24.819487 67.247147 -31.868801 -3.113427 -14.968841 -1.334567 -0.000452 -0.003040 0.006721 
-19.515316 0.000000 23.702801 166.120346 0.000000 0.000000 -0.324631 19.617662 5.286074 -1.095116 4.882619 1.021192 -2.287508 9.490002 1.683076 -2.430954 9.243849 1.608241 6.431763 -21.947615 -10.293090 -6.023351 -2.365466 4.603804 -6.133407 -0.399441 -7.469808 -30.710810 -3.318453 -32.244247 -104.386307 -2.446526 -4.593574 -6.682546 26.924417 3.600387 9.240275 -0.237126 13.272786 6.190691 18.795122 49.109692 74.015343 -4.218707 6.761300 6.393140 20.246107 -14.103031 14.319385 -2.111569 -1.661590 0.985286 52.638290 7.913466 -0.168781 20.537554 -5.708725 -0.000054 -0.001988 -0.004215 -30.673559 -51.757618 26.287159 -24.310604 67.346657 -31.553402 -2.784376 -19.303829 -1.238103 -0.000456 -0.002986 0.006964 
-18.050177 0.000000 18.714432 166.357330 0.000000 0.000000 -3.385289 19.830786 4.944998 -0.577887 5.095625 1.071613 -1.128140 9.913154 1.872178 -1.214468 9.722532 1.824608 6.297921 -22.377823 -10.748847 -6.285638 -3.904974 4.132981 -5.652716 -0.343037 -8.640156 -27.249418 1.059522 -35.938469 -101.253593 -2.493770 -4.433775 -5.516626 29.195984 2.847702 9.814865 -0.418578 13.912031 7.982161 13.435725 45.620647 74.769318 -4.223950 6.770814 5.719502 20.034893 -14.415813 15.684203 -7.956686 -3.559561 11.213961 64.325691 17.620119 3.131190 17.456890 -2.404876 -0.000059 -0.001917 -0.004256 -26.170519 -48.133766 22.515474 -22.738417 67.085503 -29.321058 -2.777941 -22.047743 -0.428950 -0.000460 -0.003013 0.007026 
-16.472197 0.000000 13.607722 166.566147 0.000000 0.000000 -6.482631 20.202198 4.256006 -0.074531 5.323151 1.161852 -0.015868 10.262769 2.131789 -0.051511 10.088337 2.092266 6.217380 -22.727066 -11.507465 -6.666252 -5.186226 3.867707 -5.108999 -0.319691 -9.983834 -23.020872 5.976002 -38.902302 -97.464745 -2.478948 -4.265373 -3.942556 31.421532 2.550608 10.523113 -0.599740 14.593815 10.950433 6.699697 41.706814 76.686440 -4.540434 7.502282 5.295543 20.268377 -14.583595 16.594368 -14.334427 -5.164596 25.458385 73.344063 30.716364 4.157116 12.186991 -0.631209 -0.000057 -0.001857 -0.004474 -22.766193 -45.001091 20.052208 -22.007195 66.691818 -27.949293 -2.739080 -22.621105 -0.776786 -0.000453 -0.003030 0.007095 
-14.815958 0.000000 8.409924 166.696381 0.000000 0.000000 -9.950509 20.906782 3.520883 0.391361 5.467239 1.239088 1.057099 10.430932 2.337579 1.076286 10.265338 2.305913 6.846686 -23.070658 -12.947745 -7.124397 -5.956760 4.313154 -3.730269 -0.385604 -11.024946 -18.615448 11.623382 -40.545631 -93.458366 -2.518522 -3.934209 -2.491373 32.205296 1.320860 12.047273 -0.654402 14.732480 13.663590 -0.763412 37.683537 81.231499 -5.488855 9.513705 5.517869 20.304735 -13.723360 17.572893 -21.961838 -6.441279 51.278679 80.702438 55.510300 3.927946 8.083493 -1.414179 -0.000063 -0.001854 -0.004602 -20.433849 -42.171749 18.038340 -18.913937 66.188850 -25.085995 -1.823312 -23.031284 -0.888366 -0.000450 -0.002997 0.007233 
-13.094666 0.000000 3.122754 166.732346 0.000000 0.000000 -12.430036 21.698435 3.423092 0.768944 5.491628 1.113560 1.875672 10.405906 2.124049 1.953225 10.221311 2.104143 6.826805 -23.743813 -13.820324 -7.754513 -6.544556 4.955335 -2.358987 -0.408620 -11.169617 -14.637051 18.158154 -41.093388 -92.732376 -2.318308 -4.006335 -1.991999 29.238832 2.069159 13.046057 -0.491758 13.651954 16.965443 -7.836562 34.943630 85.717209 -5.859683 10.321357 6.918998 19.460596 -13.313006 18.855614 -30.764315 -8.543115 102.409348 82.683151 106.688263 3.507797 5.178309 -1.913881 -0.000057 -0.001847 -0.004745 -18.615185 -39.267174 15.318664 -15.274297 65.034416 -22.346027 -0.927086 -23.840664 -0.078498 -0.000439 -0.002982 0.007113 
-11.296443 0.000000 -2.252842 166.650177 0.000000 0.000000 -14.008782 22.339462 3.869570 1.062256 5.453834 0.870352 2.469611 10.294602 1.640323 2.587560 10.086606 1.608355 6.855940 -24.142147 -14.906667 -8.911717 -7.064779 6.141853 -1.178106 -0.352686 -10.980315 -10.751090 24.632599 -40.756302 -94.056107 -2.292509 -4.517766 -2.023000 24.817930 3.171994 14.044994 -0.229556 11.891485 19.683821 -14.033137 32.418228 90.615402 -5.952157 10.696315 8.566845 18.323534 -13.029675 21.075850 -40.152771 -11.505478 134.487549 79.607201 138.822617 3.277726 2.072160 -1.715017 -0.000052 -0.001827 -0.004923 -16.873228 -36.351254 12.058370 -12.118175 63.105671 -20.129614 -0.948506 -24.528711 1.821562 -0.000433 -0.002992 0.007014 
-9.380704 0.000000 -7.749911 166.455231 0.000000 0.000000 -14.693799 23.007307 4.550174 1.297344 5.422580 0.519679 2.908262 10.099622 0.911647 3.031338 9.855984 0.860032 6.540423 -24.232605 -15.493913 -10.214078 -7.154155 7.621885 -0.419964 -0.227020 -9.983442 -7.476447 31.449728 -39.669682 -96.488129 -2.063211 -4.824172 -2.558724 20.018217 4.080768 14.732157 0.107117 9.749247 20.854393 -19.513727 30.114483 96.259758 -6.331353 11.350467 10.114123 17.940283 -13.316250 23.794382 -49.209541 -15.473361 140.411194 77.402306 144.601425 3.646342 -1.184175 -1.628596 -0.000058 -0.001795 -0.005017 -15.920667 -32.412289 8.706438 -7.374952 60.124355 -16.422913 -0.083516 -24.001598 3.081118 -0.000445 -0.003036 0.007031 
-7.371337 0.000000 -13.374487 166.152557 0.000000 0.000000 -13.134036 22.106018 4.375800 2.007304 4.680925 -0.027894 4.155446 8.660419 -0.161941 4.204471 8.458437 -0.211079 4.063954 -25.330860 -11.170663 -7.452071 -5.290328 4.939049 0.474118 -0.110067 -8.917838 1.988982 36.995216 -41.793987 -100.429634 -2.591656 -5.826031 -3.559332 17.316225 7.493432 11.464173 0.141681 7.806906 13.655193 -28.957314 33.607632 105.025963 -6.434090 11.348517 10.513303 18.611782 -14.090906 32.281025 -65.534332 -27.373417 124.462982 75.638573 128.945053 4.483435 -5.226053 3.381584 0.000017 -0.002011 -0.005024 -14.245062 -15.229277 4.691885 0.345545 44.228611 -9.848464 2.521042 -24.268349 -0.638497 -0.000387 -0.002883 0.006752 
-5.085842 0.000000 -19.837311 166.024139 0.000000 0.000000 -12.758029 22.291872 5.139453 2.472773 4.618062 -0.324151 5.025597 8.470397 -0.743041 5.053801 8.246355 -0.785464 2.333169 -25.457907 -10.245192 -8.480248 -4.347696 5.298458 -0.337244 0.091977 -7.288374 3.679475 42.404205 -41.905369 -101.797592 -2.458921 -5.847212 -4.193983 15.119538 7.997188 10.916580 0.243964 6.172051 13.968382 -29.903175 31.993502 108.621712 -6.907200 11.810364 11.221577 19.501133 -14.684194 39.169197 -70.142784 -35.645184 102.195305 78.604042 105.981865 4.060291 -6.080166 3.150269 0.000012 -0.001989 -0.005073 -13.838448 -8.860112 2.100817 2.548998 37.528461 -7.826647 2.989279 -17.349594 -0.577862 -0.000394 -0.002917 0.006798 
-2.733339 0.000000 -26.438156 165.801270 0.000000 0.000000 -11.871290 22.427565 5.838091 2.951168 4.448978 -0.656390 5.912060 8.087840 -1.375207 5.937525 7.857308 -1.400219 0.934355 -25.240891 -9.622515 -9.649457 -3.128267 6.030018 -1.192975 0.305277 -5.875514 5.136395 46.754482 -42.267647 -102.422050 -2.279836 -5.631313 -4.686302 12.860869 8.251531 9.910969 0.189010 5.118050 13.894826 -28.997044 30.583714 111.056709 -7.199180 12.088819 11.933882 19.707315 -15.323377 45.127903 -72.335228 -42.523174 57.190334 79.049339 60.705276 2.854648 -6.974978 2.283297 0.000003 -0.001984 -0.004937 -13.683667 -2.292151 -0.510009 3.991219 30.354116 -6.121058 2.739157 -7.074221 0.147480 -0.000400 -0.002915 0.006854 
-0.314018 0.000000 -33.132812 165.497711 0.000000 0.000000 -10.597085 22.344786 6.607255 3.306352 4.255106 -0.936224 6.563929 7.686303 -1.867807 6.570896 7.479688 -1.850935 0.322177 -24.916245 -9.638396 -10.572367 -1.557658 6.794856 -1.920924 0.475415 -5.102993 7.132403 49.360142 -42.266434 -102.460464 -2.150041 -5.364557 -4.947830 11.550179 8.164349 8.777187 0.111894 4.687777 14.318503 -26.017319 29.522039 112.649406 -7.228522 12.089299 12.648654 19.288948 -15.704652 47.533386 -72.939972 -46.321815 23.110449 72.687119 26.240442 1.573040 -7.699918 -0.089679 -0.000007 -0.001985 -0.004701 -14.362906 3.686412 -3.436359 5.277311 23.879684 -4.486371 2.506961 6.493354 1.553899 -0.000409 -0.002902 0.006812 
2.162626 0.000000 -39.919033 165.104050 0.000000 0.000000 -9.006310 21.794315 6.763756 3.486302 4.140229 -0.968328 6.859828 7.465591 -1.888797 6.830541 7.283150 -1.839952 0.367066 -25.171392 -10.592415 -11.546669 -0.372350 7.468377 -2.814536 0.637662 -4.980539 8.591805 49.914825 -43.168110 -101.858635 -2.207839 -5.378399 -4.882709 10.975748 7.656259 7.631367 0.024194 4.913234 15.196815 -21.466967 28.764292 113.667564 -7.032362 11.746900 12.450133 19.344038 -15.815453 44.480091 -72.611862 -44.690357 7.755855 63.621502 10.539058 0.128112 -7.492184 -3.076253 -0.000013 -0.001983 -0.004582 -15.915632 9.208402 -5.537072 7.367153 18.656712 -3.210390 3.306954 21.057125 4.049838 -0.000409 -0.002874 0.006688 
4.697280 0.000000 -46.803291 164.630997 0.000000 0.000000 -7.571504 21.145285 6.176339 3.599198 4.052221 -0.864050 7.084967 7.283482 -1.642478 7.041595 7.094706 -1.572365 0.736896 -25.279173 -11.783318 -12.569751 0.763950 8.362401 -3.497185 0.670706 -5.503646 9.565408 49.577599 -43.652431 -100.398491 -2.374251 -5.403360 -4.885599 10.046444 7.295496 6.827189 -0.078143 5.669475 16.019516 -16.456396 28.755924 113.492294 -7.013127 11.661366 11.598512 19.669226 -14.886651 38.937870 -71.720253 -39.686455 0.770745 54.701607 2.949654 -1.410076 -8.517844 -5.498538 -0.000009 -0.002054 -0.004485 -15.888261 14.180103 -5.502853 9.175681 15.193118 -2.801996 4.301833 30.444399 5.441315 -0.000401 -0.002810 0.006681 
7.302998 0.000000 -53.775150 164.073532 0.000000 0.000000 -5.745759 20.441473 5.428075 3.732958 3.903182 -0.825225 7.332617 6.964314 -1.563132 7.250570 6.786971 -1.476380 0.379632 -24.868866 -12.737483 -13.958028 1.966236 9.918366 -3.812813 0.589240 -6.356071 9.322490 48.927776 -45.002605 -99.103539 -2.408792 -5.171599 -4.749911 9.720058 6.308089 5.990387 -0.201746 6.793682 16.398336 -11.322800 29.788267 112.016968 -6.702508 11.459636 11.240623 18.945049 -13.952637 28.937239 -70.511223 -30.663811 -1.939383 46.795940 -0.107648 -1.547217 -9.192807 -8.778888 -0.000002 -0.002133 -0.004213 -14.006192 17.559210 -3.846827 10.619989 15.939871 -2.361524 4.571883 34.063461 4.429075 -0.000397 -0.002784 0.006606 
9.953746 0.000000 -60.824142 163.405655 0.000000 0.000000 -4.266950 19.699533 4.982371 3.734144 3.917335 -0.818105 7.360671 6.937300 -1.595809 7.287917 6.728689 -1.524542 -0.029095 -24.963219 -13.009084 -14.599381 2.693134 10.741073 -3.444446 0.312337 -7.965615 9.028267 45.868843 -45.670082 -96.857224 -2.480764 -5.010210 -4.041557 10.023722 5.375736 5.648593 -0.231747 8.018491 16.867668 -6.779712 30.482374 109.256111 -6.407322 11.244940 11.139000 17.499193 -12.492253 25.395941 -68.908478 -27.463245 -2.257899 42.626797 -0.432733 -0.398579 -9.514433 -11.845028 0.000017 -0.002233 -0.003981 -10.108232 18.448038 -1.035537 10.547017 22.899319 -2.368826 3.920691 30.709539 2.326977 -0.000389 -0.002771 0.006618 
12.656646 0.000000 -67.945183 162.651398 0.000000 0.000000 -3.170695 18.436356 5.062058 3.454155 4.200046 -0.893757 6.826224 7.462415 -1.780823 6.766459 7.205748 -1.738509 -0.272521 -25.717661 -11.735497 -13.557920 2.925649 9.923878 -2.930608 0.010145 -9.785221 8.663904 40.599392 -45.598282 -94.255150 -2.612347 -5.017588 -3.901776 11.323414 6.170209 5.387917 -0.294787 9.233050 17.523336 -2.574730 32.381367 105.548279 -5.897935 10.774534 10.414514 17.790329 -10.981503 26.140011 -66.522545 -28.353836 -1.393901 42.185730 0.389506 0.934934 -8.147474 -13.548691 0.000040 -0.002334 -0.004027 -7.635921 16.851601 0.448538 8.014960 33.794853 -2.383484 3.636704 26.194281 2.140631 -0.000368 -0.002718 0.006588 
15.370367 0.000000 -75.123993 161.850998 0.000000 0.000000 -2.046756 17.169168 5.272728 2.932736 4.440842 -1.010707 5.842595 7.953453 -2.056341 5.812049 7.688901 -2.042571 -0.344624 -26.451344 -10.163002 -12.099317 2.864922 8.988844 -2.092105 -0.261669 -11.682165 7.121599 34.674747 -46.513302 -91.748520 -2.667078 -4.955493 -3.905776 12.698369 7.341224 5.481884 -0.296120 10.197267 17.988821 1.209104 34.857048 101.156128 -5.317791 10.205007 9.610600 17.783709 -9.964305 30.286482 -62.359432 -31.556223 -0.480561 44.677105 2.470840 0.299873 -5.483429 -10.459284 0.000054 -0.002434 -0.004075 -8.105871 13.971504 0.435514 5.028743 45.335598 -3.934556 3.273895 24.897638 3.615268 -0.000347 -0.002599 0.006547 
18.103651 0.000000 -82.352516 161.014038 0.000000 0.000000 -0.993347 15.927048 5.260025 2.391274 4.609367 -1.101417 4.777608 8.361356 -2.234949 4.752771 8.122540 -2.215641 -0.560966 -26.324726 -8.560272 -10.772463 2.361475 8.107915 -1.465712 -0.489624 -13.321835 5.306490 28.702600 -47.862984 -89.604294 -2.716265 -4.736049 -3.528421 12.514376 8.152114 5.772805 -0.267272 11.208406 18.550085 3.660321 38.104652 94.609612 -4.772547 9.698759 8.627852 18.480646 -9.363096 30.118979 -58.283455 -31.476444 0.638678 49.194408 5.120821 -1.414460 -4.249106 -2.620103 0.000057 -0.002514 -0.004008 -9.369894 10.647798 -0.197851 0.089768 55.537205 -8.453507 1.580816 22.861094 3.830541 -0.000341 -0.002496 0.006721 
20.867397 0.000000 -89.656319 160.134415 0.000000 0.000000 0.468372 14.604677 5.657236 1.868333 4.775691 -1.383199 3.713703 8.751493 -2.733244 3.695662 8.540333 -2.677035 -0.941503 -25.806936 -6.351512 -9.070954 1.741434 7.207571 -1.004154 -0.655672 -15.395790 3.235466 22.433212 -49.076397 -88.824799 -2.603674 -4.150775 -1.715114 12.201804 7.814508 6.247008 -0.306151 12.338249 18.431143 6.224794 40.794857 87.866013 -4.834364 9.718065 7.388820 20.630281 -8.768716 27.516863 -54.501404 -29.614349 1.479192 54.463200 6.638763 -2.266735 -8.060617 4.077730 0.000027 -0.002444 -0.003884 -11.876648 6.093942 -1.601360 -9.249155 66.315132 -17.972023 -0.241775 20.623362 3.640323 -0.000373 -0.002571 0.006950 
23.642912 0.000000 -97.022934 159.223389 0.000000 0.000000 2.131314 13.891137 6.711524 1.347145 4.821417 -1.762948 2.610545 8.855782 -3.508533 2.602273 8.664379 -3.467787 -1.290150 -26.019745 -4.619300 -8.082603 1.436063 6.749792 -0.713304 -0.695573 -17.705164 0.710221 15.994910 -48.479424 -90.228287 -2.482530 -4.196240 -0.302186 12.278240 7.056650 6.144848 -0.387096 13.274361 17.123123 8.892622 43.425438 81.615189 -4.030541 8.197209 6.133694 22.456524 -8.625386 25.904274 -50.202370 -28.972992 3.005155 58.527348 8.340792 -2.958772 -14.032593 6.456200 0.000006 -0.002307 -0.003926 -13.704256 -0.412870 -3.529086 -29.011286 75.954750 -38.144650 -1.155981 16.274065 3.049272 -0.000390 -0.002701 0.006862 
26.453144 0.000000 -104.458237 158.293823 0.000000 0.000000 4.017062 13.889537 7.887534 0.965355 4.734006 -2.120785 1.764240 8.644747 -4.299455 1.739189 8.486320 -4.294568 -1.888390 -26.725977 -3.245988 -7.855374 1.870019 6.656545 -1.407827 -0.740698 -19.497868 -3.390009 8.582763 -47.148460 -91.520355 -2.461900 -4.646201 0.326968 13.420313 6.133156 5.076783 -0.433013 14.212035 14.107541 11.482797 45.977646 76.768005 -3.652313 6.664204 4.568904 23.437252 -9.075619 24.288683 -45.374840 -28.306961 3.739078 59.665005 9.587144 -2.985782 -19.006380 5.195624 0.000002 -0.002217 -0.004114 -14.300693 -9.061129 -4.532749 -79.953918 80.779266 -89.301903 -0.963737 11.451498 0.749864 -0.000389 -0.002774 0.006702 
29.323477 0.000000 -111.973862 157.375122 0.000000 0.000000 5.453333 14.056230 7.900531 0.587551 4.599430 -2.201702 0.987174 8.384163 -4.491480 0.957248 8.248879 -4.510470 -2.201213 -27.163660 -2.290240 -7.679803 2.018580 6.623152 -2.798310 -0.851160 -19.806881 -8.742483 0.488586 -46.616962 -93.850632 -2.335770 -4.720990 -0.480929 14.076415 6.364955 3.726057 -0.446444 15.267091 10.570172 14.699074 47.249043 73.038460 -3.370832 5.506912 3.434784 22.913132 -9.903789 21.541740 -41.407578 -26.270344 3.786119 60.615234 10.452109 -2.905228 -23.427391 4.347975 0.000002 -0.002185 -0.004190 -13.063568 -18.321037 -3.343662 -118.075027 77.400696 -127.475403 -1.022779 7.368843 -1.974858 -0.000386 -0.002765 0.006656 
32.253242 0.000000 -119.575371 156.491302 0.000000 0.000000 6.450041 14.101540 7.031871 0.253449 4.435303 -2.094010 0.273998 8.175050 -4.301926 0.236054 8.058128 -4.349000 -2.317196 -26.868065 -1.122318 -6.846023 1.762267 6.429280 -4.529587 -0.953456 -18.714550 -13.663007 -6.924650 -46.003407 -96.318245 -2.459544 -4.964438 -1.607169 16.095043 6.036715 2.668401 -0.342115 15.619245 7.793850 18.211765 47.735634 72.042572 -3.285561 5.351883 3.196191 20.021124 -10.732041 18.444756 -36.563976 -22.426510 2.820836 59.754044 9.765932 -3.161391 -27.105530 3.974938 0.000001 -0.002210 -0.004263 -12.437949 -28.151485 -0.922012 -128.199814 72.974533 -137.751389 -1.904108 4.751120 -3.722970 -0.000390 -0.002723 0.006825 
35.227795 0.000000 -127.292374 155.653259 0.000000 0.000000 7.057597 13.959562 5.345476 -0.113361 4.181280 -1.699610 -0.432861 7.840144 -3.498716 -0.469644 7.764684 -3.555659 -1.815652 -26.000221 -0.359617 -5.433260 1.643796 5.625885 -6.259244 -0.953938 -16.567547 -17.391928 -13.528869 -45.572971 -99.018669 -2.637729 -5.165486 -2.917259 17.771673 5.874841 1.718935 -0.203451 15.153260 5.748645 23.050697 47.394314 73.610100 -3.347937 6.099086 4.189606 17.416767 -11.250000 15.305420 -30.478861 -17.908981 1.496756 57.553951 8.898073 -3.347469 -29.724463 3.442805 -0.000003 -0.002198 -0.004261 -13.089455 -38.102745 3.025664 -128.221970 70.085396 -138.073257 -3.067273 2.067340 -5.192605 -0.000403 -0.002744 0.006904 
38.247757 0.000000 -135.127472 154.878250 0.000000 0.000000 7.327609 13.659634 3.807565 -0.633052 3.956751 -1.273270 -1.424657 7.544297 -2.684009 -1.452263 7.498229 -2.785319 -1.048696 -24.992704 0.553615 -3.356021 1.749118 4.440901 -7.750386 -0.872398 -14.044728 -19.602335 -18.861555 -44.112511 -102.453590 -2.849407 -5.490857 -4.248110 18.433029 6.437579 1.053332 -0.023640 13.917587 3.912829 27.587973 46.323830 76.430222 -3.679742 7.269401 4.498331 16.101389 -11.283338 13.459657 -23.857080 -14.028819 -0.195293 54.121117 7.876288 -3.470870 -30.383726 2.114966 0.000004 -0.002219 -0.004279 -15.182775 -47.057022 8.382235 -124.512650 69.588623 -134.205139 -3.913775 -0.543195 -6.486765 -0.000402 -0.002719 0.007029 
41.333908 0.000000 -143.085785 154.159149 0.000000 0.000000 7.238805 13.501315 2.678530 -1.259047 3.665245 -0.884427 -2.588221 7.054279 -1.973087 -2.574689 7.045263 -2.113180 0.326480 -23.692995 0.969568 -1.021996 2.038718 3.075280 -8.446131 -0.636326 -11.155107 -21.008179 -23.035391 -42.795586 -106.141731 -2.810666 -5.603716 -5.227893 19.069956 6.631826 1.008609 0.150986 12.122149 1.625467 33.088573 44.614914 79.904716 -4.139819 8.538507 5.028312 14.732597 -11.638698 12.964029 -16.612417 -11.032599 -1.869383 50.096573 6.641809 -3.826477 -29.777735 0.759793 0.000007 -0.002216 -0.004299 -18.162886 -54.559456 13.981094 -113.887619 71.739479 -123.129425 -4.238162 -3.535394 -6.094935 -0.000403 -0.002715 0.007141 
44.502197 0.000000 -151.122086 153.488495 0.000000 0.000000 7.061840 13.421242 1.717011 -1.964642 3.432915 -0.511023 -3.904611 6.606005 -1.289012 -3.877299 6.579093 -1.454401 1.983182 -23.223427 1.551186 1.810070 2.875262 1.223458 -8.452150 -0.402952 -8.516563 -21.853104 -25.259325 -41.222988 -109.738396 -2.771797 -5.758421 -6.100046 19.716934 7.195147 1.550153 0.299467 10.297959 -1.290961 38.105247 42.389153 83.347435 -4.710977 9.716388 5.836570 13.335051 -12.044680 12.621226 -8.705000 -7.870187 -3.169011 44.555267 5.032156 -4.330243 -26.335403 -0.131034 0.000007 -0.002192 -0.004444 -20.542114 -59.598042 19.035568 -89.346436 74.175362 -98.129013 -4.934288 -4.413789 -5.262148 -0.000405 -0.002736 0.007211 
47.723808 0.000000 -159.192184 152.870422 0.000000 0.000000 7.150379 14.212442 -1.063389 -3.104297 3.113360 0.274413 -5.969770 5.974772 0.211123 -5.876600 5.883131 0.012274 3.813156 -23.019695 1.322564 3.829353 4.031115 0.293231 -6.899435 -0.278697 -5.379439 -18.745756 -26.756317 -39.374992 -116.436539 -2.635480 -6.034263 -8.084419 18.633516 9.710285 3.275651 0.606554 7.340638 -6.206411 40.923283 37.278069 88.867432 -4.568422 10.345503 6.369776 10.103719 -11.704984 13.684282 2.678921 -4.812370 -2.453257 31.937246 6.084106 -1.104869 -13.299706 -0.486158 0.000055 -0.002332 -0.004412 -23.105869 -63.104919 25.539515 -34.527580 70.392189 -40.476273 -3.053285 -5.714414 -4.978844 -0.000363 -0.002619 0.007120 
50.648273 0.000000 -167.231537 152.354813 0.000000 0.000000 6.300342 13.588433 -2.319233 -3.608924 2.930131 0.719454 -6.908611 5.626377 1.088787 -6.785018 5.537631 0.874670 5.021568 -23.303179 2.569175 6.803010 6.043726 -2.174423 -5.868909 -0.245348 -4.303666 -19.514526 -24.039150 -38.271240 -119.407272 -2.655044 -6.041188 -8.748071 17.560978 9.431189 4.047262 0.745366 6.463130 -8.654573 43.145039 35.933228 91.392891 -4.637048 10.426258 6.681987 9.622552 -11.428100 15.098317 10.113246 -1.350449 -4.998140 25.060537 3.724584 -1.730460 2.713826 -2.280459 0.000062 -0.002338 -0.004383 -24.491652 -62.461052 28.782200 -16.236559 62.114094 -21.821049 -2.174904 -4.217173 -2.734887 -0.000353 -0.002586 0.007106 
53.621895 0.000000 -175.331390 151.957214 0.000000 0.000000 5.008093 13.016861 -3.025170 -4.006601 2.672923 0.930645 -7.667698 5.154551 1.531157 -7.520761 5.074156 1.314105 5.708969 -23.321474 4.750887 9.836630 8.214696 -4.964879 -4.539819 -0.310505 -4.118867 -19.865398 -19.974670 -37.766037 -122.239754 -2.839021 -6.104171 -8.596597 16.979992 8.445287 4.812162 0.806928 6.348641 -10.482882 44.422157 34.832485 93.192291 -4.796134 10.626061 6.717464 9.926874 -10.842394 17.162966 16.591377 1.349256 -7.217874 18.978765 2.482033 -3.170526 17.373289 -5.950014 0.000058 -0.002297 -0.004421 -23.490129 -60.242874 29.191404 -6.375517 51.529507 -12.265685 -1.047939 -4.146469 -0.852539 -0.000351 -0.002617 0.007050 
56.640594 0.000000 -183.498123 151.657745 0.000000 0.000000 3.588615 12.629669 -2.821584 -4.026250 2.401309 0.880496 -7.714311 4.661986 1.469984 -7.550436 4.598680 1.265436 6.576329 -22.932068 6.575998 12.431080 9.133993 -7.125327 -3.534341 -0.439032 -4.669400 -21.357637 -13.727239 -37.183319 -124.224770 -3.037316 -6.123873 -8.394773 15.985271 7.822458 5.677261 0.897225 6.619258 -12.711267 44.476849 34.594208 94.184769 -4.999173 10.644661 6.494352 10.000183 -10.718116 17.699308 20.540876 1.760401 -8.773960 17.666983 2.334005 -4.085824 24.445328 -7.055987 0.000059 -0.002328 -0.004343 -21.038944 -58.685295 27.398796 -1.770236 42.901913 -6.709888 -0.192933 -4.137651 1.728325 -0.000351 -0.002581 0.007128 
59.628304 0.000000 -191.735352 151.459488 0.000000 0.000000 2.552566 12.325444 -2.560232 -4.054312 2.320531 0.829522 -7.800570 4.426021 1.408905 -7.642378 4.354037 1.235485 6.963775 -23.088795 7.816015 14.030512 9.518325 -8.422667 -3.032509 -0.530771 -5.537229 -22.320444 -7.185403 -37.493954 -125.112206 -3.185197 -6.113770 -8.421888 13.930072 7.426059 5.949265 0.923341 6.981826 -14.621913 43.273911 34.276772 94.750351 -5.168385 10.605545 5.753043 10.053919 -10.142059 15.422433 21.677450 0.312501 -9.208508 22.489758 2.462095 -4.022374 24.779491 -4.699899 0.000064 -0.002360 -0.004374 -19.390751 -57.100388 25.892397 0.365159 36.584003 -3.223069 0.168558 -4.991819 5.679442 -0.000343 -0.002536 0.007126 
62.578846 0.000000 -200.025421 151.332428 0.000000 0.000000 1.988502 11.542206 -2.189925 -3.939234 2.499506 0.732866 -7.625921 4.723920 1.301715 -7.507505 4.672731 1.171070 6.451346 -23.605238 8.430878 14.400850 9.403325 -9.292692 -3.034549 -0.445314 -6.008382 -22.355392 -1.454872 -39.503853 -124.819595 -3.261108 -6.192214 -7.656876 13.780828 6.503008 4.732241 0.701572 7.989683 -15.677358 40.313339 34.263130 94.748459 -5.458107 10.694981 5.442634 10.194658 -9.960309 12.194171 20.326754 -1.564857 -7.606088 32.160671 2.152081 -3.299005 20.946325 -1.984570 0.000045 -0.002224 -0.004487 -20.386332 -55.285343 26.245529 0.689536 34.355801 -2.538535 -0.362435 -5.317173 7.517649 -0.000351 -0.002587 0.007050 
65.543922 0.000000 -208.316986 151.262161 0.000000 0.000000 1.249207 10.428279 -1.780277 -3.568538 2.765842 0.681151 -6.959534 5.204000 1.237529 -6.907002 5.191029 1.114813 6.183538 -24.319347 8.159168 14.263342 9.776962 -9.816148 -3.075748 -0.371175 -6.658770 -23.006113 4.522686 -42.916138 -122.689972 -3.240378 -6.189906 -7.212599 15.255778 5.401244 3.451660 0.441441 9.370621 -14.466912 36.963551 36.218575 93.719803 -5.489249 10.672106 5.272538 10.603594 -10.394218 10.928545 17.646620 -2.721387 -5.404722 44.183411 2.238401 -2.807093 17.980755 -1.123693 0.000034 -0.002184 -0.004446 -21.349224 -52.672844 26.953283 0.346005 35.826176 -3.644311 -0.507694 -5.547173 7.981794 -0.000357 -0.002603 0.006983 
68.546310 0.000000 -216.610138 151.234894 0.000000 0.000000 -0.278007 9.015200 -1.537817 -2.989570 3.085444 0.661115 -5.837689 5.811012 1.242349 -5.815706 5.830173 1.115369 5.637226 -24.723600 8.360929 14.296041 9.940989 -10.514805 -3.286896 -0.312363 -7.387780 -23.971653 9.655134 -47.222584 -118.912766 -3.246386 -6.147493 -6.567091 16.998016 3.971028 2.284946 0.222082 10.928345 -11.508626 33.261944 39.624607 92.375511 -5.377085 10.646258 5.128374 11.003476 -11.045508 11.614346 13.743985 -3.405446 -3.472241 57.000038 2.852943 -2.741061 17.169834 -1.786821 0.000026 -0.002122 -0.004422 -22.667210 -48.673946 28.309586 0.215979 38.916008 -5.229095 -0.216799 -5.184577 7.181156 -0.000357 -0.002628 0.006835 
71.575577 0.000000 -224.923355 151.248444 0.000000 0.000000 -1.784253 7.745790 -1.762522 -2.274503 3.352459 0.747896 -4.442741 6.354559 1.443494 -4.427962 6.406971 1.336080 5.386222 -24.475586 8.246867 14.415818 9.457937 -11.768389 -3.600141 -0.239209 -8.024585 -24.327961 13.261490 -51.235542 -114.023964 -3.206983 -6.098880 -5.493313 19.056252 2.792977 1.336737 0.050331 12.642816 -8.585731 28.770491 42.522385 90.948906 -5.291616 10.659356 5.172696 10.838924 -11.977674 13.143451 8.590489 -2.425940 -0.938382 69.041573 3.940405 -2.686448 14.525300 -2.310017 0.000013 -0.001996 -0.004415 -22.624853 -43.898521 27.984509 0.233852 41.434704 -6.259422 1.403164 -5.487514 2.630907 -0.000362 -0.002760 0.006640 
74.621658 0.000000 -233.263824 151.251022 0.000000 0.000000 -2.978535 6.644779 -2.167326 -1.615138 3.660677 0.896096 -3.112287 6.967278 1.732778 -3.103007 7.031604 1.649198 4.848279 -24.556547 8.449763 14.572469 8.831893 -12.956293 -3.839064 -0.182889 -9.271729 -23.252977 15.932846 -53.831364 -107.769005 -3.274673 -6.153600 -4.311565 22.106180 2.074860 0.426817 -0.112907 15.394267 -5.575291 22.719505 43.985260 89.405304 -5.152624 10.627501 4.454600 11.096887 -11.563361 14.887699 1.956812 -1.025222 4.974239 79.602379 9.204229 -2.397387 9.864644 -1.090032 0.000023 -0.001874 -0.004604 -21.525322 -39.908390 26.854795 -1.059846 45.550941 -8.031519 2.891314 -8.982762 -3.034299 -0.000354 -0.002902 0.006358 
77.689613 0.000000 -241.634033 151.243240 0.000000 0.000000 -4.110773 6.207485 -3.093062 -1.012441 3.954420 1.223234 -1.865845 7.499905 2.393438 -1.857680 7.535970 2.343291 5.211379 -25.144857 7.355983 14.189013 8.225092 -13.489289 -3.363038 -0.255520 -10.491323 -21.041908 17.704264 -55.086975 -100.593178 -2.934283 -5.518063 -3.325002 24.913803 2.709255 0.439201 -0.219319 18.010256 -2.297687 15.556528 44.467793 88.779823 -5.115101 10.581418 3.520885 11.919638 -10.959867 16.027822 -6.944167 0.247533 72.878609 87.104630 77.691734 -1.574630 5.330305 0.354238 0.000037 -0.001856 -0.004672 -19.318134 -36.151917 25.597532 -2.212151 48.719872 -9.745984 3.864724 -14.359137 -6.091005 -0.000346 -0.002956 0.006209 
80.799118 0.000000 -249.993713 151.232376 0.000000 0.000000 -5.051929 6.405555 -4.044649 -0.582225 4.027220 1.530595 -1.007143 7.645212 3.004358 -1.006415 7.676996 2.990976 6.493011 -25.354713 4.956496 13.289031 7.750968 -12.821939 -2.363491 -0.292275 -11.857958 -18.323437 19.696989 -54.776489 -94.475838 -3.001027 -5.066095 -1.895383 27.022133 2.921245 1.859781 -0.443548 19.861118 2.050834 8.992278 44.642700 88.420723 -5.001109 10.217372 2.696113 12.919296 -10.015752 16.040565 -17.844311 0.929237 138.822983 81.814621 144.598938 -0.321891 0.601268 1.639216 0.000056 -0.001897 -0.004825 -16.502645 -32.501797 24.240147 -3.410421 50.457584 -11.112405 3.366400 -19.703630 -5.295300 -0.000333 -0.002940 0.006164 
83.977943 0.000000 -258.340179 151.236969 0.000000 0.000000 -5.472852 6.956184 -4.702459 -0.261717 3.924354 1.765006 -0.347290 7.515078 3.494110 -0.352861 7.554822 3.504810 7.753768 -25.004145 2.435275 12.200342 7.437885 -11.736992 -1.161229 -0.291099 -12.931302 -15.163282 22.428394 -53.397457 -90.302269 -3.041585 -4.701248 -0.080947 27.747515 2.354786 3.826104 -0.717894 20.765051 6.451210 3.170411 45.034920 88.978119 -4.911364 10.012393 2.984608 12.893807 -9.023315 14.709991 -29.602066 1.294095 143.399536 76.492828 149.775650 1.007143 -4.079223 2.158328 0.000071 -0.002014 -0.004844 -14.951785 -28.044012 23.016773 -3.993739 50.700993 -12.264886 3.168323 -23.934677 -4.419215 -0.000321 -0.002859 0.006289 
87.179825 0.000000 -266.714508 151.303101 0.000000 0.000000 -5.239736 7.257166 -4.441121 0.198604 3.784706 1.760161 0.469816 7.254586 3.539468 0.406836 7.278276 3.585631 7.879885 -24.589396 1.478828 11.379669 7.303084 -11.145017 -0.230500 -0.250079 -12.613257 -12.087139 26.839039 -51.676289 -89.258301 -2.945401 -4.799420 0.426204 24.564379 2.005649 5.445324 -0.843219 19.682085 10.674401 -2.702269 46.116840 92.072197 -4.736271 9.697993 4.425660 12.618316 -8.868497 12.277372 -40.498257 1.412382 137.878296 74.945015 145.129517 2.051762 -5.625997 3.227470 0.000074 -0.002099 -0.004744 -13.559830 -22.078350 20.358374 -3.481111 48.689747 -13.019334 2.209275 -27.772375 -2.294069 -0.000322 -0.002801 0.006264 
90.375687 0.000000 -275.165161 151.437332 0.000000 0.000000 -4.983816 7.373079 -3.852547 0.663208 3.566522 1.653772 1.359061 6.818555 3.384361 1.268888 6.811401 3.464289 7.105978 -24.041153 1.006025 9.821279 7.796826 -10.494071 0.324972 -0.204603 -11.868749 -8.318595 32.103184 -49.248314 -91.727417 -3.065751 -5.308877 0.074211 20.150867 2.631715 6.359491 -0.810378 17.963425 13.403020 -7.553181 47.457306 96.184273 -4.905817 9.916642 6.019465 13.250033 -9.858033 11.390885 -49.979637 -0.332293 123.899788 75.933762 131.796875 3.552980 -5.198829 2.423835 0.000074 -0.002116 -0.004790 -12.717571 -15.370132 16.791906 -1.782524 45.531666 -11.615941 2.221374 -29.032015 -0.989595 -0.000325 -0.002814 0.006225 
93.620926 0.000000 -283.675934 151.619934 0.000000 0.000000 -4.204113 7.184958 -3.042969 1.180338 3.286661 1.439452 2.282977 6.270887 2.993206 2.157350 6.261913 3.079978 5.426383 -23.123800 0.828589 7.453218 8.787866 -9.437619 0.186397 -0.113989 -10.313188 -3.866220 37.154194 -46.081932 -95.459045 -3.142131 -5.760936 -0.760488 15.814978 3.262265 6.468052 -0.661802 15.981716 14.990360 -11.037381 48.100204 100.953880 -5.395219 10.635083 8.013187 12.942278 -11.233907 11.777925 -56.235893 -2.833014 91.482521 78.147148 99.079979 4.474525 -5.548191 1.245328 0.000070 -0.002126 -0.004824 -12.393354 -7.648318 12.823746 0.168369 41.357697 -10.030124 2.390291 -28.068392 0.309444 -0.000336 -0.002837 0.006273 
96.931633 0.000000 -292.224487 151.857040 0.000000 0.000000 -3.543307 6.633638 -2.252318 1.892061 2.985173 1.180851 3.622639 5.652827 2.535487 3.482422 5.656766 2.643644 3.735085 -21.570501 0.782453 5.048687 9.779244 -8.134365 -0.267570 -0.049380 -8.459468 0.371469 41.755814 -43.149006 -99.147842 -3.072354 -6.097245 -2.017643 12.294715 3.515197 6.175420 -0.456430 13.817954 15.361959 -12.390206 48.152977 105.714264 -5.806331 11.064871 9.969559 12.349929 -12.166437 12.494482 -59.796936 -5.409455 49.891365 75.723206 56.747646 4.567345 -5.822894 0.549353 0.000073 -0.002189 -0.004718 -12.131822 0.695951 8.858380 2.131234 35.939972 -8.400553 2.473155 -22.808680 1.069505 -0.000336 -0.002776 0.006284 
100.264503 0.000000 -300.788727 152.162506 0.000000 0.000000 -2.785983 5.975610 -1.394813 2.607823 2.617180 0.863105 5.001192 4.921830 1.889614 4.847150 4.965620 2.011576 2.430672 -19.855993 0.187236 2.495991 10.507019 -6.307646 -0.749098 0.135651 -6.631154 5.253478 45.591183 -39.444916 -102.694626 -3.132989 -6.477495 -3.380856 8.262401 4.352786 5.503104 -0.364601 11.783293 14.846013 -12.136510 48.183105 110.421165 -6.306367 11.326161 11.375051 12.058456 -12.459778 13.840344 -60.687191 -7.763978 20.326593 67.655693 26.852638 2.897810 -4.423801 -0.028328 0.000071 -0.002165 -0.004765 -12.060919 9.545067 4.724873 3.494543 29.588623 -6.778114 2.299659 -13.791377 1.718223 -0.000331 -0.002753 0.006174 
103.630043 0.000000 -309.363708 152.509918 0.000000 0.000000 -2.299795 5.375521 -0.364088 3.261631 2.246872 0.568708 6.325321 4.210721 1.275214 6.189199 4.292996 1.421160 0.909883 -18.427210 -1.818563 -1.115926 11.205098 -2.922796 -1.052059 0.322132 -5.238120 9.513408 48.379963 -36.527214 -104.999794 -3.290846 -6.865748 -4.670595 6.420021 5.397973 4.762319 -0.332203 10.288967 14.407769 -11.249700 47.280800 114.603233 -6.654977 11.321107 11.884936 12.544222 -12.789938 13.146810 -59.505062 -8.218538 5.453127 56.533638 12.140721 0.085132 -2.785436 -1.783443 0.000077 -0.002154 -0.004868 -12.745054 16.494310 -0.252505 4.596572 24.730181 -4.581920 2.420663 -1.203708 2.272629 -0.000312 -0.002733 0.006072 
107.032524 0.000000 -317.986786 152.877716 0.000000 0.000000 -1.735067 4.607244 0.458037 3.853766 1.930011 0.362430 7.512836 3.596100 0.852238 7.411135 3.704161 1.014891 0.480540 -17.535643 -4.549743 -3.857351 12.349041 -0.097789 -1.274893 0.464376 -4.671594 13.314851 49.697529 -34.373562 -106.709572 -3.286577 -6.968380 -4.980661 6.324346 5.884809 3.914649 -0.337510 9.422595 13.580052 -9.337000 46.172028 118.114632 -6.884767 11.129606 11.948200 13.206214 -12.710787 11.823798 -57.139671 -8.556665 -1.571902 44.720894 4.941263 -2.271725 -2.084036 -4.450508 0.000072 -0.002159 -0.004861 -15.268112 21.686529 -4.898202 6.497277 22.616760 -3.272314 3.204933 11.760524 5.182546 -0.000313 -0.002733 0.006003 
110.474030 0.000000 -326.637756 153.269714 0.000000 0.000000 0.277223 1.184077 -0.241242 3.995514 1.223874 0.568016 7.868224 2.364113 1.314478 7.862196 2.549088 1.502274 1.060469 -11.234774 -7.527691 -5.808683 14.023604 2.326240 0.708579 0.051243 -5.702788 17.808895 47.612343 -35.051666 -108.319931 -2.131407 -5.269912 -3.167161 6.287743 4.580129 2.970781 -0.180747 10.924106 16.869850 4.395805 43.524071 115.323586 -7.678001 12.506907 11.584383 12.616248 -11.577596 10.327769 -49.767891 -4.844844 -2.581209 26.497919 1.901355 -0.253323 -4.921864 -7.792009 -0.000002 -0.002216 -0.004032 -15.818365 23.652254 -6.522816 7.712192 27.486448 -4.715134 3.693321 16.144873 2.665437 -0.000401 -0.002735 0.006552 
113.385712 0.000000 -335.117981 153.830948 0.000000 0.000000 -0.092349 0.865544 -0.273088 4.166414 1.162182 0.485276 8.139320 2.281306 1.177789 8.115143 2.474222 1.382565 0.976350 -10.297746 -8.886463 -7.048547 13.662108 3.949992 1.049285 0.075173 -5.727520 20.972446 46.875637 -34.656036 -109.221107 -2.086479 -5.124447 -2.861598 6.157197 4.448296 3.254198 -0.219558 10.734574 17.232506 6.313403 42.178886 115.648087 -7.986087 12.602290 12.029323 12.974715 -11.661853 5.892030 -48.574924 -2.417706 -1.940406 20.184267 1.210024 0.478126 -4.918998 -8.448256 -0.000024 -0.002144 -0.003996 -14.980868 23.929277 -6.923950 7.715959 33.580902 -4.708571 4.146194 16.998835 1.896015 -0.000426 -0.002810 0.006651 
116.252792 0.000000 -343.564514 154.373245 0.000000 0.000000 -0.467594 0.169412 -0.716196 4.074582 1.296107 0.483342 7.924511 2.520274 1.217754 7.880859 2.702631 1.412341 0.365914 -9.900887 -9.007895 -7.752623 13.895290 4.694258 1.870080 -0.001168 -6.398604 22.125528 45.308567 -35.779453 -108.836815 -2.146469 -5.065784 -2.035271 7.338871 4.350042 3.516274 -0.234595 10.632300 17.885681 7.967171 42.065662 114.928490 -8.077656 12.557246 12.170993 13.134591 -11.449112 3.380262 -47.291313 -1.088655 -1.171315 17.767380 1.174822 1.042605 -4.586313 -8.444745 -0.000031 -0.002112 -0.004003 -13.680305 23.668545 -6.049508 6.028970 41.206917 -6.206032 3.174084 15.124524 -0.107576 -0.000438 -0.002867 0.006660 
119.069801 0.000000 -351.962189 154.910065 0.000000 0.000000 -0.140299 -0.997109 -0.789814 3.777267 1.550906 0.461678 7.378836 3.049231 1.155707 7.338411 3.234238 1.323599 -0.331821 -9.775014 -8.236219 -7.735416 13.918201 4.924839 2.559376 -0.080863 -7.260835 21.342724 43.190517 -38.134331 -108.299606 -2.253808 -5.123691 -1.282334 9.273693 4.177260 3.437419 -0.277030 10.928007 17.879105 9.318068 42.667034 113.542000 -7.973831 12.407821 12.164695 12.740033 -11.253844 4.391383 -45.722076 -2.485813 -1.248511 19.162025 1.610037 0.563333 -2.055490 -7.578490 -0.000021 -0.002121 -0.004054 -12.166487 22.191631 -4.591721 1.060959 50.066723 -10.318394 1.485752 11.848404 -0.693494 -0.000437 -0.002914 0.006627 
121.896805 0.000000 -360.268188 155.452774 0.000000 0.000000 0.541384 -2.522367 -0.202648 3.277721 1.851292 0.320389 6.416582 3.675274 0.800757 6.345930 3.864045 0.940588 -0.177838 -9.996030 -7.565109 -7.026320 13.898575 4.756467 3.185853 -0.160526 -8.534367 18.465044 40.181557 -41.917294 -107.255508 -2.184456 -5.111967 -1.039464 10.625403 4.542065 3.458914 -0.254135 11.292839 17.766262 11.129644 43.831074 110.803452 -7.809066 12.314534 11.732517 13.185007 -10.716886 8.508698 -43.713463 -6.016726 -1.957608 23.165277 2.170175 -0.846238 1.983612 -6.394272 -0.000008 -0.002205 -0.004051 -10.932837 18.848665 -3.816402 -7.650508 59.516422 -17.409016 -0.812229 9.068807 -1.005486 -0.000425 -0.002866 0.006708 
124.758636 0.000000 -368.536102 156.014816 0.000000 0.000000 1.860401 -4.058299 1.279768 2.655954 2.062099 -0.083576 5.132264 4.180547 -0.088006 5.021231 4.399085 0.014189 0.047807 -10.321309 -6.737789 -5.981872 13.943901 4.532952 3.689653 -0.215111 -10.429969 14.664738 34.846947 -44.885479 -104.950676 -2.257215 -5.277589 -1.208403 11.201975 5.494635 3.307708 -0.211543 11.814265 17.174156 12.612614 45.964470 106.295120 -7.477787 12.075324 11.056288 14.130892 -9.729028 12.530575 -41.525253 -10.385083 -3.085118 29.510073 2.456296 -2.288609 6.981277 -4.647299 0.000003 -0.002279 -0.004074 -12.002589 13.867082 -4.601846 -21.751078 67.412628 -30.405016 -3.018224 5.662235 -1.798391 -0.000411 -0.002775 0.006680 
127.632156 0.000000 -376.803101 156.611923 0.000000 0.000000 2.749552 -5.280971 3.334880 2.032153 2.342907 -0.688629 3.820231 4.776953 -1.355559 3.709383 5.008269 -1.297024 -0.173742 -10.795100 -4.918252 -4.841849 13.629539 3.776012 3.678331 -0.236913 -12.749849 10.691284 27.755455 -46.383339 -101.696365 -2.275935 -5.297574 -0.888703 11.863892 6.207984 2.863985 -0.223377 12.587530 17.199753 13.605337 48.010517 99.592323 -6.938990 11.551152 10.433707 16.520145 -9.683548 15.044218 -39.780415 -14.807870 -3.230491 37.134529 2.847652 -2.755697 5.671730 -2.805915 0.000003 -0.002267 -0.004140 -13.180326 7.908330 -6.638360 -43.297558 72.668541 -52.082722 -4.248419 1.530227 -2.534531 -0.000408 -0.002795 0.006484 
130.489258 0.000000 -385.035431 157.193619 0.000000 0.000000 3.455996 -5.915847 5.377705 1.415244 2.688038 -1.236353 2.526571 5.446338 -2.556554 2.407823 5.664108 -2.535215 -0.658716 -11.965094 -2.643208 -3.648268 13.572194 2.456647 3.118162 -0.203437 -15.858685 6.027276 20.610033 -46.235565 -97.883507 -2.261802 -4.905724 0.277760 13.602123 5.439187 2.280720 -0.297421 14.053712 17.325788 13.134760 48.274006 90.835602 -6.206807 10.948015 8.783340 19.930662 -9.985730 15.752082 -38.474899 -18.303001 -1.805061 44.909668 4.016448 -2.529268 0.002774 -0.996064 -0.000007 -0.002183 -0.004189 -13.756005 0.503337 -8.847570 -69.286461 75.450661 -78.736717 -3.810804 -2.571854 -3.171216 -0.000406 -0.002849 0.006347 
133.351151 0.000000 -393.212830 157.712021 0.000000 0.000000 3.612674 -5.751922 6.883587 0.929582 2.837649 -1.652595 1.654511 5.741644 -3.493274 1.604510 5.931407 -3.501364 -1.069973 -13.080367 -0.986089 -2.671556 13.834712 1.678094 1.902973 -0.327754 -18.884363 -0.013051 14.345381 -45.208054 -93.947365 -2.318207 -4.545352 1.704603 16.190434 4.204551 1.668420 -0.318197 15.840199 16.929361 11.959259 48.664478 81.229591 -4.988352 9.149935 6.698596 21.384686 -10.345185 15.979716 -35.835884 -20.802128 0.455669 50.283131 6.450153 -1.610139 -4.703001 1.484730 0.000001 -0.002203 -0.004087 -12.398394 -9.263146 -9.340498 -94.041092 75.245895 -103.832245 -2.503978 -7.352776 -4.475774 -0.000393 -0.002819 0.006336 
136.228287 0.000000 -401.361755 158.138763 0.000000 0.000000 3.154745 -5.760039 8.069976 0.575268 2.898793 -2.008768 1.062925 5.932203 -4.288532 1.123996 6.111917 -4.317675 -1.188133 -13.276672 0.084424 -1.928699 14.352734 0.917405 0.009002 -0.526835 -20.319729 -6.651370 8.322473 -43.849339 -91.285080 -2.130930 -4.357911 2.444707 18.539734 3.146135 1.207240 -0.290873 16.817230 16.456961 11.600883 49.672260 71.439575 -3.522408 5.274121 4.591409 21.379433 -10.787674 15.731092 -31.855452 -21.784822 2.693442 54.054817 9.223184 -0.705976 -10.709449 2.455751 0.000016 -0.002197 -0.004035 -9.472222 -19.056610 -9.306928 -102.175598 74.574120 -112.054214 -1.779971 -10.066344 -5.410881 -0.000384 -0.002872 0.006104 
139.100525 0.000000 -409.457306 158.481537 0.000000 0.000000 1.898823 -6.177872 8.610493 0.291662 2.846843 -2.144944 0.692658 5.966410 -4.606698 0.872577 6.160527 -4.666789 -0.472268 -12.355033 0.071610 -1.256098 14.547701 0.730880 -1.701553 -0.633261 -20.268824 -12.763468 3.587953 -43.703510 -89.838173 -2.163055 -4.412184 2.615519 21.087378 2.181726 1.180763 -0.272553 16.773932 15.667313 13.100633 50.339718 64.792381 -3.235699 2.235135 3.098798 20.109692 -10.900309 14.447308 -26.714016 -21.022533 5.000661 56.618858 11.609655 -0.098307 -16.568254 2.856508 0.000028 -0.002182 -0.004124 -6.435079 -27.852633 -8.015895 -96.410027 74.814850 -106.973343 -1.733563 -11.266179 -6.137256 -0.000375 -0.002910 0.005948 
141.953125 0.000000 -417.554749 158.739960 0.000000 0.000000 0.604059 -6.608098 8.530128 -0.052578 2.719659 -2.116455 0.209227 5.764707 -4.602238 0.479050 5.954668 -4.698681 1.065600 -11.287040 -0.775298 -0.319779 14.863564 0.996479 -2.664117 -0.613528 -19.191351 -17.739248 0.525190 -44.140869 -90.436363 -2.214297 -4.482141 1.979335 23.134171 1.379836 1.076629 -0.235437 16.317827 14.408650 16.145729 50.167183 61.636395 -3.286922 0.880389 2.357348 17.856243 -10.694389 13.497360 -19.951544 -19.387272 6.238409 57.123363 12.760545 0.580638 -21.695272 2.772374 0.000038 -0.002192 -0.004085 -3.977044 -35.278660 -6.411108 -78.476013 74.881409 -89.343292 -2.556857 -11.177275 -5.626128 -0.000371 -0.002895 0.005974 
144.792221 0.000000 -425.702759 158.908707 0.000000 0.000000 -0.106918 -7.103609 7.902245 -0.603518 2.528519 -1.937647 -0.792462 5.399756 -4.243155 -0.459411 5.590323 -4.371993 2.267365 -9.938835 -1.102655 0.753881 15.121982 0.617465 -2.864084 -0.445784 -17.888130 -21.023224 -1.640901 -45.201797 -93.220871 -2.203263 -4.603416 0.967761 23.146948 1.280858 0.897825 -0.258127 15.538184 12.387614 19.891409 49.319023 60.198723 -2.978963 0.858006 2.272771 16.452133 -10.143344 12.481929 -13.219591 -17.211288 7.513207 56.983864 14.063091 1.333509 -26.269503 2.631930 0.000033 -0.002119 -0.004063 -4.377542 -40.656849 -3.539446 -53.652096 72.834290 -64.232948 -3.143859 -11.425381 -4.527102 -0.000382 -0.002988 0.005913 
147.632874 0.000000 -433.880890 159.005081 0.000000 0.000000 -0.078600 -7.664702 6.465814 -1.337106 2.266626 -1.585276 -2.196278 4.912286 -3.509290 -1.840437 5.116649 -3.678959 3.448929 -7.957513 -0.718063 2.357213 15.458986 -0.687164 -2.954684 -0.343940 -16.176336 -22.213526 -3.300698 -46.694889 -97.632118 -2.329532 -4.922996 -0.448050 21.590233 1.859954 0.588299 -0.211402 14.506173 10.251221 24.301464 47.789211 61.263527 -2.875837 1.507672 2.579605 16.507332 -9.896968 11.559955 -6.685472 -14.503423 7.480671 56.633450 14.385151 0.909919 -27.901260 3.312414 0.000022 -0.001999 -0.004124 -7.355953 -43.144562 1.022800 -31.450428 66.544495 -41.637169 -3.198514 -10.316109 -3.633404 -0.000400 -0.003114 0.005925 
150.470490 0.000000 -442.106018 159.083969 0.000000 0.000000 0.245222 -7.907415 4.670489 -2.125515 1.925879 -1.149729 -3.790813 4.243312 -2.592135 -3.476380 4.463117 -2.803849 4.960516 -6.270124 -0.206403 4.516407 16.265547 -2.121959 -3.031767 -0.332258 -14.147021 -22.842752 -4.587724 -48.318985 -102.157539 -2.441218 -5.257359 -1.948705 20.521061 2.994034 0.217756 -0.061513 13.321734 7.983999 29.190985 45.533890 63.865749 -2.674002 2.279334 3.262480 16.159050 -10.274518 11.465358 -0.100730 -10.827317 5.175800 55.165878 12.602001 -0.535253 -25.311649 4.109072 0.000014 -0.001948 -0.004071 -11.271841 -44.151180 6.154526 -17.372463 57.715382 -27.094858 -2.793373 -8.532476 -2.516625 -0.000410 -0.003167 0.005988 
153.300156 0.000000 -450.312195 159.177490 0.000000 0.000000 0.376372 -8.122529 2.933605 -2.809957 1.616343 -0.684011 -5.222000 3.633602 -1.648709 -4.952961 3.885795 -1.871706 6.814513 -5.294482 0.211690 6.815684 17.365147 -3.501321 -2.893235 -0.335148 -12.322077 -23.373886 -5.001461 -49.352772 -107.111458 -2.659727 -5.594732 -3.301877 20.095903 3.541077 0.177363 0.121618 11.708763 4.590225 34.322552 43.262234 68.148026 -2.542657 3.538501 3.888790 15.375329 -10.891803 12.363263 5.966644 -6.628520 1.773810 53.230644 9.622470 -2.394952 -17.054159 5.390265 0.000012 -0.001991 -0.004003 -14.290020 -43.127552 10.293897 -6.767144 46.203117 -16.609688 -1.548715 -5.387683 -1.406588 -0.000407 -0.003083 0.006294 
156.121582 0.000000 -458.479675 159.280991 0.000000 0.000000 0.594673 -8.398454 1.525338 -3.382326 1.387555 -0.355001 -6.413141 3.200557 -0.999751 -6.157210 3.488843 -1.207382 8.264900 -4.589799 0.559802 8.457747 18.176537 -4.297180 -2.389683 -0.330479 -10.831138 -24.293289 -4.276668 -49.198254 -112.182167 -2.773925 -5.754055 -4.097241 20.439329 3.702416 0.669010 0.304195 10.047368 -0.201335 38.989246 40.887341 72.553078 -2.727871 5.392636 4.784194 13.980983 -11.821049 14.460042 9.684637 -2.583619 -2.461190 53.490063 6.798117 -3.399554 -5.298851 5.753710 0.000010 -0.002056 -0.003997 -13.994670 -41.110443 11.181139 -0.661517 34.229721 -9.098949 -0.221564 -2.525879 0.889507 -0.000404 -0.002947 0.006646 
158.888351 0.000000 -466.602814 159.380081 0.000000 0.000000 1.191513 -8.570237 0.928195 -3.742002 1.215118 -0.273152 -7.221367 2.818502 -0.856933 -7.007589 3.122251 -1.065677 9.299650 -3.586149 0.889984 9.544161 18.009722 -4.802437 -1.862382 -0.353075 -9.694331 -26.180189 -2.441890 -47.938931 -116.423645 -2.802180 -5.766001 -4.498672 20.886505 2.891348 1.210711 0.489346 8.582901 -5.649031 41.890717 38.720718 76.437851 -2.989385 7.026669 5.403742 14.098731 -11.948860 15.585693 11.866864 0.083610 -5.256997 55.553223 5.533888 -3.334876 4.266103 5.069118 0.000004 -0.002122 -0.003950 -11.960182 -39.400509 10.043158 1.368719 24.186409 -4.933341 -0.033240 -0.058955 2.948903 -0.000402 -0.002802 0.006992 
161.622803 0.000000 -474.668701 159.435760 0.000000 0.000000 1.790883 -8.656890 0.852533 -3.794412 1.098253 -0.337525 -7.358226 2.526199 -0.990690 -7.161689 2.826900 -1.180708 9.181693 -1.967168 1.282259 9.652853 17.016397 -4.743400 -2.268605 -0.366793 -8.624216 -27.992115 -0.636397 -46.516937 -118.600830 -2.676012 -5.532411 -5.261421 20.370417 1.715238 1.091282 0.611832 7.608935 -10.090821 43.521935 37.615944 79.695946 -3.281353 8.189930 5.280194 13.952322 -11.271495 14.927405 11.877885 0.968425 -3.837983 60.250118 6.855972 -2.728225 7.559976 3.213455 0.000020 -0.002246 -0.003908 -9.364394 -38.522472 8.568143 2.058583 17.928308 -3.314426 -0.164513 0.707708 4.309504 -0.000385 -0.002673 0.007123 
164.381958 0.000000 -482.619141 159.432419 0.000000 0.000000 2.299014 -9.243882 1.350662 -3.611125 1.198462 -0.529725 -7.068665 2.656326 -1.338270 -6.928434 2.953115 -1.491146 8.362060 -1.302099 1.937379 9.359367 16.338923 -5.110687 -2.914668 -0.377515 -7.850032 -28.453426 0.018972 -45.953316 -120.203903 -2.576163 -5.399865 -6.341582 19.636095 1.907854 0.404553 0.665642 7.493861 -12.289461 44.458099 37.712189 81.611191 -3.857614 9.017474 5.613183 13.012865 -10.886746 13.510783 11.782119 0.923486 -0.587450 64.774643 8.455075 -2.287000 5.461865 3.546726 0.000021 -0.002280 -0.003986 -8.070810 -37.418324 7.577681 2.021625 15.381712 -3.462740 -0.429196 0.197757 5.657654 -0.000376 -0.002589 0.007221 
167.128387 0.000000 -490.438171 159.429688 0.000000 0.000000 0.271681 -9.282396 2.578561 -2.064105 2.056974 -0.486029 -4.263022 4.125191 -1.151954 -4.335901 4.371403 -1.228451 7.458968 -6.265157 -2.033410 5.876941 15.100551 -3.637827 -1.415884 -0.487088 -8.191187 -19.921322 7.631473 -47.056084 -121.194786 -3.415444 -6.465499 -8.928311 16.931103 7.298533 -0.796308 0.475680 8.290799 -14.977996 38.503609 39.281685 88.581642 -5.109672 10.444986 7.179130 11.585751 -14.268555 9.370472 4.972380 0.201309 42.553234 79.526115 46.366386 2.050561 1.467347 4.136377 0.000041 -0.002403 -0.004433 -9.320392 -37.276966 6.756266 1.974044 16.226162 -5.740083 0.138849 8.212786 4.968812 -0.000351 -0.002385 0.007461 
170.770020 0.000000 -498.397339 159.285507 0.000000 0.000000 -0.254221 -10.577175 1.038809 -1.377587 2.565661 -0.155769 -2.908258 5.155238 -0.399213 -2.993676 5.392682 -0.427169 7.176696 -7.300703 -2.711601 5.240534 14.308687 -3.397197 -1.430440 -0.481142 -9.167945 -18.629345 8.186236 -48.785461 -117.543518 -3.564016 -6.601889 -8.227545 20.060534 7.128182 -1.108530 0.333172 9.997551 -12.766454 33.527679 41.351189 86.534592 -5.118779 10.253137 6.793533 12.503057 -15.342175 8.843123 -0.388523 0.969952 81.565613 81.163124 84.559509 3.247092 -2.067923 4.019043 0.000029 -0.002274 -0.004539 -12.510763 -36.541180 9.759074 3.422125 24.009529 -6.390736 1.632335 14.995782 4.411811 -0.000353 -0.002466 0.007254 
174.354691 0.000000 -506.182343 159.216339 0.000000 0.000000 -1.440064 -12.082043 -0.451497 -0.772940 3.136267 0.284688 -1.646734 6.273147 0.517826 -1.732574 6.517715 0.513210 7.389245 -8.837791 -3.652118 4.821884 13.995958 -3.426441 -1.127728 -0.387391 -10.943760 -16.297108 7.514324 -51.182972 -111.661484 -3.343449 -6.275819 -7.114401 23.423845 7.461302 -1.058620 0.169660 13.034588 -8.583838 27.250774 41.929516 83.926659 -5.434795 10.228942 5.254259 14.206755 -14.856805 9.067500 -6.080342 2.253970 112.159042 79.298668 115.734787 3.522590 -4.600816 4.923403 0.000016 -0.002095 -0.004738 -13.219859 -36.657085 12.305350 0.948768 35.705353 -8.316972 1.541502 12.636548 -0.596463 -0.000368 -0.002663 0.006959 
177.952637 0.000000 -513.898438 159.294952 0.000000 0.000000 -3.392945 -13.293594 -2.059402 -0.092646 3.542216 0.780091 -0.177020 7.120710 1.613897 -0.215471 7.366784 1.638019 7.591293 -10.023329 -4.887630 4.134028 14.548307 -3.114794 -0.101777 -0.251166 -13.176641 -13.852266 7.101585 -53.116245 -104.577415 -2.989467 -5.538550 -5.640775 26.795448 7.754355 -0.264585 -0.027481 17.050148 -1.619554 20.982553 41.474033 79.507858 -4.948135 9.144263 3.973495 14.795818 -14.583496 9.286144 -14.352540 3.655587 125.851730 76.768112 130.200180 3.098181 -9.350205 4.544925 0.000018 -0.001986 -0.004882 -12.982309 -36.165798 14.957994 -3.651143 46.135887 -11.595362 0.952251 5.373183 -2.250941 -0.000367 -0.002815 0.006687 
181.594025 0.000000 -521.544373 159.471268 0.000000 0.000000 -4.737494 -14.370905 -3.724972 0.501059 3.837602 1.363244 1.062153 7.761206 2.816809 1.030199 7.965207 2.841190 7.384093 -11.099449 -5.623520 3.557498 15.630410 -2.871269 1.123804 -0.160219 -15.646235 -11.014209 5.939357 -55.371227 -95.210594 -2.330858 -4.517194 -4.030228 29.035549 9.550834 1.208893 -0.299422 20.335009 5.527514 14.868682 39.803230 75.037552 -3.752021 6.608891 2.754262 14.771963 -12.981067 8.562792 -22.369179 3.927733 125.770164 75.924324 130.753555 3.037518 -11.784034 3.307618 0.000059 -0.002068 -0.004756 -14.081120 -33.774033 17.250946 -7.992134 53.665913 -15.240883 0.834983 -2.566551 -3.442157 -0.000334 -0.002821 0.006261 
185.272675 0.000000 -529.140686 159.820496 0.000000 0.000000 -4.747012 -15.283143 -5.271276 0.858266 4.018753 1.814052 1.806828 8.111788 3.736153 1.729704 8.277016 3.759566 7.271784 -10.484697 -6.523723 3.034564 15.986567 -2.356859 2.400841 -0.044910 -17.763065 -9.225004 5.560548 -57.617348 -85.350945 -2.097858 -3.290272 -2.577073 29.735493 11.153556 3.050845 -0.703184 21.786221 9.605998 8.343111 39.161095 72.932610 -3.090044 4.630153 0.469271 17.758249 -9.593519 7.392559 -29.374746 2.735793 115.469521 76.545166 120.969910 4.189514 -11.969433 0.783075 0.000102 -0.002147 -0.004704 -15.690067 -29.439514 18.275085 -11.159207 58.845402 -18.114864 0.814238 -9.491607 -4.703005 -0.000295 -0.002809 0.005804 
188.963623 0.000000 -536.632690 160.367020 0.000000 0.000000 -3.721925 -16.135971 -6.166059 1.069206 3.985543 2.032489 2.147469 8.062378 4.169336 1.966732 8.235998 4.187005 7.016449 -8.310645 -8.046134 1.890385 16.013901 -0.866621 3.145473 0.060174 -18.767551 -8.471122 7.475540 -59.123188 -77.533295 -2.103308 -2.423344 -1.200084 29.112480 11.938996 4.782743 -0.951800 21.329796 11.495027 1.475123 40.238163 73.110359 -2.409815 2.959502 -0.995799 19.630621 -6.755960 6.363461 -35.631359 0.424659 93.482613 77.720055 99.494980 5.054913 -11.855586 -1.300403 0.000143 -0.002290 -0.004832 -16.964205 -24.426720 17.439587 -14.897224 62.907444 -21.268936 0.990343 -16.341612 -5.034154 -0.000252 -0.002719 0.005497 
192.630203 0.000000 -543.985291 161.083084 0.000000 0.000000 -3.085276 -16.408203 -6.592004 1.291600 3.876285 1.989099 2.592858 7.919765 4.093266 2.422624 8.105958 4.106855 5.673320 -6.571182 -8.550007 0.049779 15.779895 0.901890 3.606678 0.204595 -18.685421 -8.122287 11.038738 -59.885887 -71.273399 -2.202069 -0.767088 0.180811 27.243870 10.492472 6.241294 -1.067858 19.881260 11.510289 -4.715328 42.186157 76.316711 -2.342629 3.965301 -0.740341 21.329962 -6.836657 6.709631 -41.057518 -1.560145 58.402409 77.599510 64.495300 4.415762 -10.952152 -1.819391 0.000125 -0.002255 -0.004889 -17.700567 -19.356340 16.670607 -18.585009 64.612946 -24.414642 0.659541 -22.607183 -5.401125 -0.000272 -0.002807 0.005554 
196.244522 0.000000 -551.237549 161.935867 0.000000 0.000000 -3.854031 -16.965191 -6.330002 1.873926 3.846373 1.757089 3.785054 7.897401 3.588916 3.607795 8.091991 3.588175 4.157085 -5.050934 -9.122105 -1.826849 15.616151 3.329085 3.977140 0.244713 -17.830212 -7.905105 18.096512 -58.148655 -69.817749 -3.209822 -1.441765 0.684897 25.952900 9.567655 6.963431 -0.866069 17.620916 9.905415 -9.755394 45.289593 82.595947 -3.928277 6.812201 0.055374 24.648968 -7.593901 8.162338 -43.822742 -3.780591 24.166279 71.206902 30.293779 2.804478 -6.878152 -1.278878 0.000130 -0.002334 -0.005410 -17.822290 -14.568303 14.964123 -22.073568 67.190170 -27.919502 0.523461 -26.710917 -4.923706 -0.000268 -0.002696 0.006147 
199.838577 0.000000 -558.414368 162.905014 0.000000 0.000000 -5.030933 -17.298740 -5.567119 2.650759 3.662272 1.417067 5.299163 7.399034 2.857770 5.130079 7.589954 2.866611 2.721018 -3.938537 -8.980540 -3.186062 16.192169 4.764409 3.855640 0.274797 -15.937207 -6.091520 26.257610 -54.982800 -73.069496 -3.635015 -3.440979 -0.146514 23.563076 9.950736 6.615617 -0.595174 15.374091 8.151554 -10.786200 48.439644 88.746231 -4.451075 7.729458 1.517814 25.134802 -8.126874 10.533216 -44.500683 -7.053322 10.219090 59.747391 15.862448 1.190061 -2.878253 -0.365218 0.000150 -0.002360 -0.005740 -18.046068 -9.720283 11.959972 -22.916553 69.402489 -29.133610 0.456606 -24.242870 -4.838622 -0.000245 -0.002622 0.006104 
203.473618 0.000000 -565.482422 164.014877 0.000000 0.000000 -5.810785 -17.248007 -5.050851 3.293393 3.358500 1.038196 6.588556 6.645194 2.103746 6.448385 6.843963 2.158082 0.795323 -2.474796 -8.384744 -4.507372 17.150412 6.095212 3.988724 0.336778 -13.814423 -1.698277 33.959473 -50.903763 -77.399467 -4.157726 -5.621954 -1.358136 21.184706 10.668650 5.793448 -0.440983 13.432697 7.631304 -9.666138 48.847004 94.444527 -4.574492 8.021201 2.932360 25.820665 -8.982239 13.738322 -43.500759 -10.375269 4.419641 47.577740 10.134537 0.113724 -0.310533 -1.637249 0.000160 -0.002309 -0.006048 -18.821995 -6.392366 8.871562 -23.552059 72.561150 -29.866610 0.672992 -16.162170 -5.208900 -0.000232 -0.002628 0.005906 
207.103821 0.000000 -572.464722 165.276810 0.000000 0.000000 -6.450094 -17.088903 -5.396780 3.689770 3.049161 0.774996 7.475262 5.991004 1.636712 7.409749 6.199962 1.754493 -1.082709 -0.666478 -7.825717 -5.950763 17.106533 7.608629 3.803627 0.326973 -11.322479 3.239941 40.676754 -48.724987 -79.865036 -4.008506 -6.092855 -2.378857 19.502151 10.941285 5.102871 -0.341694 11.795060 8.906078 -7.588254 46.585110 99.449646 -4.655482 8.441775 4.406623 25.909367 -10.112499 15.547688 -42.073185 -11.430171 0.620755 37.181492 6.694261 -0.953619 1.375790 -4.928223 0.000154 -0.002249 -0.005929 -20.309050 -4.276355 6.156527 -20.654745 77.259956 -26.804464 1.452205 -4.424699 -4.627131 -0.000232 -0.002617 0.005846 
210.740692 0.000000 -579.374939 166.679733 0.000000 0.000000 -6.788799 -16.975691 -6.499428 3.809391 2.661916 0.683509 7.772379 5.203131 1.496612 7.750581 5.452312 1.637799 -1.802425 1.480493 -8.111136 -6.943122 16.714855 9.094207 3.841732 0.404087 -9.569172 9.112363 46.883842 -46.127495 -81.440681 -3.828287 -6.128860 -2.684325 18.023754 10.514647 4.640279 -0.348784 10.598258 9.711816 -4.575012 43.603039 103.318863 -4.835830 8.750262 6.039188 25.936808 -11.202717 15.085997 -40.616280 -10.272383 -1.441783 29.563259 4.495520 -1.621285 1.322976 -6.802843 0.000145 -0.002228 -0.005645 -20.021446 -2.848985 5.780896 -21.739044 81.682884 -27.472784 1.326214 2.631891 -3.711732 -0.000237 -0.002568 0.005825 
214.374207 0.000000 -586.167603 168.139908 0.000000 0.000000 -6.637185 -17.386936 -7.872810 3.752234 2.412982 0.807702 7.605122 4.750391 1.782378 7.604813 5.049829 1.937450 -1.943385 3.599411 -8.856621 -7.693170 15.748619 10.542880 4.426987 0.458189 -8.555905 13.794140 50.638828 -45.377754 -82.396332 -3.474533 -5.761991 -2.131766 18.385862 9.484475 4.571689 -0.429659 9.850052 8.490566 -2.600879 40.806244 105.274345 -4.865610 8.651226 7.107195 25.743349 -12.108345 13.900401 -38.816086 -8.640716 -1.987074 25.176785 4.208293 -1.558358 -0.095255 -7.153527 0.000142 -0.002210 -0.005298 -18.336842 -4.060410 6.562735 -60.653675 86.247978 -65.408478 0.089549 4.100826 -1.672046 -0.000242 -0.002569 0.005577 
218.004196 0.000000 -592.881958 169.625214 0.000000 0.000000 -6.089572 -18.336042 -8.792377 3.337784 2.395849 0.852582 6.708074 4.775074 1.934697 6.656889 5.081032 2.080292 -1.781525 5.225239 -8.674580 -7.630807 15.088922 10.908923 5.461994 0.438544 -8.189888 17.746950 51.338474 -44.528194 -82.887657 -3.316543 -5.554929 -1.160814 19.417015 9.036351 4.632753 -0.408316 9.400760 7.779886 -1.894585 37.563602 104.447975 -4.868277 8.673568 7.612523 26.349333 -14.034221 12.739610 -37.978184 -7.934062 -1.635868 25.921934 4.314928 -1.805055 3.132606 -6.632332 0.000142 -0.002283 -0.005136 -16.480783 -5.794996 6.837925 -113.709412 84.556000 -117.531937 -1.529986 0.700098 -0.043121 -0.000257 -0.002603 0.005503 
221.618362 0.000000 -599.547119 171.152908 0.000000 0.000000 -6.419102 -19.188778 -8.895785 2.848325 2.500786 0.646246 5.655263 5.059819 1.515772 5.523983 5.368417 1.644986 -1.055431 5.474329 -8.324039 -7.019168 14.288660 10.812917 6.806660 0.327234 -8.272630 19.917435 49.324043 -44.869019 -82.697014 -3.177620 -5.284029 -0.805135 19.682055 10.066970 4.889790 -0.394725 8.706442 7.098533 -1.535495 36.338600 101.662270 -4.817639 8.619388 7.505038 26.606922 -14.933714 13.270037 -37.670296 -9.501851 -2.547302 30.361900 4.862414 -3.311178 12.327374 -5.584299 0.000145 -0.002352 -0.005188 -15.127405 -10.515858 6.887595 -128.434479 79.503143 -132.113998 -2.906451 -2.594207 -1.156282 -0.000252 -0.002541 0.005563 
225.214905 0.000000 -606.081543 172.736160 0.000000 0.000000 -6.566549 -19.619949 -8.160244 2.342301 2.626898 0.183399 4.643333 5.444871 0.585827 4.510595 5.781373 0.689323 -0.508373 4.892351 -7.750749 -6.684529 13.045251 10.617955 7.537006 0.163471 -8.528625 19.394400 46.314972 -46.644379 -81.690331 -3.134072 -5.009434 -0.796222 19.276114 10.705746 4.520459 -0.343531 8.093875 6.575756 0.269752 36.457642 97.883423 -4.548240 8.358901 7.446811 25.796722 -14.708326 13.680400 -38.518398 -12.579077 -4.265337 38.223198 4.934245 -4.605352 18.893196 -1.829104 0.000147 -0.002458 -0.005136 -14.831016 -16.962698 6.363411 -128.457764 74.337700 -133.089142 -4.246815 -4.931134 -3.461272 -0.000243 -0.002436 0.005687 
228.757339 0.000000 -612.405518 174.412491 0.000000 0.000000 -6.543110 -20.112007 -6.555907 1.869516 2.969419 -0.525919 3.725180 6.224380 -0.805913 3.642627 6.585446 -0.719096 -0.650572 3.881880 -6.921205 -6.938868 11.990500 10.489833 7.191442 0.091157 -9.522027 16.733276 41.401573 -47.175842 -80.537117 -3.091137 -4.448822 -0.530752 18.969334 10.607076 4.122893 -0.231070 7.881874 6.520247 4.204523 35.541183 91.419212 -4.361141 8.214885 7.162015 24.486876 -14.360704 10.874981 -40.680248 -14.722788 -3.028472 49.566181 5.751705 -3.035148 17.818945 3.138731 0.000133 -0.002531 -0.004958 -13.553442 -23.750570 3.738331 -126.130775 72.113403 -132.936356 -3.951013 -5.508550 -5.927319 -0.000257 -0.002403 0.005853 
232.242798 0.000000 -618.516785 176.118088 0.000000 0.000000 -5.883929 -20.823732 -4.892610 1.602556 3.398352 -1.262435 3.109745 7.179188 -2.277363 3.031548 7.556105 -2.170678 -1.156843 3.226074 -6.421935 -7.382689 11.986394 11.055074 6.078985 0.109093 -11.360176 11.890369 35.265827 -45.556747 -80.111946 -3.342761 -4.154091 -0.110260 20.580830 10.566203 3.846642 -0.094401 8.552056 6.897046 10.112303 35.045181 81.454430 -3.933987 7.437105 6.053947 23.508217 -14.475634 7.331706 -42.934547 -16.220591 0.839541 62.727703 7.543112 -1.932624 10.983512 5.546809 0.000121 -0.002546 -0.004926 -11.181622 -30.116289 0.455320 -118.059448 73.467407 -126.258270 -2.868569 -6.145123 -6.771362 -0.000264 -0.002335 0.006155 
235.609726 0.000000 -624.394775 177.871292 0.000000 0.000000 -5.251231 -20.832781 -3.595910 1.342747 3.621072 -1.836060 2.557956 7.654058 -3.488596 2.544384 7.976779 -3.362087 -0.899862 2.716141 -6.423572 -6.937549 12.125189 10.785001 5.168430 0.093473 -13.961844 6.039156 29.020775 -43.453056 -80.325478 -3.280209 -3.931068 -0.253285 21.372826 9.660875 3.917386 0.083088 9.514940 9.062427 16.724545 35.718410 69.652580 -2.971505 3.808272 5.250301 19.225220 -13.834342 7.057850 -43.036484 -17.865858 2.061124 70.699951 7.674315 -2.755522 6.255381 5.452511 0.000130 -0.002668 -0.004569 -6.507312 -37.065685 -2.942194 -99.981613 75.711151 -108.689270 -2.147758 -7.438126 -6.282728 -0.000253 -0.002202 0.006177 
238.880371 0.000000 -630.123657 179.661758 0.000000 0.000000 -4.200179 -22.004072 0.140995 0.871051 3.609435 -2.075805 1.657440 7.570639 -4.172742 1.729454 7.836563 -4.099295 -0.948705 3.466625 -5.484117 -4.941341 14.113892 8.740452 3.209692 -0.182552 -17.540480 -3.098129 19.599070 -42.826904 -76.132835 -1.881068 -0.874056 0.063549 21.408422 9.905890 2.398791 0.220979 13.135939 13.109469 22.569511 43.045036 46.106327 -2.296365 -0.978849 2.583453 15.150301 -10.402469 7.040896 -39.928532 -18.318520 3.467554 74.122231 7.528172 -5.061028 -5.401577 5.492985 0.000137 -0.002870 -0.003267 1.513125 -41.787514 -11.895323 -53.084801 73.927597 -63.969437 -3.250971 -6.532341 -2.229808 -0.000251 -0.002123 0.005842 
241.410278 0.000000 -635.767578 -178.552261 -0.000000 0.000000 -3.673675 -21.676289 -0.783388 0.553447 3.766445 -2.259253 1.047165 7.815822 -4.616525 1.181348 8.052844 -4.530468 -0.838957 4.165051 -5.188022 -4.652599 13.467931 8.898856 2.242363 -0.221633 -17.294031 -7.960598 15.301886 -44.188423 -75.173210 -1.990454 -0.344294 1.038627 23.300985 7.423606 2.968102 0.271045 13.343837 15.137105 28.944370 48.062267 37.847130 -2.184222 -0.910892 0.792561 13.249634 -6.623187 5.333863 -38.585041 -15.902672 0.039787 78.457886 3.816244 -6.211524 -9.934948 4.664022 0.000116 -0.002699 -0.003222 4.271511 -42.821827 -14.001098 -25.789478 68.213577 -36.780922 -1.828169 -2.727280 -1.233255 -0.000271 -0.002318 0.005753 
243.850967 0.000000 -641.196106 -176.741302 -0.000000 0.000000 -1.790996 -20.839706 -2.880568 0.033724 3.786383 -2.152931 -0.005778 7.761976 -4.460729 0.118129 8.021946 -4.405440 -1.257527 4.517318 -5.246761 -5.095999 12.860405 8.882527 1.426751 -0.072662 -16.098749 -11.134019 11.337289 -46.523758 -77.807793 -2.184012 -1.241937 1.532000 24.830332 5.542467 2.637863 0.278315 13.863863 16.757803 34.815514 52.894592 35.075897 -2.712842 -0.231107 0.063960 13.843915 -2.943586 3.061692 -38.114197 -12.265406 -13.536319 83.114380 -10.611619 -7.137435 -12.793226 4.768839 0.000081 -0.002372 -0.003492 5.974329 -41.906689 -14.204812 -10.469259 56.715328 -20.856169 -0.205583 1.220456 0.498800 -0.000303 -0.002617 0.005580 
246.210785 0.000000 -646.404785 -174.918655 -0.000000 0.000000 1.533019 -19.962517 -5.930613 -0.685288 3.954507 -1.946974 -1.508979 7.960838 -4.042066 -1.395175 8.214840 -4.038894 -2.538141 4.742643 -5.196877 -6.387611 11.794820 9.763741 0.409384 0.045704 -14.173353 -12.423344 7.413737 -47.607121 -83.882957 -2.805869 -3.565969 1.283538 26.024239 5.704909 2.145173 0.303758 14.109001 19.536413 40.211552 59.579216 36.281605 -3.125140 0.351626 0.474416 15.101283 -0.797156 -0.621518 -38.195667 -6.631967 -63.038155 83.901878 -60.038330 -10.613584 -13.502463 5.637799 0.000055 -0.002090 -0.004133 8.229531 -38.938122 -13.988509 -3.144758 44.458073 -13.717010 0.543395 7.755143 2.928419 -0.000332 -0.002869 0.005560 
248.555328 0.000000 -651.452209 -173.149414 -0.000000 0.000000 5.156053 -18.559797 -8.889047 -1.378011 3.988793 -1.797117 -3.004470 7.900577 -3.710351 -2.956758 8.168103 -3.739169 -3.074269 4.554784 -4.726154 -6.959139 10.894469 10.695675 -0.639288 0.010155 -12.441311 -15.877592 4.495771 -48.677197 -88.008514 -2.768005 -4.150903 0.291407 25.283386 6.172749 1.322171 0.495042 13.918709 22.385597 44.135174 66.531738 39.828568 -2.854843 1.323094 1.537316 15.158051 0.250653 -5.479913 -38.254776 -0.748780 -89.154381 80.898575 -85.810272 -13.426649 -10.300724 7.768710 0.000048 -0.002073 -0.004119 13.117052 -34.610329 -15.465825 1.258833 33.969402 -9.631702 1.023697 14.296694 5.741183 -0.000343 -0.002835 0.005625 
250.872467 0.000000 -656.375854 -171.403839 -0.000000 0.000000 9.016763 -17.064737 -11.205845 -1.970432 4.017503 -1.796100 -4.386868 7.839315 -3.713890 -4.463135 8.095035 -3.753916 -3.622160 4.683583 -3.346202 -7.251009 10.128640 11.349574 -2.264393 -0.096516 -10.314904 -21.280815 2.207774 -49.057507 -91.661987 -2.763504 -4.518324 -1.190648 26.274035 5.792588 0.148847 0.681903 13.615123 24.782387 46.115608 72.805649 43.513485 -2.484801 1.803270 2.437341 16.168726 -0.671357 -10.194715 -38.297623 4.419094 -101.270935 77.766144 -97.299438 -14.864402 -5.055000 9.868564 0.000057 -0.002227 -0.003976 19.347502 -29.186285 -17.533623 3.991858 26.042377 -6.246365 2.071168 17.660332 7.943603 -0.000333 -0.002625 0.005795 
253.162964 0.000000 -661.119690 -169.656906 -0.000000 0.000000 12.234003 -15.819760 -12.524393 -2.558896 4.054117 -1.894927 -5.777836 7.814125 -3.948944 -5.975540 8.027045 -3.998608 -4.603866 5.850862 -1.471506 -7.584963 9.113984 11.294183 -3.911821 -0.090530 -8.059287 -26.670664 -0.661320 -49.906113 -94.605324 -2.892025 -4.669816 -2.057704 28.396648 4.830997 -0.732155 0.732317 13.208900 26.441069 46.286362 78.658173 45.517109 -2.355984 2.278196 3.030532 18.295034 -1.272719 -13.905274 -38.465775 8.738256 -107.972038 75.870026 -104.280273 -14.571924 -0.321603 11.437145 0.000050 -0.002276 -0.004009 24.113297 -24.807184 -19.455965 5.243445 24.161184 -3.908262 2.826994 18.556637 7.128057 -0.000343 -0.002586 0.005972 
255.381470 0.000000 -665.615906 -167.923859 -0.000000 0.000000 15.762815 -14.289928 -13.785131 -2.938078 4.026438 -1.999308 -6.699802 7.667313 -4.203290 -7.003589 7.829545 -4.250417 -5.777463 6.568289 0.051287 -8.192623 8.541145 11.488287 -5.645823 -0.071348 -6.392746 -32.722042 -3.715003 -49.297607 -95.861214 -2.917632 -4.670011 -2.426980 30.967123 3.210908 -2.075304 0.799578 13.323357 25.883387 46.648540 83.454056 45.380123 -2.087226 2.911855 3.211801 18.597324 -1.403996 -17.214493 -39.127422 12.958000 -115.870926 74.363510 -112.764954 -14.189222 0.543031 12.053640 0.000043 -0.002373 -0.003905 23.932703 -22.641020 -19.462759 6.799451 26.508461 -2.752654 4.883929 18.476755 12.212869 -0.000349 -0.002488 0.006452 
257.540375 0.000000 -669.766724 -166.181519 -0.000000 0.000000 19.270489 -12.858447 -14.944538 -3.215957 4.114060 -2.171077 -7.368571 7.769598 -4.604828 -7.749486 7.884073 -4.660557 -7.063408 6.733983 1.002669 -9.371849 7.854657 12.309770 -7.487390 -0.034202 -5.264156 -39.295078 -7.157817 -46.996632 -95.848129 -2.711531 -4.387442 -2.815300 33.825924 0.534498 -3.117460 0.910594 13.915101 26.136488 47.393719 87.373245 45.161415 -1.876464 4.114288 3.348607 19.225861 -0.303244 -21.087435 -39.974396 17.387045 -124.313423 72.251251 -121.302116 -13.652183 0.559644 11.207161 0.000026 -0.002445 -0.003801 22.514677 -20.672865 -18.880686 8.279509 29.707458 -1.720523 6.146873 12.643241 23.265440 -0.000354 -0.002357 0.007065 
259.690857 0.000000 -673.598267 -164.396545 -0.000000 0.000000 22.675772 -12.030833 -15.480894 -3.395104 4.367673 -2.397142 -7.874001 8.216885 -5.063647 -8.330225 8.285244 -5.109166 -9.444077 7.307959 1.763120 -11.880950 6.883885 13.552662 -9.648890 0.006554 -4.614096 -45.945168 -10.293577 -44.214355 -95.786522 -2.165127 -3.830786 -4.370441 34.497124 -1.527936 -3.894464 0.985054 15.247350 29.000643 46.954548 90.517059 45.110241 -1.425788 5.055804 3.620189 17.460844 0.340353 -25.511110 -40.716373 21.219793 -133.034027 69.906288 -129.562653 -13.474784 0.152153 10.091765 0.000019 -0.002510 -0.003582 20.197203 -19.159355 -18.372229 10.143246 34.397675 -0.610791 3.028288 2.161519 33.240334 -0.000353 -0.002304 0.007203 
261.809753 0.000000 -677.251465 -162.560349 -0.000000 0.000000 25.535927 -11.511005 -15.866935 -3.358515 4.727983 -2.554649 -7.999880 8.953892 -5.362453 -8.551202 8.989818 -5.386183 -11.312732 7.810755 2.466176 -13.991982 5.841170 14.200266 -12.137642 0.086673 -4.840231 -52.514942 -13.523746 -41.136608 -95.596413 -1.919946 -3.560615 -5.649818 34.474281 -2.190470 -4.183468 1.048994 17.394484 33.101429 44.724300 92.445557 44.939686 -1.002475 5.745598 3.628229 15.538034 1.062420 -30.243813 -41.366299 24.684074 -139.357224 67.532829 -135.336517 -13.934052 -1.152843 9.337066 0.000012 -0.002484 -0.003545 17.104692 -17.745108 -17.523584 12.068295 38.531876 1.077384 -1.364373 -8.482110 38.472332 -0.000347 -0.002327 0.007125 
263.855621 0.000000 -680.741394 -160.675980 -0.000000 0.000000 26.781363 -11.045376 -16.454231 -3.116171 5.147952 -2.576634 -7.607024 9.816597 -5.335428 -8.189386 9.793436 -5.304816 -11.849814 7.162299 2.605686 -14.750754 4.967559 14.086532 -14.145350 0.014376 -5.846675 -57.588245 -16.006411 -38.729729 -94.072990 -1.890710 -3.485060 -6.394305 34.566891 -2.244633 -3.950422 1.065128 19.803440 37.589382 41.395649 92.512070 45.267406 -0.593706 6.026230 3.718388 13.989877 1.857824 -33.251225 -41.806152 27.711197 -147.073547 66.058838 -142.222046 -13.758388 -2.015944 8.964885 0.000018 -0.002458 -0.003643 13.535217 -17.928394 -15.618576 14.634777 42.641422 3.157135 -3.282752 -16.541468 39.647587 -0.000331 -0.002346 0.006945 
265.784698 0.000000 -684.020874 -158.733475 -0.000000 0.000000 26.940605 -10.440072 -16.844358 -2.899420 5.539315 -2.560665 -7.133341 10.606071 -5.233456 -7.663723 10.522567 -5.159853 -10.704485 6.131299 2.433010 -13.991657 3.691978 13.247656 -15.552709 -0.131879 -6.997279 -61.250942 -17.802738 -37.450264 -91.625725 -1.850341 -3.404295 -7.171416 33.855591 -2.477333 -2.853028 0.866106 21.263632 41.634293 37.349319 90.647598 45.896000 -0.100742 5.542275 3.678035 13.184073 2.592468 -34.482754 -41.560089 29.855576 -154.347305 66.053513 -148.333282 -13.099702 -2.187903 9.054929 0.000040 -0.002495 -0.003551 9.588753 -20.136467 -12.959600 16.990784 47.723625 4.661145 -3.774445 -22.859203 39.127850 -0.000308 -0.002313 0.006532 
267.591156 0.000000 -687.063477 -156.694672 -0.000000 0.000000 26.456699 -9.918493 -17.012823 -2.779628 5.847650 -2.532172 -6.786547 11.203688 -5.145926 -7.237367 11.070346 -5.048870 -9.434896 5.147805 2.655222 -12.841449 2.556937 12.070381 -16.326506 -0.332177 -8.317376 -64.180939 -18.979788 -37.443115 -90.241821 -1.807930 -3.116100 -7.784618 33.683678 -2.994976 -1.379002 0.521528 22.258036 44.688892 33.615246 86.434212 45.680012 0.290887 4.095826 3.644272 13.349753 2.925755 -34.541016 -41.170609 30.894300 -162.593826 66.588081 -155.272308 -11.816053 -2.979242 9.490837 0.000053 -0.002476 -0.003397 5.588889 -22.937239 -10.575181 18.966265 52.861938 5.902111 -4.552387 -28.159191 38.824402 -0.000296 -0.002318 0.005964 
269.275146 0.000000 -689.831787 -154.514359 -0.000000 0.000000 24.856926 -9.389984 -16.980112 -2.741404 5.929859 -2.413450 -6.488921 11.386853 -4.894089 -6.835072 11.222664 -4.794617 -7.936062 4.661354 2.845098 -11.163074 1.746532 10.548508 -16.398712 -0.602005 -9.844889 -65.853355 -19.611858 -38.425350 -87.919594 -1.725996 -2.766158 -8.257555 34.799953 -3.731704 0.128782 0.131167 22.455145 46.182903 30.891338 80.779213 44.452217 0.613042 1.560293 3.133002 15.084728 2.776741 -33.334190 -41.628395 31.085388 -174.711578 67.268120 -166.781631 -8.837794 -3.935054 10.352085 0.000074 -0.002423 -0.003265 2.443551 -25.395773 -9.415863 21.864182 56.152363 8.759230 -2.628171 -31.578838 36.544163 -0.000283 -0.002396 0.005273 
270.819580 0.000000 -692.359131 -152.175690 -0.000000 0.000000 22.646322 -8.826585 -16.358152 -2.798712 5.948698 -2.326657 -6.398701 11.469188 -4.794966 -6.645823 11.286502 -4.719807 -5.942616 4.220174 3.028134 -8.614818 0.343794 8.711008 -16.462568 -0.907081 -11.139006 -66.244003 -18.158785 -38.806202 -85.882294 -1.897452 -2.637138 -8.296525 36.919102 -4.295752 1.640508 -0.105759 21.959402 44.238132 27.067991 72.383217 42.031242 0.352715 -1.667604 1.197648 17.762409 3.287617 -30.720741 -43.646557 30.327421 170.521225 67.395576 178.862991 -5.005170 -4.356392 11.538692 0.000130 -0.002607 -0.003049 0.563835 -27.144077 -9.446534 24.822874 58.112545 12.181499 -0.135507 -33.560070 33.877972 -0.000241 -0.002241 0.004955 
272.204071 0.000000 -694.663940 -149.666870 -0.000000 0.000000 20.800451 -7.664302 -15.280568 -2.847485 6.002421 -2.321019 -6.461799 11.622408 -4.871945 -6.693476 11.458385 -4.810995 -4.092937 3.669405 3.542725 -5.740245 -2.019144 5.938877 -16.434004 -1.170307 -12.138343 -65.600319 -16.113792 -38.954639 -85.010551 -1.888205 -2.388735 -7.962257 37.235744 -3.793233 2.946031 -0.227256 21.535080 39.710804 21.925982 63.532497 40.122162 -0.454675 -4.084153 -0.160706 19.870239 2.262767 -27.775322 -47.327450 27.916285 158.337402 66.870483 166.193726 -1.258965 -5.904615 11.818966 0.000162 -0.002712 -0.002843 -0.503277 -29.495642 -9.643774 26.484598 60.185848 13.889222 1.975493 -33.980186 31.465916 -0.000223 -0.002153 0.004913 
273.475830 0.000000 -696.746887 -147.046875 -0.000000 0.000000 19.181225 -6.190336 -14.226362 -2.965839 6.024998 -2.275787 -6.634404 11.717318 -4.854444 -6.839834 11.556205 -4.811830 -1.934288 2.822454 4.173946 -2.158917 -4.025342 2.543172 -16.376240 -1.344668 -12.746790 -63.921101 -15.048697 -39.900032 -85.016861 -1.892453 -2.207480 -8.116547 38.150265 -3.460977 3.740942 -0.233951 20.853350 34.279408 16.321243 55.799458 40.735817 -1.077647 -5.736909 -0.903074 20.968397 0.441163 -23.840603 -51.095982 24.545618 148.905609 65.939796 156.026352 2.002742 -7.232519 11.759092 0.000175 -0.002806 -0.002693 -1.336686 -31.438742 -10.289177 27.561092 61.961819 14.643370 3.103850 -33.866341 30.189014 -0.000213 -0.002005 0.005122 
274.622375 0.000000 -698.593689 -144.337830 -0.000000 0.000000 17.484644 -4.610992 -13.391562 -3.105511 6.058377 -2.213482 -6.781911 11.794067 -4.754348 -6.919000 11.622593 -4.728456 0.357083 1.957198 4.631542 1.622236 -5.532041 -0.802146 -16.238564 -1.336829 -12.971169 -62.429512 -13.477052 -40.531410 -85.903793 -1.996439 -2.480054 -8.670884 37.765259 -3.128394 4.685530 -0.352290 19.874695 28.983637 10.653332 48.830318 43.607456 -1.572824 -6.783893 -1.320244 22.333324 -1.385702 -18.839622 -54.973507 20.933683 141.654709 65.196747 148.530624 4.408708 -8.136353 11.459205 0.000172 -0.002835 -0.002779 -1.754808 -32.991322 -10.642263 27.070053 63.371632 14.010151 3.031408 -33.356731 30.017239 -0.000213 -0.001939 0.005431 
275.637573 0.000000 -700.230774 -141.539124 -0.000000 0.000000 15.962653 -3.331498 -12.714967 -3.189657 6.160686 -2.177806 -6.825904 11.980864 -4.708575 -6.892248 11.791275 -4.701935 2.426563 1.105335 5.105933 5.101745 -6.303521 -3.506781 -16.214334 -1.267814 -12.875825 -61.478367 -10.763443 -40.122566 -86.474709 -2.055640 -2.716951 -9.205471 36.589657 -2.400816 5.627396 -0.416741 18.443050 24.232634 5.098145 43.207958 48.291298 -1.500024 -7.386006 -1.742359 23.391136 -3.005693 -13.149426 -57.740440 17.399879 134.492004 64.736855 141.728912 6.393908 -8.707971 10.763934 0.000182 -0.002901 -0.002996 -1.926535 -33.620594 -10.908760 25.424940 64.350380 12.539197 2.214316 -33.016273 30.207504 -0.000204 -0.001867 0.005749 
276.528839 0.000000 -701.669006 -138.659836 -0.000000 0.000000 16.537218 -1.351164 -12.565954 -2.961176 5.567684 -1.683692 -6.446268 10.780174 -3.776175 -6.662135 10.534028 -3.752997 4.542489 0.880743 6.414623 9.209642 -3.610767 -7.634480 -15.801855 -1.039107 -12.591649 -63.654354 -8.081347 -38.986851 -84.221573 -1.856004 -2.282890 -9.868429 38.554665 -4.985904 4.469721 -0.564938 18.396027 25.401722 13.895277 44.596802 39.347763 -2.103366 -7.197127 -2.083178 19.044802 -2.098866 -4.834588 -51.079151 11.087909 138.080215 66.798340 144.130142 5.343064 -14.970675 5.868937 0.000161 -0.002573 -0.002849 -4.419014 -36.927124 -10.634989 21.240891 63.680542 10.502599 1.783806 -28.269794 28.738743 -0.000220 -0.002266 0.004673 
277.201019 0.000000 -702.724915 -135.761551 -0.000000 0.000000 15.318180 -0.171245 -11.702135 -2.919752 5.684528 -1.701695 -6.265128 10.990047 -3.825970 -6.405440 10.739848 -3.821350 6.116375 0.343555 7.160011 12.046562 -4.474418 -9.822986 -15.392599 -1.000289 -12.902869 -62.771011 -5.883672 -38.778606 -84.012749 -1.823990 -2.502741 -9.736316 36.602234 -4.497993 5.173917 -0.664711 17.027805 21.865690 11.135247 39.708721 43.317787 -2.324098 -7.767303 -1.913437 19.781389 -3.124845 -0.543031 -53.034431 8.145784 131.594360 65.828453 138.112106 6.718253 -16.377911 6.954882 0.000162 -0.002528 -0.002981 -4.290102 -37.671886 -11.511129 19.481007 64.246040 9.121173 1.344963 -27.957396 28.550604 -0.000221 -0.002315 0.004610 
277.754913 0.000000 -703.581848 -132.768204 -0.000000 0.000000 14.085318 0.835966 -10.816998 -2.858578 5.812434 -1.690922 -6.076165 11.228408 -3.832862 -6.157897 10.972222 -3.852741 7.715989 -0.114715 7.859256 14.874567 -4.792223 -11.931122 -14.986136 -0.887901 -12.987105 -61.675861 -3.753121 -38.577885 -83.962692 -1.861893 -2.797190 -9.702791 35.342571 -3.716544 5.815008 -0.726166 15.597496 18.456898 8.201326 35.504536 48.038456 -2.174600 -7.979586 -1.731184 21.050592 -4.445747 2.828344 -54.765282 5.628119 126.470497 65.528481 133.219131 7.782676 -16.732679 7.345058 0.000166 -0.002477 -0.003294 -4.025169 -38.053329 -12.291426 18.023748 64.984940 7.808355 0.397347 -27.683046 29.165579 -0.000218 -0.002379 0.004576 
278.187622 0.000000 -704.228333 -129.681778 -0.000000 0.000000 12.950425 1.735261 -9.841043 -2.754324 5.930260 -1.677531 -5.797183 11.450043 -3.858313 -5.832476 11.182369 -3.918273 9.129111 -0.580026 8.414864 17.360756 -4.795382 -13.797606 -14.583193 -0.781122 -13.033230 -60.485043 -1.827839 -38.465633 -83.665192 -1.996203 -3.193507 -9.418751 35.193741 -3.101782 6.343453 -0.721251 14.316175 14.990559 5.308238 32.031937 53.317616 -1.813683 -7.629780 -1.306869 22.088764 -6.026453 5.401860 -56.492527 3.498373 123.623726 65.997650 130.325043 8.365632 -16.432142 7.000319 0.000166 -0.002441 -0.003693 -3.629089 -37.844189 -13.041306 16.218300 65.465706 5.855895 -1.051542 -27.376505 30.375223 -0.000217 -0.002428 0.004678 
278.494202 0.000000 -704.669922 -126.526054 -0.000000 0.000000 12.039265 2.449608 -8.806967 -2.633286 6.042667 -1.677890 -5.545296 11.653703 -3.915744 -5.567268 11.376934 -4.011174 10.324716 -0.839261 8.946367 19.523439 -4.603921 -15.634509 -14.193192 -0.654275 -12.944952 -58.531719 -0.470643 -38.640827 -83.467545 -2.160633 -3.578924 -9.004638 35.673409 -2.338258 6.737065 -0.692677 13.375183 12.622968 2.844905 29.716427 57.394554 -1.530444 -6.825406 -0.905908 23.387859 -7.082087 6.614692 -57.905727 2.089168 123.041985 67.197525 129.674698 8.159097 -16.104908 6.062621 0.000163 -0.002385 -0.004032 -3.254935 -36.927128 -14.140377 14.590561 65.369446 4.291963 -2.572834 -27.337490 31.713684 -0.000221 -0.002505 0.004848 
278.694275 0.000000 -704.922913 -123.316231 -0.000000 0.000000 11.130003 3.079089 -7.867865 -2.450985 6.166681 -1.637381 -5.185942 11.872049 -3.884949 -5.208267 11.577374 -4.005565 11.446821 -1.064991 9.327725 21.482273 -4.142109 -17.377695 -13.622894 -0.568244 -12.935661 -56.122993 0.333817 -39.226295 -83.576981 -2.322369 -3.874922 -8.471574 36.076366 -1.684549 7.006343 -0.670067 12.659270 10.329140 0.210416 28.149096 59.942924 -1.369630 -5.519503 -0.499218 24.375223 -7.721240 6.815597 -59.056046 1.412078 124.436562 69.003418 130.966400 7.258775 -15.683324 5.076077 0.000155 -0.002309 -0.004305 -2.677589 -35.768269 -15.335760 13.074872 65.048096 2.854920 -3.437171 -27.303568 32.043686 -0.000230 -0.002598 0.005050 
278.785095 0.000000 -705.001282 -120.066307 -0.000000 0.000000 10.243597 3.692357 -6.944273 -2.233892 6.343572 -1.592459 -4.783382 12.181812 -3.827879 -4.815217 11.862062 -3.973723 12.364000 -1.616049 9.646303 23.100416 -3.690211 -18.834497 -13.016157 -0.535870 -13.118278 -53.303005 0.708613 -40.011723 -83.436447 -2.315372 -3.874989 -7.878188 36.248226 -0.832016 7.190045 -0.645945 12.130462 8.276561 -2.488074 26.952118 62.687485 -1.292630 -4.032002 -0.136618 25.110851 -8.353586 6.870233 -60.308792 0.815512 125.823235 70.953659 132.037460 6.347370 -15.561182 4.030221 0.000148 -0.002254 -0.004498 -1.906090 -34.533916 -16.561028 11.551847 64.715424 1.476959 -3.905759 -27.504635 31.769196 -0.000239 -0.002664 0.005299 
278.769165 0.000000 -704.917175 -116.809372 -0.000000 0.000000 9.450300 4.333333 -6.064792 -2.015367 6.535551 -1.534796 -4.398978 12.535748 -3.733720 -4.452168 12.196256 -3.899341 13.037107 -2.469555 9.856453 24.388155 -3.349979 -20.053949 -12.437962 -0.514913 -13.394693 -49.907314 0.571674 -40.877644 -83.475525 -2.387149 -3.931902 -7.193784 36.370197 0.293295 7.276348 -0.629458 11.696817 6.653724 -5.049577 26.584921 65.554390 -1.363273 -2.484018 0.093636 25.972589 -9.044649 7.268919 -61.622696 -0.095495 125.739227 72.783928 131.522614 5.724746 -15.530284 2.993735 0.000145 -0.002197 -0.004731 -1.394374 -33.350731 -17.676525 9.857170 64.422234 0.197475 -4.429794 -27.912468 31.165222 -0.000244 -0.002735 0.005527 
278.641357 0.000000 -704.669312 -113.573547 -0.000000 0.000000 8.861781 4.949274 -5.232658 -1.787856 6.676623 -1.480845 -4.018008 12.790530 -3.638722 -4.103520 12.430117 -3.814977 13.354232 -3.386495 10.084033 25.199718 -2.998048 -21.047602 -11.811615 -0.496711 -13.664710 -45.823963 0.010723 -41.782654 -83.806549 -2.469704 -3.991605 -6.628824 36.509480 1.386699 7.288893 -0.619305 11.351028 5.494455 -6.873430 26.627739 68.250748 -1.593185 -1.066566 0.351530 26.852966 -9.444094 7.957302 -62.903763 -1.249140 122.916679 74.310684 128.401794 5.427384 -15.654967 2.325917 0.000146 -0.002141 -0.004929 -1.408581 -32.372280 -18.628033 8.073972 64.377510 -1.101129 -5.180293 -28.157703 30.930294 -0.000246 -0.002808 0.005684 
278.408234 0.000000 -704.260254 -110.376114 -0.000000 0.000000 8.372965 5.602293 -4.418636 -1.562558 6.763806 -1.424084 -3.634190 12.933385 -3.542495 -3.748129 12.548585 -3.730881 13.489829 -4.269722 10.244095 25.748325 -2.649879 -21.845673 -11.189599 -0.487062 -13.877175 -41.391708 -0.566323 -42.459747 -84.378929 -2.612831 -4.109469 -6.253812 36.472984 2.511457 7.237833 -0.612629 11.094633 4.777727 -8.118251 26.904385 70.917198 -1.887930 0.281228 0.635522 27.318420 -9.430595 9.150538 -64.071259 -2.903490 117.675835 75.413429 123.032684 5.585903 -15.667181 1.706803 0.000151 -0.002103 -0.005102 -1.952341 -31.311266 -19.432760 6.241288 64.165977 -2.363063 -6.264785 -28.355673 31.240152 -0.000242 -0.002845 0.005846 
278.068176 0.000000 -703.697083 -107.221420 -0.000000 0.000000 7.995611 6.335170 -3.748597 -1.324169 6.806352 -1.359855 -3.198896 12.990391 -3.408547 -3.334062 12.588601 -3.595577 13.476395 -5.085609 10.201482 25.923750 -2.421667 -22.317804 -10.559336 -0.497487 -14.111485 -37.085831 -0.923391 -42.829193 -85.305786 -2.814899 -4.303155 -6.064409 36.261135 3.330823 7.155343 -0.596807 10.926433 4.269297 -9.099148 27.507658 73.609009 -2.266460 1.684632 0.873694 27.523811 -8.815264 11.139313 -65.314476 -5.210417 110.686333 75.915016 115.902390 6.198817 -15.546421 1.186018 0.000159 -0.002099 -0.005241 -3.153406 -30.121002 -19.756481 4.183970 62.981586 -3.659566 -7.495677 -28.389050 31.605940 -0.000236 -0.002837 0.006036 
277.629944 0.000000 -702.984192 -104.125565 -0.000000 0.000000 7.677226 6.960884 -3.300544 -1.040817 6.840999 -1.288680 -2.685325 13.044750 -3.239387 -2.845114 12.631691 -3.417714 13.401961 -5.757134 10.109369 25.909359 -2.290258 -22.562397 -9.872167 -0.514700 -14.305520 -33.093166 -1.101496 -42.904171 -86.595932 -3.026360 -4.520396 -6.052459 35.722282 4.028666 7.170010 -0.566796 10.850894 4.079622 -9.889608 28.644360 76.303062 -2.780945 3.129536 1.135972 27.576488 -8.020809 14.257425 -66.403122 -8.295860 102.508705 75.740631 107.652733 6.958302 -15.469046 1.133622 0.000169 -0.002114 -0.005364 -4.983275 -28.735268 -20.040230 2.433284 61.250320 -4.564458 -8.864479 -28.264429 32.408504 -0.000229 -0.002817 0.006221 
277.104279 0.000000 -702.147217 -101.124786 -0.000000 0.000000 7.411880 7.492994 -3.135271 -0.747014 6.866313 -1.166831 -2.145306 13.101528 -2.964255 -2.334500 12.684856 -3.127612 13.632378 -6.273567 9.630699 25.887985 -2.303474 -22.667538 -9.210320 -0.546888 -14.310670 -29.551758 -0.933949 -42.809715 -88.264565 -3.049143 -4.596747 -6.431393 34.485657 4.889121 7.395933 -0.493002 10.791544 4.431779 -10.786600 30.147455 78.877869 -3.157306 4.384556 1.544109 26.967100 -7.389971 18.049665 -67.336838 -11.816961 95.686783 74.918030 100.738518 7.712579 -15.715887 1.459032 0.000178 -0.002202 -0.005268 -7.003382 -27.098110 -20.195786 1.176825 59.360783 -5.240045 -10.184114 -27.980902 33.306530 -0.000224 -0.002742 0.006388 
276.484070 0.000000 -701.196167 -98.238007 -0.000000 0.000000 7.085098 7.961031 -3.243108 -0.423854 6.886725 -0.948012 -1.508258 13.167709 -2.501496 -1.720981 12.749822 -2.653543 14.061418 -6.878619 8.739428 25.789879 -2.344986 -22.578362 -8.535581 -0.609995 -14.360791 -26.491220 -0.667900 -42.869080 -89.912170 -2.969357 -4.627794 -7.032095 33.281628 5.806633 7.804387 -0.396858 10.835004 5.048813 -11.705612 31.703451 81.790527 -3.661717 5.776229 2.061095 26.413004 -6.880580 22.468863 -67.990448 -15.667405 88.699966 73.910294 93.684677 8.479084 -16.124161 1.865517 0.000185 -0.002316 -0.005104 -8.979194 -25.339016 -20.183031 -0.066464 57.507034 -5.986124 -11.534582 -27.343510 34.266502 -0.000223 -0.002641 0.006612 
275.752258 0.000000 -700.123657 -95.472954 -0.000000 0.000000 6.910706 8.507471 -3.571675 -0.089268 6.887512 -0.673684 -0.845991 13.199818 -1.916678 -1.087572 12.784645 -2.052507 14.283240 -7.724313 7.804629 25.478464 -2.490351 -22.335999 -7.921165 -0.675811 -14.366885 -23.764183 -0.137038 -43.020576 -92.372681 -2.982729 -4.750942 -7.725749 32.345028 6.680180 8.178741 -0.318387 11.024705 5.929322 -12.370610 33.497761 85.029526 -4.309613 7.186822 2.584513 25.879108 -6.228450 26.655100 -68.237633 -19.024149 83.301346 73.135643 88.191185 8.909838 -16.693893 1.990384 0.000192 -0.002448 -0.004957 -11.176113 -23.747608 -20.134924 -1.175204 55.231834 -6.545945 -12.755239 -26.208796 35.271450 -0.000220 -0.002514 0.006853 
274.878998 0.000000 -698.913269 -92.841209 -0.000000 0.000000 6.532670 9.168447 -4.136050 0.276415 6.822713 -0.379459 -0.094295 13.093616 -1.267619 -0.345736 12.677997 -1.382810 14.195375 -8.536582 7.055301 25.025646 -2.721487 -22.084789 -7.217847 -0.693901 -14.287762 -21.441572 1.107981 -43.013268 -95.234894 -2.998817 -5.166876 -8.484065 31.482174 8.239873 8.486887 -0.261571 11.065801 7.533369 -12.602313 35.759811 87.423752 -4.510986 7.811836 3.175751 25.170729 -6.131835 30.897089 -68.284821 -22.133657 79.391190 72.830627 84.053215 8.896394 -16.714817 1.840104 0.000200 -0.002549 -0.004906 -13.594789 -22.116974 -20.000656 -1.918743 52.554329 -6.886648 -13.611254 -24.453651 36.436584 -0.000209 -0.002384 0.006937 
273.841034 0.000000 -697.532532 -90.347397 -0.000000 0.000000 6.256075 9.894444 -4.733195 0.676071 6.701051 -0.114308 0.723628 12.858442 -0.687424 0.473504 12.450723 -0.774041 13.596156 -9.292924 6.707876 24.313658 -2.827026 -21.803999 -6.621311 -0.686753 -14.191788 -19.369829 2.784414 -42.839172 -97.854080 -3.148022 -5.759858 -9.169783 30.668818 9.896226 8.670653 -0.235204 11.132945 9.470277 -12.321554 38.093201 89.710930 -4.475008 8.049778 3.709257 24.507608 -6.302147 34.832111 -68.028664 -25.203194 76.395088 73.018738 80.847198 8.568412 -16.336815 1.266512 0.000207 -0.002608 -0.004994 -16.176176 -20.287809 -19.938999 -2.160476 49.245274 -6.847597 -13.914901 -22.065741 37.569160 -0.000197 -0.002294 0.006903 
272.641632 0.000000 -695.967346 -87.980972 -0.000000 0.000000 6.033186 10.720079 -5.324829 1.062815 6.465744 0.080864 1.502247 12.377404 -0.264363 1.257397 11.982083 -0.321792 12.644095 -9.897938 6.723899 23.340153 -2.644991 -21.416536 -6.033705 -0.660113 -14.121433 -17.246609 5.076932 -42.537601 -99.829491 -3.401416 -6.367462 -9.584253 30.058151 10.971147 8.517683 -0.240744 11.357603 11.329935 -11.347370 40.600731 92.769287 -4.584899 8.202356 4.220554 23.949959 -6.463334 38.633999 -67.051514 -28.326351 72.826271 73.446022 77.150551 7.655591 -16.169065 1.009261 0.000211 -0.002627 -0.005143 -18.820301 -18.142851 -19.767271 -2.061098 45.013077 -6.810292 -13.594144 -18.750427 38.869835 -0.000187 -0.002245 0.006829 
271.283051 0.000000 -694.224060 -85.722107 -0.000000 0.000000 5.996425 11.512593 -6.079950 1.386022 6.166511 0.257999 2.152479 11.805833 0.104388 1.914383 11.438836 0.080634 11.021763 -10.154943 7.109795 21.864069 -2.733770 -20.772064 -5.818868 -0.552194 -13.618077 -15.112037 7.557700 -42.506439 -101.127533 -3.649545 -6.860362 -9.538925 29.907413 11.221722 7.988110 -0.296569 11.725508 12.542416 -10.026143 43.029686 95.464409 -4.651690 8.293252 4.769172 23.370438 -6.877207 41.356960 -65.474861 -30.788155 68.721931 73.654518 72.937424 6.556522 -16.610899 1.617779 0.000206 -0.002574 -0.005367 -21.317905 -15.378358 -19.415571 -2.180956 39.953762 -7.193233 -12.740628 -14.113862 40.019459 -0.000187 -0.002295 0.006683 
269.808960 0.000000 -692.310181 -83.543312 -0.000000 0.000000 6.046123 12.557418 -7.012203 1.689755 5.824243 0.436285 2.752443 11.148123 0.483172 2.515819 10.814504 0.506285 8.984600 -10.461930 7.352170 19.813677 -3.264200 -19.558754 -5.704139 -0.450144 -13.111094 -13.303696 10.313171 -42.671112 -101.678535 -3.799964 -7.116487 -9.234646 30.054531 11.095076 7.299525 -0.336618 12.239008 13.317632 -8.725934 45.165287 97.535950 -4.638113 8.326002 5.233098 23.065001 -7.420493 42.395248 -63.139988 -32.226654 63.489513 73.330933 67.715416 5.066966 -17.729517 4.110471 0.000200 -0.002538 -0.005470 -23.145922 -12.761889 -18.782894 -2.763356 35.315960 -8.144232 -10.708502 -7.796949 40.122868 -0.000189 -0.002329 0.006611 
268.227814 0.000000 -690.233887 -81.427200 -0.000000 0.000000 7.509015 15.268847 -11.817312 1.445796 5.491498 0.238473 2.390640 10.457521 0.381086 2.172866 10.122467 0.521172 12.448392 -10.732909 10.156546 25.475042 -2.294898 -22.232929 -5.395341 -0.366790 -11.545700 -19.492441 14.059586 -44.466011 -104.974121 -2.465850 -5.220944 -8.037553 28.450590 7.104158 6.693494 -0.378373 12.773211 9.007345 3.951210 45.147720 93.526588 -5.299328 10.109416 6.383842 25.397129 -9.295919 31.153580 -67.540047 -23.334267 73.748253 79.620277 78.123123 0.942463 -16.871250 7.937260 0.000070 -0.002305 -0.004488 -19.843290 -4.760362 -12.022635 0.094425 29.941553 -7.177000 -4.495026 -1.860995 34.418205 -0.000312 -0.002549 0.007095 
266.563324 0.000000 -688.258972 -79.278763 -0.000000 0.000000 6.992855 16.312529 -12.498642 1.538888 5.287756 0.402327 2.606214 10.053794 0.782972 2.387203 9.722224 0.979607 12.668793 -11.270605 9.733228 25.544487 -2.273916 -21.982506 -5.060645 -0.371056 -11.232860 -16.921526 16.198208 -44.559196 -104.842209 -2.530595 -5.378485 -7.982313 28.037638 6.831796 6.080444 -0.310371 12.947539 8.880610 5.160913 46.467575 93.850639 -5.311462 10.217772 6.606761 25.445868 -9.074056 30.613972 -65.024063 -23.168564 61.730167 79.959694 66.011726 -0.257422 -16.534451 8.928865 0.000077 -0.002383 -0.004355 -18.658520 -4.572836 -10.435113 -1.106306 31.100035 -9.238976 -2.713620 5.222267 30.069807 -0.000304 -0.002456 0.007143 
264.876953 0.000000 -686.156799 -77.208443 -0.000000 0.000000 7.006405 17.213617 -12.727476 1.504899 5.177566 0.506837 2.597648 9.830409 1.021837 2.399453 9.496543 1.249468 12.988479 -12.109492 9.575001 25.936630 -2.040860 -22.183113 -4.648569 -0.351433 -11.171303 -14.477115 16.994890 -44.859436 -104.860245 -2.601901 -5.508601 -7.789888 27.210442 6.445257 5.622342 -0.276055 13.029238 8.452208 6.415345 47.452549 93.540703 -5.418952 10.361805 6.778017 25.753765 -8.456899 30.231819 -61.929211 -23.218798 48.653934 78.981789 53.183563 -1.302224 -16.711643 10.510373 0.000080 -0.002392 -0.004350 -16.535782 -6.027586 -9.037481 -1.644632 35.232437 -11.011710 -1.172887 12.063541 25.657444 -0.000302 -0.002433 0.007162 
263.156006 0.000000 -683.926453 -75.210449 -0.000000 0.000000 7.627456 17.839382 -12.374442 1.315504 5.182373 0.497319 2.273818 9.825127 0.987599 2.100914 9.475121 1.203610 13.155740 -13.054183 9.938195 26.524696 -1.448040 -22.735592 -4.321285 -0.337997 -11.308984 -12.086252 16.663206 -45.455467 -105.439201 -2.554872 -5.527555 -7.398479 26.562201 5.890021 5.302037 -0.288938 13.143516 7.756145 7.272615 48.685947 92.808937 -5.439426 10.452048 6.774567 26.518660 -8.264005 29.782789 -58.713409 -23.681948 40.714390 77.257492 45.309383 -1.803709 -17.608568 12.367482 0.000077 -0.002370 -0.004386 -13.737828 -8.556391 -8.459516 -1.037107 41.890823 -11.594829 0.585829 17.393114 19.280775 -0.000306 -0.002474 0.007170 
261.349335 0.000000 -681.563293 -73.288078 -0.000000 0.000000 8.210631 18.053307 -11.714503 1.055745 5.201415 0.405604 1.831729 9.908598 0.804198 1.705405 9.576207 0.999976 12.879436 -13.766012 11.004709 27.024576 -0.506378 -23.502312 -4.017132 -0.293529 -11.544183 -9.301734 15.492451 -46.355400 -106.417389 -2.630548 -5.532094 -6.735315 25.635626 5.636505 5.053479 -0.284175 13.201643 7.519343 8.529645 49.457802 91.640915 -5.257927 10.307394 6.696755 27.001244 -8.383392 29.005386 -55.386539 -23.407991 35.742756 75.793297 40.180855 -2.276069 -18.236917 14.514744 0.000068 -0.002287 -0.004507 -10.173471 -11.189251 -8.393269 0.589053 49.413013 -10.325062 2.038762 20.396568 11.780787 -0.000318 -0.002587 0.007108 
259.427612 0.000000 -679.081909 -71.427124 -0.000000 0.000000 8.776446 18.196987 -10.645965 0.764865 5.238297 0.281355 1.317062 10.017551 0.538718 1.229236 9.688948 0.709410 12.641861 -14.444242 11.516806 27.010580 -0.093075 -23.966423 -3.406352 -0.286959 -12.117265 -6.923646 13.116018 -46.734318 -106.738403 -2.846196 -5.639585 -5.868506 24.563950 5.016678 4.895435 -0.323745 13.554264 6.646088 10.009607 49.313225 89.596931 -5.156353 10.177673 6.179148 27.875614 -8.325002 28.143534 -52.070263 -23.332335 32.713051 74.832504 37.396629 -2.670505 -18.668161 15.831234 0.000053 -0.002171 -0.004727 -6.218935 -13.928705 -8.767775 3.570400 57.008266 -6.375160 3.834504 18.778746 5.933032 -0.000333 -0.002734 0.007053 
257.384094 0.000000 -676.454468 -69.623650 -0.000000 0.000000 9.580581 18.526318 -9.550838 0.476148 5.261966 0.186421 0.741383 10.097986 0.330488 0.655365 9.774276 0.493564 12.007573 -14.769126 11.863581 26.575808 -0.406396 -24.040867 -3.068022 -0.287559 -12.510508 -5.125032 9.522617 -46.384136 -106.438980 -2.924542 -5.631852 -5.179549 23.791618 4.602386 4.442225 -0.343467 13.892758 5.335114 11.753801 49.591618 87.603943 -5.119546 9.881788 5.648919 28.748018 -8.646706 26.919491 -48.560364 -23.421875 27.314358 73.268990 32.075298 -3.338124 -18.922188 17.741739 0.000042 -0.002075 -0.004901 -3.455575 -16.832409 -8.538896 5.184454 64.342522 -4.033595 4.883353 15.510491 4.399062 -0.000348 -0.002864 0.006942 
255.255844 0.000000 -673.643616 -67.854355 -0.000000 0.000000 10.610967 18.866297 -8.930228 0.257917 5.315262 0.179222 0.286694 10.214746 0.304609 0.200372 9.888728 0.483150 11.382019 -14.962799 12.052266 26.063229 -1.158882 -23.652134 -3.022652 -0.305287 -12.470510 -3.947214 4.994013 -45.247353 -106.564835 -2.895874 -5.586046 -4.915246 23.378735 4.703593 3.875730 -0.348967 14.275718 3.355326 12.926604 49.848034 85.215813 -4.973569 9.502934 5.067223 29.630732 -9.289148 25.451637 -45.075626 -22.458555 22.306534 72.079170 27.325407 -4.328287 -19.637646 19.108364 0.000034 -0.002059 -0.004950 -2.720621 -20.669479 -6.859008 -0.344162 71.766708 -8.624859 3.546175 12.098531 4.566302 -0.000364 -0.002907 0.006988 
253.054123 0.000000 -670.609070 -66.139412 -0.000000 0.000000 11.770369 19.127378 -8.878241 0.043990 5.324177 0.284898 -0.177090 10.255556 0.518634 -0.289288 9.926573 0.713680 10.932151 -15.230360 12.253367 25.695724 -1.722011 -23.356310 -3.287855 -0.324513 -12.378046 -3.665972 -0.734617 -44.199188 -107.523132 -2.851664 -5.507657 -4.868854 23.230989 4.960725 2.941341 -0.352230 14.866017 1.091426 13.884899 50.059532 82.792175 -4.610405 8.949278 4.770894 29.286125 -10.174129 23.758818 -42.027519 -20.591698 18.456230 71.123260 23.545721 -5.074515 -20.372923 19.836308 0.000024 -0.002061 -0.004945 -3.607644 -25.167265 -3.918160 -18.642708 76.683464 -26.698948 0.903459 10.043386 3.634519 -0.000378 -0.002898 0.007139 
250.786804 0.000000 -667.323425 -64.486153 -0.000000 0.000000 13.075079 19.371956 -9.269694 -0.225811 5.258325 0.473244 -0.804758 10.158125 0.908760 -0.978070 9.837933 1.103495 11.000731 -15.653797 12.432061 25.872452 -1.907822 -23.204065 -3.690118 -0.348993 -12.240639 -4.077378 -6.898669 -43.388386 -108.995842 -2.818619 -5.482677 -5.147339 23.239105 5.688037 2.021827 -0.312930 15.222096 -1.203885 15.306117 50.134892 81.540268 -4.505216 8.777484 4.965006 27.813753 -10.778465 21.621176 -39.000206 -18.083607 15.538890 69.843964 20.645199 -5.666834 -20.754959 20.804619 0.000016 -0.002091 -0.004883 -6.378726 -30.372114 -0.396671 -44.802078 77.704620 -53.215069 -1.772481 7.716001 1.277940 -0.000386 -0.002830 0.007349 
248.495575 0.000000 -663.824768 -62.865940 -0.000000 0.000000 14.324086 19.673967 -9.741526 -0.519337 5.178441 0.701385 -1.490809 10.051946 1.358380 -1.743323 9.736032 1.541684 11.004644 -16.343348 12.777092 26.103939 -1.792971 -23.248873 -4.272779 -0.338004 -11.757079 -5.432913 -12.783223 -42.433044 -110.708839 -2.719181 -5.431185 -5.818979 23.200579 6.273813 1.267566 -0.310323 15.353610 -3.626935 17.063658 49.068539 82.160492 -4.749189 9.276255 5.518471 26.301508 -11.352695 19.224125 -35.287266 -15.544874 12.176435 67.316269 17.440685 -6.511494 -21.219425 22.022751 0.000003 -0.002068 -0.004859 -9.977548 -36.076984 3.562634 -62.994953 76.368889 -72.023094 -3.761687 5.189672 -0.058590 -0.000396 -0.002809 0.007524 
246.193069 0.000000 -660.139099 -61.261623 -0.000000 0.000000 15.299719 19.974039 -10.215539 -0.785346 5.084103 0.967685 -2.068171 9.913059 1.896301 -2.384661 9.593351 2.067016 11.025527 -16.825867 12.856850 26.064884 -1.766641 -23.135273 -4.928232 -0.275849 -10.681190 -7.191271 -17.846148 -40.891499 -112.586700 -2.696959 -5.502683 -6.646988 22.619114 6.758436 0.700587 -0.326347 15.072545 -6.039057 19.062643 47.404831 84.279877 -5.139291 10.119989 6.323876 25.068249 -12.161107 16.959404 -31.133982 -12.972096 7.793186 63.603462 13.679976 -7.287933 -20.454081 22.738806 -0.000008 -0.002023 -0.004867 -13.973719 -42.153530 8.224214 -73.182213 74.784805 -82.643661 -4.858217 2.272654 -1.041859 -0.000402 -0.002829 0.007623 
243.845078 0.000000 -656.268311 -59.672749 -0.000000 0.000000 15.769490 20.154957 -10.591411 -1.095802 5.013351 1.255392 -2.664577 9.780024 2.477978 -3.008672 9.441980 2.636922 10.943957 -17.133612 12.629305 25.572826 -1.677309 -22.795494 -5.783281 -0.241325 -9.180162 -8.731670 -22.590813 -39.201382 -114.286804 -2.548352 -5.478661 -7.850142 21.604305 7.738491 0.121047 -0.302349 14.542792 -7.609014 21.361322 45.734730 86.664902 -5.029671 10.337218 7.358015 23.012209 -13.370766 15.438506 -26.439587 -10.701222 4.115029 59.576553 10.828927 -8.310819 -20.020935 23.081150 -0.000010 -0.001999 -0.004737 -17.925007 -47.971802 13.370281 -74.099655 74.004578 -83.881165 -4.851974 -0.185775 -1.257729 -0.000402 -0.002854 0.007498 
241.390228 0.000000 -652.194214 -58.118629 -0.000000 0.000000 16.031940 20.411051 -10.884577 -1.471075 4.947905 1.503133 -3.372398 9.657432 2.944337 -3.727991 9.306872 3.077782 10.385197 -17.617361 12.799102 25.042440 -1.430535 -22.615290 -6.805754 -0.177637 -7.508372 -10.194654 -26.881693 -37.288059 -115.686241 -2.406463 -5.457165 -8.723043 21.345490 8.750309 -0.354792 -0.258282 13.972167 -8.502360 23.562023 44.414082 88.720261 -4.928255 10.486834 8.122911 21.447763 -14.458996 14.265320 -21.567238 -9.245996 1.214647 55.366291 8.783597 -9.083521 -19.258179 23.239300 -0.000010 -0.001968 -0.004603 -22.512922 -53.568687 19.491476 -68.410667 73.923347 -78.009689 -4.331946 -2.234600 -0.960613 -0.000397 -0.002881 0.007319 
238.849823 0.000000 -647.959656 -56.565441 -0.000000 0.000000 15.972885 20.533611 -11.058107 -1.909425 4.898772 1.730635 -4.164648 9.568631 3.380163 -4.505583 9.220003 3.491910 10.491443 -18.072098 12.741288 25.033184 -0.826214 -22.520535 -7.514735 -0.099875 -6.002154 -11.991663 -30.155939 -35.117577 -116.523277 -2.394901 -5.523490 -9.162236 21.008305 9.875224 -0.245194 -0.207822 13.204548 -9.154866 25.708378 43.464016 90.327454 -4.982641 10.620919 8.726152 20.723242 -15.107338 12.541746 -16.427580 -7.954180 -1.382207 50.509621 6.947225 -9.334613 -17.143047 23.292522 -0.000011 -0.001974 -0.004508 -27.966160 -58.419540 26.444057 -57.866993 73.836227 -66.605629 -3.621058 -3.857153 0.326668 -0.000396 -0.002887 0.007187 
236.259003 0.000000 -643.547607 -54.973179 -0.000000 0.000000 15.349918 20.655674 -11.072345 -2.277162 4.886198 1.929490 -4.797209 9.482556 3.757682 -5.098810 9.106379 3.845537 10.651744 -18.841484 12.683162 25.237270 -0.001010 -22.524942 -7.807214 -0.045344 -4.834719 -13.569880 -32.018639 -33.015675 -117.187393 -2.317004 -5.556638 -9.648711 20.411577 11.218253 0.365953 -0.159437 12.135573 -9.307228 27.382370 42.954594 91.460884 -4.890651 10.518962 8.995186 19.992325 -14.814575 10.737936 -10.986453 -6.730796 -3.932685 44.888298 4.225242 -9.658675 -13.087031 23.206676 -0.000003 -0.002052 -0.004351 -33.355545 -61.822033 33.114140 -41.246243 72.394165 -49.260002 -2.299320 -4.838972 1.613180 -0.000390 -0.002835 0.007128 
233.628601 0.000000 -638.981750 -53.300491 -0.000000 0.000000 14.103482 20.629065 -11.037268 -2.532033 4.886217 2.128782 -5.202519 9.430974 4.126867 -5.455515 9.033677 4.176909 11.176213 -19.475178 11.874503 25.101175 0.735279 -22.026613 -7.678529 -0.027338 -4.157416 -14.628612 -32.588333 -31.735918 -117.676270 -2.441721 -5.646020 -9.807428 20.457352 12.292144 1.566651 -0.079981 11.103833 -9.384714 27.843754 41.911465 92.333412 -4.851343 10.408693 8.868243 20.058735 -14.277827 9.498968 -5.679644 -5.321533 -6.524374 39.356880 1.877955 -9.084107 -6.772789 22.114147 0.000009 -0.002096 -0.004291 -38.052891 -64.131767 38.903278 -25.016041 68.730522 -32.206848 -1.092703 -5.522705 3.885132 -0.000385 -0.002802 0.007189 
230.951996 0.000000 -634.257751 -51.544983 -0.000000 0.000000 12.692774 20.388981 -10.813326 -2.733341 4.914117 2.257385 -5.541910 9.414444 4.314896 -5.750590 8.985421 4.323192 12.182715 -20.178345 10.776149 25.158072 1.660876 -21.420673 -7.043908 -0.103161 -4.073600 -15.677038 -31.358828 -30.825806 -117.939476 -2.558040 -5.647552 -9.597183 20.394171 12.679640 3.062272 0.008254 10.573680 -8.867644 26.920664 40.912720 92.873070 -4.878062 10.416098 8.667014 19.915083 -13.611316 8.900311 -0.359547 -3.874665 -9.643561 33.360779 -0.652486 -8.019001 1.570017 17.340841 0.000012 -0.002158 -0.004171 -41.369125 -64.888115 43.279018 -13.728114 63.469585 -19.767735 -0.285202 -5.617598 6.475855 -0.000388 -0.002760 0.007348 
228.269821 0.000000 -629.399841 -49.745979 -0.000000 0.000000 10.967355 20.032158 -10.445856 -2.897193 4.891782 2.363619 -5.830315 9.297104 4.453234 -6.013590 8.825943 4.418218 13.434556 -20.729837 9.690237 25.450024 2.690138 -21.049183 -6.097445 -0.200592 -4.303102 -16.728415 -28.460388 -30.761074 -118.009979 -2.681069 -5.655336 -9.454016 20.055567 12.803795 4.603712 0.036646 10.455508 -7.742097 25.397552 40.316479 93.124016 -4.871555 10.426857 8.590251 19.952152 -12.607186 8.849670 4.622012 -3.014248 -12.429155 27.468874 -1.893248 -7.261320 12.179538 9.392165 0.000016 -0.002199 -0.004059 -42.421104 -64.649330 45.096016 -6.596016 57.597424 -11.645781 0.258493 -5.368893 9.409294 -0.000387 -0.002731 0.007425 
225.584747 0.000000 -624.442932 -47.881290 -0.000000 0.000000 8.794262 19.582575 -9.726422 -3.067573 4.737037 2.357342 -6.086834 8.936316 4.422038 -6.222207 8.430285 4.349555 14.200738 -21.178352 8.983744 25.518833 3.607117 -20.579681 -5.243283 -0.323940 -5.038091 -18.094374 -24.454147 -31.567810 -117.989792 -2.749827 -5.667775 -9.213270 19.592207 12.035150 5.987560 -0.036324 10.911084 -6.186239 23.263266 39.628235 92.236778 -4.821906 10.363424 7.976327 20.662411 -11.194050 9.178988 8.654029 -3.255663 -14.729020 23.511391 -2.698398 -8.897547 23.367935 -0.243542 0.000016 -0.002211 -0.004059 -42.186646 -63.903049 44.785976 -1.444398 53.122086 -5.640463 0.767729 -5.852826 13.750378 -0.000387 -0.002727 0.007470 
222.871368 0.000000 -619.383667 -45.916256 -0.000000 0.000000 13.827952 22.959816 -9.220531 -3.411809 4.937373 1.647995 -7.028205 9.274822 2.895022 -7.236124 8.885852 2.730476 6.542390 -23.549759 17.616539 26.356525 3.443622 -22.491573 -7.843091 0.109351 -6.514837 -13.733912 -19.741119 -34.066994 -113.536804 -4.407066 -8.096499 -9.791091 19.215647 13.031088 3.127785 -0.073741 9.518454 -5.146865 37.022648 43.341011 94.593681 -3.421889 7.462797 6.631619 16.732220 -8.063637 10.417743 10.222569 -4.733989 -12.830115 19.966663 -0.761164 -6.581489 26.029585 -1.357852 0.000219 -0.002358 -0.005349 -50.409019 -64.973068 51.423912 2.521571 56.836414 0.329911 -1.313613 -11.346413 20.200058 -0.000184 -0.002579 0.005558 
220.374725 0.000000 -613.885315 -43.805523 -0.000000 0.000000 11.972994 22.758581 -8.376910 -3.327659 4.781446 1.562097 -6.837887 8.888829 2.714763 -7.017985 8.479507 2.546426 6.950356 -24.084198 16.758841 25.883343 3.607190 -21.623819 -7.204188 -0.085795 -7.435700 -15.021040 -14.993639 -33.803394 -112.426041 -4.601809 -8.321872 -9.803147 19.041069 12.578777 3.664790 -0.107713 10.192503 -5.167291 34.440559 43.055252 93.568085 -3.269775 7.158473 5.553961 17.205492 -7.537229 9.022099 11.250546 -5.519192 -13.762515 21.284107 -1.433602 -7.716809 31.609655 -5.206976 0.000240 -0.002497 -0.005312 -50.020882 -63.088924 50.850430 3.535337 53.531616 0.935907 -1.207734 -9.687801 21.596008 -0.000166 -0.002442 0.005630 
217.847275 0.000000 -608.271240 -41.600853 -0.000000 0.000000 10.157020 22.603407 -7.840316 -3.175811 4.756427 1.506035 -6.548458 8.782676 2.667435 -6.736952 8.365843 2.522167 7.276065 -24.668175 15.213387 24.765522 3.282020 -20.455294 -6.960753 -0.224487 -8.446986 -15.246734 -10.796708 -34.344791 -110.006386 -4.493066 -8.219680 -9.838393 19.229885 12.995806 3.621167 -0.182558 11.286270 -4.445111 31.033718 43.449741 91.220215 -3.316279 6.947168 4.811663 18.643009 -7.480516 8.260152 9.816876 -6.010608 -12.994417 26.796360 -1.668895 -7.346846 31.980450 -6.348410 0.000243 -0.002577 -0.005229 -49.776169 -59.698753 50.126347 1.766834 51.219574 -1.553665 0.602335 -6.830391 15.184367 -0.000169 -0.002386 0.005612 
215.258713 0.000000 -602.578186 -39.290394 -0.000000 0.000000 8.630903 21.610731 -7.005386 -2.891264 4.903200 1.442983 -5.958830 9.092414 2.598687 -6.129957 8.692863 2.482172 8.152342 -25.010975 13.046576 23.829992 2.805892 -19.773294 -7.081439 -0.297314 -9.474556 -15.338243 -6.693324 -35.650204 -105.834656 -4.406486 -8.082915 -9.503506 19.918880 12.171220 2.929315 -0.329022 12.746955 -3.088834 25.499084 44.309586 88.762672 -3.477633 6.785794 4.271025 19.893137 -7.022263 8.097018 7.836296 -6.138194 -11.637298 35.167992 -1.534685 -6.451084 30.487801 -5.922197 0.000242 -0.002604 -0.005151 -47.631046 -56.709457 48.284878 -2.568953 53.065357 -6.565243 1.894092 -7.366234 2.509681 -0.000171 -0.002374 0.005639 
212.611572 0.000000 -596.802734 -36.934814 -0.000000 0.000000 7.168262 20.343166 -6.717591 -2.507417 4.940701 1.486331 -5.172304 9.253471 2.770133 -5.340956 8.925635 2.686918 8.464154 -24.744745 11.134027 22.614544 2.451272 -19.142839 -7.351559 -0.343852 -10.357080 -15.934330 -2.811736 -37.636299 -100.492058 -4.460514 -8.047030 -8.414548 21.473230 10.877916 2.154860 -0.421672 14.084181 -2.040765 19.732336 44.747967 86.966499 -3.545938 6.430286 3.476193 20.235706 -6.240589 10.078264 4.674057 -5.096709 -11.153980 45.904564 -1.053877 -5.435358 29.774033 -4.445240 0.000245 -0.002601 -0.005150 -43.407310 -53.672035 44.436089 -7.390373 55.331638 -11.956014 2.168878 -11.915854 -5.839381 -0.000164 -0.002346 0.005540 
209.906174 0.000000 -590.910278 -34.586483 -0.000000 0.000000 5.792864 19.114754 -6.619603 -1.990708 4.907678 1.597404 -4.153851 9.293161 3.015884 -4.329049 9.045451 2.954041 7.771152 -24.267040 9.170004 20.258234 1.748168 -17.787960 -7.488729 -0.366255 -10.963547 -16.751038 0.531813 -39.667938 -95.332153 -4.462728 -7.920466 -6.744855 24.152460 9.168673 1.576605 -0.462369 15.544072 -1.439886 14.224979 44.486664 85.724625 -3.514334 6.035313 2.514452 20.110252 -5.845564 12.193136 0.585608 -3.131924 -9.973189 56.809586 0.203668 -4.652864 27.573387 -4.013584 0.000245 -0.002565 -0.005267 -37.591728 -51.350651 39.592411 -10.583232 58.261776 -16.041096 0.770611 -17.773159 -5.139438 -0.000162 -0.002361 0.005416 
207.189301 0.000000 -584.919678 -32.258289 -0.000000 0.000000 3.728776 17.888546 -6.836107 -1.444325 4.971015 1.809637 -2.995521 9.484138 3.467244 -3.136228 9.286942 3.423286 7.445495 -24.270884 7.183118 18.336460 1.213365 -16.676815 -7.402612 -0.407001 -11.691977 -16.420017 3.496566 -41.395809 -90.785179 -4.356519 -7.689281 -4.907770 26.979155 7.693491 1.595763 -0.542603 17.494183 -0.461924 8.043241 43.481529 84.973015 -3.444320 5.682766 1.451216 19.864584 -6.000740 13.191003 -4.477884 -0.862634 -6.654133 67.641876 3.005218 -3.080178 23.801756 -1.550962 0.000242 -0.002534 -0.005391 -31.528780 -48.863274 35.053341 -13.579755 60.809757 -19.232738 -1.330171 -21.843761 -2.127582 -0.000166 -0.002392 0.005391 
204.445175 0.000000 -578.803833 -29.981524 -0.000000 0.000000 1.581617 17.279451 -7.423608 -0.942205 5.014650 2.133265 -1.929516 9.551586 4.184001 -2.081718 9.384567 4.165616 7.697201 -24.624737 4.796464 16.582268 0.764353 -15.471986 -6.749944 -0.472658 -12.631392 -15.497695 6.843567 -42.855373 -87.648956 -4.472099 -7.265984 -3.047788 29.901829 6.803431 2.158325 -0.649000 19.166780 0.844217 0.780237 42.621723 84.746674 -3.400900 5.508907 0.714646 20.307442 -5.888104 12.812354 -11.078887 0.379729 1.459291 77.732796 10.794285 -1.583925 18.721447 1.926840 0.000242 -0.002567 -0.005449 -27.787365 -45.023090 31.366041 -13.665426 61.248966 -19.397789 -2.653636 -24.016037 0.866583 -0.000168 -0.002371 0.005480 
201.690598 0.000000 -572.548584 -27.772318 -0.000000 0.000000 -0.474727 17.240503 -7.503638 -0.541959 4.981215 2.294297 -1.110085 9.435757 4.588059 -1.290259 9.283914 4.592421 7.498753 -25.212812 2.916338 14.815619 0.388407 -14.282355 -5.831775 -0.487323 -13.475183 -13.158308 9.448722 -44.019016 -84.342407 -4.616015 -7.055192 -1.516837 31.486404 6.445610 3.012525 -0.767452 19.888266 2.652078 -6.636938 42.056313 85.730629 -3.307374 5.437851 0.899145 20.313047 -5.972258 11.663768 -19.019508 0.220166 41.373432 85.414902 50.503498 -0.862080 13.406310 5.231842 0.000252 -0.002613 -0.005540 -25.746914 -41.019779 28.132999 -12.096465 61.277245 -18.224014 -2.860188 -26.011326 2.747200 -0.000157 -0.002335 0.005479 
198.949585 0.000000 -566.166138 -25.653082 -0.000000 0.000000 -2.315595 17.412790 -6.718714 -0.236998 4.861668 2.177707 -0.523853 9.210085 4.404713 -0.698419 9.055090 4.415124 7.579236 -25.589746 1.496083 13.604988 -0.138533 -13.404896 -4.439590 -0.421410 -14.233699 -9.946051 11.877209 -44.493382 -82.737587 -4.624107 -6.995845 -0.701444 30.387613 6.196415 4.201535 -0.949255 19.285292 3.972259 -13.412597 42.087654 87.721992 -3.304909 5.566638 1.643850 20.195107 -6.810451 11.499911 -27.994144 -1.739891 117.783638 82.419716 127.038605 0.130818 7.898680 6.844642 0.000255 -0.002553 -0.005725 -22.823286 -37.531445 24.045012 -10.570413 60.874352 -16.679977 -3.340785 -27.710489 4.802573 -0.000149 -0.002389 0.005311 
196.207870 0.000000 -559.707520 -23.655504 -0.000000 0.000000 -3.875732 17.587986 -5.367324 0.095976 4.666908 1.887109 0.100349 8.865640 3.844922 -0.042459 8.711278 3.859512 6.945915 -25.779329 1.134029 12.759703 -0.647540 -12.833998 -3.372721 -0.322793 -14.301016 -6.135387 15.151320 -43.865475 -84.068802 -4.719640 -7.627039 -0.862357 27.476223 7.164701 5.219828 -0.989014 17.644300 4.985039 -19.841610 42.962742 90.865044 -3.173070 5.692917 2.889191 20.131897 -8.339864 12.662191 -36.617832 -5.125217 129.020111 76.884270 138.483704 1.457473 5.218864 8.175785 0.000261 -0.002515 -0.005872 -20.265717 -33.529293 20.150679 -9.151196 60.120209 -15.575694 -4.056313 -29.697968 6.587530 -0.000141 -0.002418 0.005090 
193.493362 0.000000 -553.165405 -21.797268 -0.000000 0.000000 -5.087008 17.725697 -3.720191 0.588149 4.517979 1.480922 1.007263 8.542718 3.015818 0.858717 8.349222 3.033992 5.740719 -25.696163 0.785057 10.980625 -1.043891 -11.589647 -2.530025 -0.228642 -13.703856 -2.684276 18.629782 -41.837505 -86.566589 -4.788619 -8.320999 -1.704123 23.361799 8.375818 6.448879 -0.916999 15.266452 6.056832 -25.518761 43.891083 95.314728 -3.110680 6.035903 4.527767 19.781160 -10.273830 14.936759 -45.459492 -9.537537 128.201599 74.087479 137.383133 2.512134 2.352057 8.372713 0.000257 -0.002486 -0.005945 -18.765156 -28.797649 16.266560 -7.011490 57.288231 -14.008069 -4.479441 -30.488501 8.320149 -0.000144 -0.002454 0.005036 
190.806686 0.000000 -546.533325 -20.109774 -0.000000 0.000000 -6.219429 17.813889 -2.275416 1.088890 4.315891 1.075554 1.991711 8.115943 2.214579 1.857902 7.906568 2.242700 4.537611 -25.388439 0.428177 8.971496 -0.982753 -10.181065 -2.039883 -0.139617 -12.575109 0.095735 22.632664 -39.728382 -89.336266 -4.807568 -8.811382 -3.019146 19.882420 9.309792 7.436458 -0.719276 12.624306 7.682128 -29.475775 44.020733 100.337158 -3.185179 6.550028 6.106035 19.362354 -11.684788 18.622814 -53.000057 -15.253755 121.180580 73.614700 129.753464 3.513878 -0.812685 7.318319 0.000254 -0.002469 -0.005977 -18.064131 -23.310749 12.656129 -4.534098 53.167042 -11.708755 -3.918889 -30.275618 9.280885 -0.000145 -0.002461 0.005096 
188.086945 0.000000 -539.799316 -18.601707 -0.000000 0.000000 -7.058345 17.833838 -1.101912 1.683016 4.113565 0.759191 3.172169 7.674510 1.593534 3.046558 7.470234 1.608547 2.826221 -25.119713 0.330539 6.650610 -0.489296 -8.716789 -2.128426 -0.026483 -11.188863 1.722586 27.293043 -38.529732 -92.136307 -4.717089 -9.092744 -4.443263 16.546396 9.937752 7.848737 -0.500442 10.169546 8.895716 -31.988670 42.761322 105.101730 -3.537401 7.254417 7.324371 18.803282 -12.551069 22.387701 -58.284241 -20.921051 105.508278 75.763474 113.085587 4.084639 -2.627172 6.249006 0.000245 -0.002455 -0.006087 -17.758427 -17.392509 9.513310 -2.620447 48.831661 -9.757492 -2.928364 -27.338364 9.699198 -0.000153 -0.002479 0.005192 
185.381912 0.000000 -532.952759 -17.269705 -0.000000 0.000000 -7.649029 17.605286 -0.086705 2.355874 3.951217 0.444845 4.499854 7.307364 0.969526 4.371401 7.112917 0.982017 1.148320 -24.722633 0.191313 4.229752 0.042937 -7.005012 -2.501464 0.131884 -9.465605 3.069550 32.331970 -37.870975 -95.050247 -4.730402 -9.361545 -5.768198 14.206539 10.492985 7.802144 -0.339878 7.981885 9.846456 -32.255135 40.502224 109.609093 -3.894715 7.812561 8.488947 18.336975 -12.640314 26.834435 -61.554733 -27.031828 76.610405 77.354179 83.628029 3.801942 -2.689193 5.676832 0.000238 -0.002442 -0.006197 -17.461491 -11.580778 6.627710 -1.664695 44.332829 -8.575934 -1.788696 -20.973103 9.027443 -0.000159 -0.002481 0.005251 
182.710083 0.000000 -526.019226 -16.129635 -0.000000 0.000000 -7.768941 17.256247 0.930674 2.942457 3.774477 0.119279 5.673365 6.918137 0.353784 5.547406 6.713543 0.383569 -0.478763 -24.486803 -0.337556 1.321878 0.808017 -4.929597 -3.038346 0.280835 -8.082934 5.014843 36.634285 -37.248398 -97.724976 -4.716706 -9.479183 -6.810950 12.587687 10.855446 7.199130 -0.279353 6.435270 10.789042 -30.434908 37.939487 113.406975 -4.217619 8.195477 9.470240 18.079693 -12.260868 30.520985 -63.156960 -32.162277 41.753181 74.855492 48.260197 2.790083 -3.604554 5.124424 0.000231 -0.002451 -0.006133 -17.178419 -5.387424 3.723277 -0.265883 38.841858 -6.982088 -0.477532 -10.716467 8.133125 -0.000162 -0.002439 0.005279 
180.065430 0.000000 -518.998047 -15.169528 -0.000000 0.000000 -7.765079 16.857822 1.698229 3.429984 3.568474 -0.147050 6.644460 6.504409 -0.137120 6.522134 6.297882 -0.075015 -1.454282 -24.250582 -1.872593 -1.852952 1.719371 -2.399110 -3.365001 0.434889 -7.202251 7.345444 39.590393 -36.990238 -99.856003 -4.676895 -9.448837 -7.221642 11.745972 10.695115 6.485081 -0.282024 5.507091 12.012577 -27.448317 35.881027 116.215332 -4.432911 8.357121 10.288022 17.911005 -12.448059 32.104988 -63.735340 -34.670586 19.534504 68.283340 25.144947 1.580009 -4.873705 3.159339 0.000219 -0.002389 -0.006098 -17.559942 1.005724 0.949041 2.237674 32.703236 -5.118234 1.104203 2.957705 8.806212 -0.000173 -0.002493 0.005244 
177.414719 0.000000 -511.945679 -14.382060 -0.000000 0.000000 -7.233332 16.439007 2.188215 3.770165 3.353037 -0.328449 7.280632 6.136635 -0.476562 7.141020 5.952298 -0.381194 -1.772768 -24.028898 -3.613517 -4.425774 2.886240 -0.007982 -3.514341 0.493002 -6.897472 10.055336 40.790318 -36.361794 -101.242188 -4.745428 -9.531549 -7.433173 11.620710 10.350665 5.800457 -0.248467 5.007408 13.171123 -23.527157 34.729298 118.377045 -4.412585 8.184602 10.658215 17.435692 -12.732359 30.539505 -62.791115 -34.383816 7.479242 58.577686 12.557871 0.378138 -5.064876 -0.562413 0.000212 -0.002324 -0.006135 -18.722752 6.424092 -1.755280 5.019701 27.519865 -3.244453 3.758557 16.888062 11.840931 -0.000178 -0.002558 0.005154 
174.781097 0.000000 -504.836884 -13.754306 -0.000000 0.000000 -6.361753 15.842490 1.903798 3.903220 3.152306 -0.286769 7.571154 5.796344 -0.379710 7.431143 5.627062 -0.255577 -1.536953 -23.787535 -5.533841 -6.399955 4.068557 1.926694 -3.777116 0.498424 -7.071379 11.604527 41.339798 -36.803913 -101.877533 -4.871965 -9.519479 -7.583922 11.400882 9.581961 4.994784 -0.233113 5.007667 14.372665 -18.953007 34.326431 119.780533 -4.349791 7.962951 10.169361 16.627050 -11.818811 27.416275 -61.047729 -32.101799 0.717076 49.421146 5.742124 -1.536516 -5.185837 -2.465795 0.000225 -0.002387 -0.006020 -19.052540 11.595521 -2.965884 7.576664 23.214363 -2.041628 6.808332 27.553669 14.936134 -0.000160 -0.002499 0.005179 
172.129761 0.000000 -497.687775 -13.280740 -0.000000 0.000000 -5.178347 15.211438 1.543359 3.888751 2.902423 -0.265080 7.572432 5.309392 -0.343727 7.457780 5.147286 -0.212063 -1.039858 -23.197941 -7.138995 -7.636520 4.682377 3.692728 -3.702758 0.398963 -7.524616 11.789136 41.742668 -38.530685 -102.059120 -4.791327 -9.228054 -7.401169 10.749971 8.537068 4.276057 -0.259209 5.696554 15.836728 -13.234404 34.310658 120.095070 -4.485384 7.995636 10.015361 15.017000 -10.907643 23.695999 -59.422539 -29.376089 -2.535479 42.107983 2.631022 -2.481520 -4.769367 -3.120755 0.000224 -0.002442 -0.005733 -17.547888 15.700536 -2.386442 9.687271 22.256910 -1.304946 8.155499 31.208406 14.577756 -0.000157 -0.002415 0.005207 
169.444199 0.000000 -490.463867 -12.962874 -0.000000 0.000000 -5.601132 14.324754 0.539127 4.044896 2.820523 -0.099736 7.975176 5.125610 0.030401 7.908637 4.984072 0.219580 1.923151 -21.557690 -14.455462 -12.695890 6.732200 9.452903 -1.545662 0.172345 -7.709642 12.238789 43.267654 -38.225239 -103.506935 -3.303094 -6.679540 -2.972408 10.825398 3.618695 5.909997 -0.204713 8.539866 18.040106 -2.859748 40.076847 114.841919 -5.938304 10.089905 11.124187 16.776115 -11.187070 21.099493 -60.594368 -26.590324 -2.187083 37.289486 0.773991 -2.308365 -6.289323 -5.989289 0.000056 -0.002149 -0.004763 -15.956950 19.500898 0.607201 9.245622 22.403185 -1.935060 5.405059 27.177193 9.405156 -0.000336 -0.002769 0.006072 
166.373749 0.000000 -483.312836 -12.690854 -0.000000 0.000000 -4.629258 13.165629 0.576982 3.932305 2.908474 -0.114125 7.810074 5.286027 -0.029341 7.758990 5.151428 0.140840 1.868033 -21.464916 -14.361404 -12.531763 7.193194 9.940209 -0.737427 -0.029863 -8.867590 12.438410 40.613235 -39.725471 -103.063652 -3.207514 -6.433076 -2.514794 11.996394 3.432679 5.826754 -0.185909 9.242261 18.683250 1.466378 40.559513 112.917130 -6.080835 10.305511 10.620736 16.107662 -9.444498 19.992945 -58.199631 -26.066872 -2.099454 34.225769 1.088813 -1.527805 -6.184251 -6.753625 0.000070 -0.002266 -0.004626 -12.388532 19.564100 1.966973 8.419116 31.016020 -1.735468 4.395107 24.281851 7.107620 -0.000332 -0.002697 0.006314 
163.304138 0.000000 -476.096252 -12.543891 -0.000000 0.000000 -3.837895 11.830755 0.760625 3.710425 3.151405 -0.142269 7.386743 5.740479 -0.052892 7.334552 5.588784 0.106472 1.614634 -22.085398 -13.868649 -12.477166 7.683244 10.162907 0.279499 -0.196504 -10.307799 11.784560 37.136162 -42.088245 -102.105621 -3.138321 -6.297966 -2.482708 13.532145 4.473566 5.751810 -0.187018 10.072637 19.217575 4.713120 41.390366 110.099960 -5.931564 10.256420 9.808950 16.676424 -8.309977 21.028236 -55.748749 -27.242580 -1.039653 35.698528 2.152147 -0.538005 -5.142685 -6.228238 0.000084 -0.002379 -0.004558 -11.384231 17.668438 2.345637 6.640778 41.876316 -1.571242 4.195085 21.472963 8.040826 -0.000317 -0.002602 0.006433 
160.255020 0.000000 -468.900543 -12.491549 -0.000000 0.000000 -2.745683 10.491285 0.925453 3.330093 3.335793 -0.220598 6.638259 6.171480 -0.204735 6.606678 6.041018 -0.047882 0.705776 -22.450743 -12.650626 -12.438687 8.120355 10.052032 1.344904 -0.263239 -11.670703 10.228457 33.851742 -44.750359 -100.915184 -3.130009 -6.261478 -2.356128 14.145878 5.445338 5.694461 -0.195843 10.859836 20.048553 7.556893 43.492657 106.195061 -5.770905 10.189222 9.251303 17.226572 -7.243264 22.538986 -51.991562 -28.689936 -0.937122 38.718899 3.447213 -1.653262 -3.587044 -2.496529 0.000086 -0.002398 -0.004589 -12.103577 15.545771 2.195078 3.196170 51.448513 -4.115510 3.010331 19.203396 9.204281 -0.000316 -0.002598 0.006478 
157.232452 0.000000 -461.725464 -12.507260 -0.000000 0.000000 -1.708160 9.115019 1.415362 2.918616 3.556678 -0.378407 5.835520 6.678086 -0.521524 5.815351 6.550189 -0.359849 -0.275943 -22.156544 -11.081248 -12.183931 7.823234 9.748639 2.058334 -0.376441 -13.020836 8.076485 29.703323 -47.847080 -99.720917 -2.992396 -6.011157 -2.259724 13.959426 6.200859 5.632559 -0.156661 11.521388 20.370161 9.422183 45.873611 100.940277 -5.554795 10.158609 8.528477 18.286520 -6.845790 22.837744 -48.506729 -29.677458 -0.382519 43.977509 5.484949 -2.517401 -4.111290 3.549040 0.000078 -0.002427 -0.004424 -13.401474 12.210100 0.903347 -2.795701 60.524399 -9.602445 0.947986 17.675997 7.762405 -0.000323 -0.002569 0.006644 
154.184692 0.000000 -454.534088 -12.594656 -0.000000 0.000000 -0.859107 7.964364 2.389983 2.439744 3.757780 -0.671894 4.876255 7.153482 -1.119395 4.872793 7.048157 -0.960704 -1.122977 -21.534668 -9.320073 -11.600990 7.211059 9.460225 2.319993 -0.435433 -14.717698 5.716771 24.229282 -50.143696 -98.422585 -2.892602 -5.775200 -1.483849 14.182084 6.575357 5.741134 -0.138208 12.181725 20.098787 10.153907 47.628803 94.855637 -5.598381 10.343532 7.499270 20.581696 -6.694047 22.121418 -45.242649 -29.820864 1.601480 49.648426 7.636237 -2.435678 -7.219168 8.165216 0.000055 -0.002402 -0.004319 -15.097812 7.488050 -1.442927 -12.043683 69.406876 -19.058668 -0.629028 15.914284 5.736263 -0.000343 -0.002557 0.006829 
151.145020 0.000000 -447.301880 -12.770420 -0.000000 0.000000 -0.081435 7.817280 3.812495 1.948628 3.798537 -1.094143 3.905511 7.274282 -2.018664 3.928135 7.197733 -1.875942 -1.656731 -21.905182 -7.448127 -10.709398 6.849915 8.893234 2.338278 -0.392717 -17.535233 2.652337 18.660679 -49.931335 -97.316490 -2.816904 -5.434465 -0.077799 15.362803 5.680975 5.363890 -0.210888 13.236170 18.715460 10.986303 48.700588 89.215240 -5.206875 10.038241 6.161170 22.971706 -6.171817 20.950043 -42.167576 -30.121403 3.688090 53.516994 9.740201 -2.248545 -12.429969 9.234410 0.000041 -0.002361 -0.004288 -16.644594 0.556174 -4.196080 -29.040211 77.632057 -36.974770 -1.022049 11.146773 4.096531 -0.000351 -0.002563 0.006842 
148.092651 0.000000 -439.999542 -12.995647 -0.000000 0.000000 0.770041 8.364169 5.096756 1.525555 3.729651 -1.433082 3.082520 7.116590 -2.799393 3.115015 7.054651 -2.699269 -2.306356 -22.907225 -5.622044 -9.899953 6.789730 8.163195 1.679710 -0.462218 -19.951641 -2.072367 12.780615 -49.682716 -96.568420 -2.544364 -5.027098 0.826051 16.929934 4.641608 4.413350 -0.277368 14.578435 16.291750 11.862631 49.539322 85.666878 -5.026617 9.529673 4.823966 23.988432 -6.307108 19.629343 -38.674240 -29.765011 5.092883 55.292278 11.184115 -2.239808 -17.764845 8.456203 0.000038 -0.002365 -0.004207 -16.547552 -8.451007 -5.937903 -76.888573 82.299484 -85.708641 -0.855654 6.532553 2.003786 -0.000353 -0.002562 0.006774 
145.040482 0.000000 -432.641449 -13.242197 -0.000000 0.000000 1.400733 8.925805 5.331618 1.141507 3.601089 -1.585947 2.331893 6.862943 -3.189823 2.375633 6.816864 -3.137563 -2.880765 -23.053259 -4.106987 -9.263743 6.619191 7.668815 0.104171 -0.650438 -20.568331 -7.297394 5.742606 -49.614048 -96.420105 -2.181790 -4.663784 0.764997 18.343479 3.880619 3.239145 -0.261685 15.741230 13.005842 13.675308 49.896622 83.708588 -5.051324 9.519113 3.814135 23.805477 -6.677634 17.605602 -34.638218 -28.037596 5.612646 55.838078 11.994250 -2.330224 -22.310230 8.135718 0.000037 -0.002385 -0.004122 -14.672706 -17.763103 -5.949367 -112.135216 79.388222 -121.792282 -1.418072 2.946556 -0.225111 -0.000361 -0.002583 0.006768 
141.973312 0.000000 -425.212372 -13.522600 -0.000000 0.000000 1.422936 9.096977 5.046090 0.783842 3.415857 -1.601465 1.611641 6.547941 -3.270775 1.666237 6.518568 -3.259231 -2.764511 -22.739296 -3.380086 -8.543364 6.630989 7.578667 -1.284075 -0.750290 -20.145378 -11.960134 -0.431309 -49.688236 -97.535866 -2.138219 -4.654505 0.116411 20.381939 3.377827 2.418453 -0.235029 16.078691 9.707665 16.553852 49.563755 83.787727 -5.167042 9.772499 3.304143 22.151329 -6.967218 16.065125 -29.715977 -25.430861 5.766617 55.689697 12.442847 -2.278969 -26.494286 8.024420 0.000036 -0.002374 -0.004153 -12.492946 -26.825560 -4.763894 -117.283875 76.090874 -127.575768 -2.528900 -0.325908 -1.923138 -0.000372 -0.002628 0.006740 
138.906021 0.000000 -417.709198 -13.837079 -0.000000 0.000000 1.159333 9.096406 3.978261 0.421994 3.155904 -1.380747 0.892339 6.135574 -2.831855 0.941158 6.130116 -2.847369 -2.331010 -22.059349 -2.706661 -7.255499 6.777968 6.931586 -2.488125 -0.779939 -18.764975 -15.166119 -5.435926 -49.937424 -100.520042 -2.171769 -4.854284 -1.219829 21.226192 3.208642 1.623441 -0.154312 15.494645 7.109285 19.588011 48.840565 85.702065 -5.283411 10.063232 3.753406 19.111185 -7.935160 14.134520 -23.906288 -21.346886 4.879416 53.749626 12.054998 -2.342483 -29.296442 6.937238 0.000038 -0.002346 -0.004196 -11.094195 -35.015057 -2.512628 -110.678864 74.430382 -121.372032 -3.932904 -2.097227 -3.247041 -0.000377 -0.002668 0.006715 
135.832382 0.000000 -410.087677 -14.175771 -0.000000 0.000000 1.028216 9.000720 2.739757 -0.140195 2.892408 -1.065363 -0.221419 5.654315 -2.219246 -0.173216 5.662017 -2.267490 -1.646721 -21.301497 -1.746911 -5.170670 7.169619 5.250036 -3.492919 -0.759912 -16.926346 -16.614000 -9.202000 -49.968880 -104.256645 -2.293662 -5.206953 -2.471795 20.933922 4.001455 0.942683 -0.075148 14.509374 5.872868 22.895943 47.394482 88.120003 -5.501890 10.541573 4.459096 17.091463 -8.560504 12.358415 -17.693285 -17.892544 3.538483 50.838451 11.638331 -2.444171 -30.326647 5.711639 0.000037 -0.002258 -0.004325 -10.558361 -41.782845 0.186721 -96.284027 73.968719 -106.885689 -5.243175 -2.921243 -4.393857 -0.000381 -0.002733 0.006674 
132.726639 0.000000 -402.350433 -14.551684 -0.000000 0.000000 0.953395 8.879692 1.633909 -0.834272 2.593411 -0.735997 -1.569740 5.066258 -1.585803 -1.513130 5.072647 -1.655838 -0.501190 -20.576101 -1.037487 -2.859772 7.901920 3.444123 -3.959385 -0.713582 -14.963307 -17.116522 -11.661325 -50.465698 -108.065323 -2.329070 -5.497660 -3.590796 20.199240 4.644703 0.735778 -0.043115 13.391927 4.464096 26.746140 45.388489 91.565369 -5.917663 11.095134 5.187494 15.938842 -8.643638 10.686529 -9.905544 -14.295048 1.605947 45.385380 10.223037 -3.101745 -28.597635 5.180109 0.000032 -0.002212 -0.004401 -10.895064 -47.632832 3.030003 -74.192352 73.241852 -84.742050 -6.140182 -3.945101 -3.779454 -0.000387 -0.002763 0.006684 
129.627197 0.000000 -394.539764 -14.985705 -0.000000 0.000000 0.755859 8.697741 0.486763 -1.536537 2.257080 -0.383464 -2.927810 4.427021 -0.918339 -2.874557 4.449391 -1.026397 0.887780 -19.623726 -0.363004 -0.376057 8.631494 1.580346 -3.809312 -0.622131 -13.065467 -17.454590 -12.501254 -50.860126 -111.806183 -2.477643 -5.794656 -4.746006 19.091013 5.308195 0.964335 -0.015348 12.043718 2.780941 30.460375 43.455002 94.840790 -6.142262 11.460989 6.043208 14.196622 -8.810709 9.495424 -2.064229 -10.718688 0.243036 39.234833 8.326456 -3.610940 -23.472250 5.243345 0.000033 -0.002200 -0.004455 -11.747024 -51.278591 5.679083 -50.721935 70.673683 -60.721588 -6.232065 -4.224892 -2.727305 -0.000390 -0.002787 0.006693 
126.552666 0.000000 -386.693085 -15.441047 -0.000000 0.000000 0.437993 8.124197 -0.626458 -2.280346 1.990374 -0.020597 -4.326655 3.949301 -0.232621 -4.250401 3.988806 -0.367352 2.471367 -18.587582 0.307206 2.178857 9.635540 -0.359065 -3.157461 -0.534618 -11.332955 -18.145910 -11.954783 -50.911919 -115.262909 -2.607939 -5.931689 -6.108675 17.952024 6.063244 1.634812 0.060551 10.509916 1.191222 33.474892 42.407185 97.460335 -6.293971 11.712076 6.664993 13.267641 -8.999479 9.450352 5.603370 -6.943727 -1.590042 33.483158 6.022159 -3.536539 -13.338681 5.111138 0.000038 -0.002184 -0.004428 -12.931681 -52.503403 8.528178 -30.813354 65.399353 -39.606750 -5.578777 -4.288806 -1.387069 -0.000385 -0.002797 0.006736 
123.504341 0.000000 -378.815765 -15.888505 -0.000000 0.000000 0.022376 7.305665 -1.701733 -2.894028 1.812587 0.318497 -5.479795 3.678297 0.452857 -5.387928 3.728346 0.317603 3.906052 -18.177742 1.491766 4.870800 11.207726 -2.613268 -2.537817 -0.500614 -10.029905 -19.378658 -9.982317 -50.366619 -118.166489 -2.721133 -5.897191 -7.052163 17.417261 5.748552 2.286995 0.140833 9.523769 -1.212998 35.674454 41.231953 99.178391 -6.356609 11.813250 6.984787 12.735600 -9.324314 10.747625 12.185572 -3.375957 -4.007689 28.860779 3.939631 -3.271617 -0.569362 4.269259 0.000042 -0.002160 -0.004426 -15.277165 -52.024868 12.447965 -16.404045 57.189701 -24.920094 -4.155401 -3.520013 -0.234407 -0.000379 -0.002788 0.006875 
120.464554 0.000000 -370.942322 -16.315073 -0.000000 0.000000 -0.523594 6.231857 -2.589811 -3.354966 1.674534 0.624794 -6.419822 3.503602 1.070908 -6.347298 3.560905 0.936617 5.390659 -17.756069 2.417816 7.260777 12.817995 -4.579283 -1.766626 -0.518131 -9.332815 -20.743790 -7.241724 -49.174679 -120.671448 -2.896709 -5.904819 -6.975471 17.458145 4.925970 2.927723 0.249029 9.331199 -3.452918 36.610817 40.120464 100.356979 -6.400098 11.903245 6.661830 12.893316 -8.962286 13.566180 17.866432 0.529172 -6.572148 25.142088 2.535590 -3.837008 13.148703 1.875854 0.000043 -0.002210 -0.004395 -16.342276 -49.866741 14.943190 -7.814194 47.805779 -16.066813 -3.001410 -3.524868 1.788573 -0.000376 -0.002728 0.007092 
117.418221 0.000000 -363.026123 -16.755285 -0.000000 0.000000 -1.334954 5.405391 -2.794816 -3.584448 1.541672 0.793385 -6.908638 3.289500 1.391004 -6.860502 3.361087 1.266504 6.337256 -17.534111 3.340675 8.948091 13.872778 -5.956461 -1.113634 -0.555179 -9.243837 -22.465448 -4.040893 -47.632977 -122.443947 -3.037989 -5.874772 -6.821097 16.767324 4.509840 3.713532 0.354522 9.335995 -5.812059 36.834835 39.367939 100.638634 -6.488417 12.009456 6.265448 13.049566 -8.650087 16.515629 21.458620 3.216127 -8.834468 24.666132 1.746010 -5.309760 21.759991 -1.146076 0.000042 -0.002224 -0.004406 -15.819276 -47.959370 15.554411 -3.376441 39.184593 -10.330842 -2.360677 -4.051397 4.484189 -0.000372 -0.002669 0.007232 
114.391861 0.000000 -355.068481 -17.194296 -0.000000 0.000000 -1.875213 5.180459 -2.451034 -3.637601 1.435547 0.822569 -7.057480 3.025082 1.426621 -7.036383 3.072964 1.308745 6.899939 -17.800253 3.965482 10.009225 13.957494 -6.681701 -0.606961 -0.623499 -9.463492 -24.125177 -0.881952 -45.808971 -123.525497 -3.024853 -5.725081 -6.431761 15.552883 3.935689 4.255618 0.412864 9.730464 -8.055549 35.965626 39.068668 100.473427 -6.538008 11.969407 5.953441 13.156292 -8.790787 15.451214 22.527079 2.694049 -10.163967 28.651402 1.763834 -5.907152 24.215769 -1.374307 0.000032 -0.002217 -0.004411 -13.051880 -47.180302 13.428977 -1.746240 31.844790 -6.355413 -2.349184 -3.842750 6.750460 -0.000377 -0.002645 0.007375 
111.429939 0.000000 -347.071350 -17.612473 -0.000000 0.000000 -1.895203 4.696264 -2.209444 -3.537359 1.478777 0.774046 -6.944281 3.013531 1.362823 -6.957716 3.045210 1.268882 6.685707 -17.921507 4.602328 10.442032 13.904505 -7.383166 -0.542809 -0.589853 -9.591186 -25.224110 2.069784 -45.060905 -123.924568 -2.976294 -5.613002 -6.539491 14.788105 3.401933 3.719691 0.266407 10.528275 -9.439380 33.666164 39.529381 99.826103 -6.492977 11.689490 5.415805 14.819753 -9.054090 12.258676 21.866404 0.689970 -9.229853 36.442314 2.140001 -4.740512 21.477087 1.153397 0.000017 -0.002126 -0.004446 -11.914969 -45.929272 12.534719 -1.422283 26.984484 -4.897464 -2.611274 -3.583557 7.345129 -0.000389 -0.002702 0.007348 
108.503380 0.000000 -339.096436 -17.989635 -0.000000 0.000000 -4.025650 1.002801 -0.675391 -3.023556 1.631911 0.334236 -5.935663 3.271759 0.584795 -5.936265 3.335962 0.558885 6.360270 -16.952023 3.246689 8.602311 14.671165 -6.226310 0.441847 -0.622718 -9.556931 -21.492588 3.402473 -47.104031 -127.138046 -3.224653 -5.566391 -7.625146 15.019474 3.851650 1.924902 0.157632 10.764353 -8.352215 33.116688 44.089428 100.417793 -6.670548 11.921879 6.011875 14.717407 -10.477660 8.706461 17.126833 -2.263115 -0.855823 54.828205 7.481889 -0.752972 15.239420 3.944300 0.000003 -0.002091 -0.004525 -13.322910 -40.913147 12.712037 0.051832 19.232281 -5.717074 -3.334736 0.091786 9.561563 -0.000411 -0.002740 0.007618 
105.214188 0.000000 -331.316315 -18.504591 -0.000000 0.000000 -4.807933 -0.954972 -1.320182 -2.577441 1.990646 0.499668 -5.003026 4.012908 0.968011 -5.021735 4.058599 0.949058 6.460495 -17.163248 2.369064 8.153576 14.748681 -6.021464 -0.108582 -0.632272 -9.833413 -21.036581 4.585359 -48.589714 -124.813904 -3.291754 -5.710440 -7.103255 16.570688 3.228666 1.188664 0.075159 12.002357 -6.934135 28.808132 45.487438 97.984573 -6.425385 11.803186 5.308317 14.987792 -10.613103 8.604362 14.724650 -2.100088 4.206376 64.207199 10.079559 0.196939 12.555403 2.108302 0.000008 -0.002136 -0.004471 -15.265168 -38.342419 15.105441 1.161567 23.997932 -5.734132 -1.303335 3.626791 6.019719 -0.000397 -0.002641 0.007684 
101.993393 0.000000 -323.576996 -18.952650 -0.000000 0.000000 -5.427843 -3.017759 -2.656681 -2.114593 2.387428 0.838815 -3.961488 4.864716 1.668565 -3.964557 4.904102 1.671499 6.362824 -17.091709 1.466796 7.461752 13.906179 -6.148475 -0.751442 -0.611027 -10.000926 -19.253473 4.951899 -50.171429 -122.070145 -3.252208 -5.845406 -6.563736 18.372450 2.997574 0.686526 0.007749 13.303610 -5.016502 24.549852 46.532475 95.944473 -6.280699 11.690142 4.733665 14.691160 -10.994222 10.006777 11.726112 -0.021971 12.005734 72.394371 16.358498 1.056452 9.911909 1.016103 0.000007 -0.002120 -0.004438 -17.241459 -35.825272 17.636580 1.245732 32.292561 -6.764810 -0.044241 4.378607 1.048854 -0.000391 -0.002637 0.007578 
98.798363 0.000000 -315.890778 -19.331331 -0.000000 0.000000 -6.312881 -4.641981 -4.173986 -1.571947 2.884065 1.222206 -2.743700 5.818960 2.425509 -2.735862 5.855322 2.438684 6.473373 -17.652578 0.482125 6.828981 13.001303 -6.015148 -1.148920 -0.597454 -10.658871 -17.440720 4.636385 -51.806557 -118.282448 -3.232571 -5.963984 -5.593873 21.950397 3.335494 0.692596 -0.058124 15.252588 -2.768499 18.596832 45.618217 93.791939 -6.337242 11.856711 3.869857 15.058183 -11.199282 12.439164 6.798777 2.797058 29.853605 79.887787 33.915359 1.598507 6.182894 1.666820 0.000007 -0.002121 -0.004420 -17.056316 -33.694378 19.081955 -0.415487 40.952431 -9.012974 0.864579 -0.292684 -2.310448 -0.000392 -0.002666 0.007508 
95.648560 0.000000 -308.194000 -19.660187 -0.000000 0.000000 -6.774482 -5.574286 -5.441275 -1.032189 3.310255 1.599371 -1.600582 6.593256 3.205353 -1.573695 6.618417 3.244369 6.829395 -18.274761 -0.802089 5.943682 12.921924 -5.709569 -0.868863 -0.593115 -11.780665 -16.001383 4.900870 -52.903290 -113.370346 -3.151088 -5.799910 -4.166963 26.708883 3.177495 1.276145 -0.222202 17.748573 0.713786 12.845726 44.246239 90.981049 -6.200432 11.813031 2.550226 16.927053 -11.307717 13.942676 -0.275497 4.701246 76.166237 83.623077 80.470322 2.188887 2.240357 2.626042 0.000001 -0.002079 -0.004383 -16.171707 -30.772255 19.461674 -2.857995 46.696686 -11.323235 1.145819 -6.999828 -1.402139 -0.000402 -0.002734 0.007411 
92.527565 0.000000 -300.477600 -19.963900 -0.000000 0.000000 -6.537847 -5.435217 -6.606127 -0.664684 3.415698 2.027022 -0.917161 6.776588 4.063245 -0.909061 6.817147 4.107961 7.258417 -18.657780 -2.204802 5.183297 13.270936 -5.359539 0.063177 -0.527545 -13.245882 -14.462657 5.299111 -54.893208 -107.674805 -2.831998 -5.156740 -2.479270 32.040966 2.040990 2.455971 -0.459906 19.803221 4.721905 8.204276 42.800571 87.908340 -5.953813 11.456618 1.369174 18.854898 -10.249196 13.817031 -9.614729 5.207719 117.622696 81.504669 122.069885 2.581452 -0.223561 4.563338 -0.000006 -0.002015 -0.004360 -15.445161 -26.832870 19.656511 -4.627130 49.732971 -13.572807 0.302455 -13.780960 1.608868 -0.000406 -0.002782 0.007343 
89.414619 0.000000 -292.718658 -20.233404 -0.000000 0.000000 -5.252538 -4.660937 -7.293712 -0.508187 3.378437 2.271627 -0.728394 6.751205 4.544858 -0.783342 6.842521 4.579209 7.109544 -18.749414 -3.166586 4.251421 13.072405 -5.149047 0.652983 -0.446371 -14.493601 -12.723031 6.318137 -56.207539 -101.899788 -2.550273 -4.447461 -0.796800 35.574398 0.990618 3.639147 -0.643008 20.837488 8.128167 4.254453 42.158684 85.389023 -5.800895 10.998088 0.412786 21.043541 -8.005152 12.536260 -19.882824 4.347240 132.493011 78.566406 137.316116 2.121346 -3.239614 6.269378 0.000000 -0.001992 -0.004393 -15.212955 -22.120409 18.962612 -5.626591 50.166340 -14.851340 -0.171898 -19.405697 2.916202 -0.000394 -0.002783 0.007209 
86.349045 0.000000 -284.956024 -20.484459 -0.000000 0.000000 -3.267292 -3.860445 -7.442801 -0.363440 3.288181 2.385780 -0.497522 6.608370 4.760770 -0.587698 6.704475 4.803519 6.050005 -18.312813 -3.033734 3.330991 12.845142 -5.133552 1.217844 -0.357251 -15.277732 -11.164329 8.091439 -55.680904 -97.336075 -2.574434 -4.160357 0.253290 34.975121 -0.042669 4.902668 -0.842409 20.821316 9.895860 0.458771 42.408691 85.003586 -5.704671 10.669812 0.041523 22.636154 -5.896015 10.901021 -30.097691 2.900508 128.732346 77.441246 134.273712 2.209147 -5.055711 6.774209 0.000014 -0.002009 -0.004507 -14.822140 -17.099220 17.387358 -5.766474 48.595493 -14.655077 -0.800743 -23.201336 3.954493 -0.000381 -0.002798 0.007035 
83.339203 0.000000 -277.195923 -20.721067 -0.000000 0.000000 -0.978393 -3.193235 -7.196551 -0.082124 3.104241 2.336215 -0.066855 6.233566 4.682091 -0.194908 6.316172 4.744557 4.120157 -17.013069 -1.860489 2.362908 12.784219 -4.960116 1.400242 -0.328017 -14.950566 -9.363159 11.237719 -53.663120 -95.398621 -2.776462 -4.380941 0.447015 30.487846 0.058919 5.264457 -0.828915 19.894922 10.672661 -2.466799 44.129971 86.759338 -5.341627 10.291484 0.573053 22.390894 -5.647593 9.482184 -39.693077 0.539703 111.515602 77.891922 117.669769 3.317804 -5.270899 6.653925 0.000027 -0.002075 -0.004615 -15.111449 -11.385344 15.741444 -5.475842 46.605465 -14.362295 -1.539118 -25.589083 4.761406 -0.000374 -0.002801 0.006864 
80.393791 0.000000 -269.401825 -20.938507 -0.000000 0.000000 0.469047 -2.860302 -6.961645 0.384633 2.874636 2.231963 0.771322 5.731901 4.508383 0.640581 5.779676 4.579141 2.130490 -15.516140 -0.835698 1.161603 12.860127 -4.756164 1.541107 -0.334281 -14.029980 -7.701827 16.757174 -51.445988 -96.096642 -2.981500 -4.890832 0.233451 26.391581 0.453836 4.890248 -0.746945 18.630573 11.523973 -4.869499 46.440968 90.318199 -5.068214 10.171872 1.734815 21.128870 -6.827001 10.179237 -46.539833 -1.841254 81.485466 77.977097 87.334328 4.080779 -5.482096 7.333954 0.000028 -0.002103 -0.004586 -14.977669 -5.180974 14.130825 -5.204169 44.358929 -14.287492 -2.875797 -27.080513 6.359746 -0.000378 -0.002820 0.006734 
77.490913 0.000000 -261.581909 -21.087965 -0.000000 0.000000 1.114923 -2.985850 -6.572654 1.044741 2.641844 2.019265 2.041981 5.216667 4.125086 1.916409 5.244240 4.201130 -0.040649 -14.290452 -0.202846 -0.633146 13.202294 -3.504691 1.453813 -0.357198 -12.950433 -6.078848 23.043470 -49.014000 -97.904671 -3.320530 -5.729459 -0.315834 22.721563 1.058308 4.225266 -0.579387 17.156227 11.615423 -6.241477 48.945972 94.446861 -4.846124 10.114405 3.164706 19.245865 -8.529428 12.977567 -49.705681 -5.393398 47.740219 73.993729 53.100197 4.548903 -5.674496 7.684568 0.000048 -0.002181 -0.004593 -14.847878 1.362444 12.445196 -4.457738 41.973946 -13.673295 -3.622961 -25.627031 7.608994 -0.000362 -0.002758 0.006602 
74.628242 0.000000 -253.757309 -21.185188 -0.000000 0.000000 1.079568 -3.170355 -5.945701 1.797500 2.349989 1.685753 3.552530 4.587780 3.499141 3.444143 4.627000 3.612713 -2.199627 -13.112197 -0.084151 -2.843368 13.934222 -1.455336 1.146852 -0.341869 -11.444235 -4.522168 28.480267 -46.600639 -100.096870 -3.466635 -6.372104 -1.206028 19.340942 1.746334 3.557141 -0.438888 15.661390 11.525399 -6.126481 50.748856 99.997406 -5.184345 10.320908 5.069218 17.382744 -9.996908 16.389551 -50.010120 -8.941016 24.519793 65.057648 29.272799 4.408877 -3.758334 7.692641 0.000068 -0.002252 -0.004669 -14.728173 7.464434 9.595706 -2.903492 39.881031 -12.481276 -2.766983 -20.598322 7.247824 -0.000341 -0.002669 0.006484 
71.769844 0.000000 -245.944977 -21.255205 -0.000000 0.000000 0.493012 -3.239848 -4.896071 2.486634 1.994302 1.281138 5.002514 3.870309 2.711300 4.934227 3.942911 2.861207 -3.889025 -11.933275 -0.668787 -5.162951 14.852097 0.740255 0.992010 -0.285081 -10.183495 -2.221022 33.275375 -44.492702 -102.143127 -3.511481 -6.818352 -2.091748 16.978476 2.469570 2.939768 -0.314764 14.309139 12.276458 -4.534050 50.819065 104.824539 -5.507373 10.420006 6.712046 16.450987 -10.874970 19.236282 -48.345852 -12.009599 11.570560 53.158085 16.461729 2.892779 -2.963357 6.181777 0.000080 -0.002270 -0.004780 -14.715413 13.006418 5.956141 -0.350719 36.875275 -10.300962 -0.717249 -11.542136 5.793412 -0.000326 -0.002641 0.006349 
68.933319 0.000000 -238.167908 -21.294500 -0.000000 0.000000 0.097146 -3.379077 -3.766365 3.099161 1.699619 0.992219 6.262628 3.289966 2.153106 6.246394 3.379970 2.339033 -5.017749 -10.473511 -2.030670 -7.199535 15.527740 2.738847 0.693039 -0.194187 -8.963758 0.426954 37.323818 -43.119087 -104.228722 -3.440413 -6.880763 -2.993401 15.917287 3.494060 2.464067 -0.221596 12.624168 12.667405 -2.419090 49.646885 108.777023 -5.855485 10.600035 7.290253 16.467260 -10.524273 19.588633 -45.636776 -13.727158 4.725877 40.325771 10.141024 1.103424 -1.509923 4.626640 0.000088 -0.002295 -0.004849 -15.495051 18.232668 1.717088 2.073231 33.460571 -8.018773 0.838143 0.881011 3.889541 -0.000317 -0.002633 0.006234 
66.108246 0.000000 -230.414581 -21.296721 -0.000000 0.000000 -0.225744 -3.643615 -3.045817 3.507172 1.494012 0.842288 7.047837 2.894117 1.900781 7.037206 3.006290 2.120191 -5.258933 -9.215602 -3.863791 -8.775855 16.102171 4.217751 0.651353 -0.103360 -8.198821 4.510087 40.062866 -41.180149 -105.660599 -3.329273 -6.783370 -3.242490 14.869720 3.861569 2.158998 -0.176192 11.705971 13.429599 0.478231 47.270451 111.830559 -6.273468 10.878896 7.846673 16.347239 -10.049970 18.853928 -43.554115 -13.876831 1.169868 30.054039 7.356787 0.026010 -0.819055 3.515314 0.000080 -0.002299 -0.004745 -17.824202 21.101057 -2.311684 4.500005 33.790066 -6.941586 1.778807 11.176308 4.226467 -0.000329 -0.002651 0.006287 
63.326813 0.000000 -222.671219 -21.249132 -0.000000 0.000000 -0.909437 -3.790462 -2.913447 3.721905 1.298750 0.831648 7.418606 2.498721 1.898794 7.399798 2.625263 2.116381 -5.253978 -8.126922 -5.176029 -9.807591 16.194796 5.281604 1.124248 -0.066221 -7.585473 8.748424 42.062641 -40.745441 -106.170013 -3.061622 -6.410029 -2.963487 14.183421 3.496544 2.178472 -0.178621 11.146309 14.109816 3.940225 45.584587 113.925941 -6.701740 11.090859 8.500153 16.272907 -9.718145 15.301778 -42.060936 -11.379182 -0.518584 21.338160 4.959459 -0.299908 -1.706933 2.147671 0.000052 -0.002199 -0.004577 -19.040968 21.262720 -4.902646 5.666946 37.693348 -6.826138 2.540115 18.127455 4.702990 -0.000356 -0.002737 0.006381 
60.623581 0.000000 -214.937454 -21.182919 -0.000000 0.000000 -1.989108 -4.123705 -3.271084 3.701000 1.216455 0.944065 7.366923 2.319510 2.126282 7.355312 2.465751 2.331644 -5.127014 -6.965868 -5.376766 -9.958850 15.739979 5.630565 1.608507 -0.041000 -7.210799 13.088423 42.964188 -40.906578 -106.093536 -2.963244 -6.192251 -2.426284 13.990336 3.584633 2.592781 -0.199461 10.541958 14.858030 6.576940 44.287766 114.477280 -7.027365 11.298774 8.883548 16.476280 -9.311484 10.903252 -41.650623 -7.908733 -0.101244 17.369671 4.254817 0.338377 -2.696405 1.132767 0.000035 -0.002130 -0.004559 -18.086508 20.005892 -5.452188 4.626786 45.148262 -7.455725 2.510906 19.963137 3.789417 -0.000376 -0.002797 0.006492 
57.988644 0.000000 -207.201981 -21.118464 -0.000000 0.000000 -2.748751 -4.792716 -3.608414 3.484881 1.358321 1.010818 6.965891 2.637217 2.300513 6.973882 2.782813 2.495084 -4.987398 -6.480862 -5.016491 -9.679665 15.299352 5.577102 2.274470 -0.065799 -7.121986 17.286945 42.109547 -40.123676 -105.645676 -2.919288 -6.035755 -1.662617 14.358747 3.909565 3.094718 -0.202968 10.478629 15.778474 8.075414 43.035809 113.723534 -7.314103 11.588223 9.567096 16.249414 -9.779978 7.122074 -40.859909 -5.043729 1.042259 17.048059 4.144017 1.209239 -4.067466 0.304291 0.000024 -0.002107 -0.004596 -15.808624 18.355032 -4.761581 -0.340759 53.027084 -11.764583 0.255555 17.303728 2.618446 -0.000392 -0.002854 0.006581 
55.402531 0.000000 -199.499786 -21.078693 -0.000000 0.000000 -2.687824 -5.843961 -3.418809 3.188745 1.562955 0.990735 6.389236 3.075832 2.240839 6.377899 3.232863 2.416198 -5.164073 -6.363963 -4.392581 -9.412110 15.083927 5.633886 2.939893 -0.098300 -7.351777 18.557360 40.122566 -40.789867 -104.730873 -3.102616 -6.257319 -1.521401 15.480876 4.132416 3.481564 -0.229802 10.332911 15.755690 9.017265 41.987453 112.612839 -7.089345 11.245373 9.699051 16.142153 -9.492077 7.884455 -39.244061 -6.241334 0.538730 18.818567 4.198301 0.731550 -1.532655 -1.620651 0.000048 -0.002164 -0.004694 -13.698676 16.608688 -3.799286 -8.035469 59.968376 -17.506563 -1.954278 13.825989 1.182132 -0.000373 -0.002840 0.006440 
52.819847 0.000000 -191.832092 -21.068701 -0.000000 0.000000 -1.699371 -6.703399 -2.490130 2.765546 1.707615 0.804749 5.511971 3.434699 1.817897 5.432243 3.592256 1.965421 -5.637095 -6.787366 -3.250533 -9.035725 15.132748 5.307222 3.459401 -0.134860 -8.460028 16.883451 36.405331 -43.310013 -103.189575 -3.175485 -6.433415 -1.412960 16.904202 4.430903 3.447530 -0.244788 10.516113 15.140611 9.684526 42.315132 110.496574 -6.807248 10.855615 9.348348 17.451330 -8.839863 10.853244 -37.153290 -9.092293 -0.956589 21.806437 4.177805 -0.321580 5.175852 -3.139468 0.000070 -0.002180 -0.004817 -12.868443 13.827650 -3.392064 -17.645336 65.498741 -25.387754 -3.778139 11.135374 1.811785 -0.000345 -0.002787 0.006258 
50.216866 0.000000 -184.212646 -21.101303 -0.000000 0.000000 3.932338 -8.001205 0.653170 0.896611 2.239161 0.208342 1.686292 4.695889 0.338507 1.588264 4.923387 0.304377 -6.016036 -7.089480 0.959188 -5.827850 13.971620 1.879788 1.838276 -0.186449 -12.244154 3.545166 29.765535 -52.558411 -94.061729 -3.129599 -5.833660 -0.368862 17.877619 4.949805 0.659561 -0.225212 13.240377 12.266351 8.432021 47.183678 96.369392 -5.770685 9.885900 6.846149 22.482651 -7.466357 18.915369 -32.953300 -18.469007 1.087056 38.194000 7.199821 -0.203643 3.842327 5.453465 0.000069 -0.002249 -0.004577 -12.650137 4.465163 -7.795366 -39.489319 75.140190 -47.816349 -3.164120 5.633244 -0.047012 -0.000330 -0.002683 0.006158 
48.028816 0.000000 -176.403915 -21.020355 -0.000000 0.000000 5.513729 -8.562187 2.332927 0.477597 2.560560 -0.278427 0.706081 5.352434 -0.715347 0.546857 5.579658 -0.772959 -6.999264 -8.126386 2.585210 -5.570165 13.930424 1.358539 0.859059 -0.244624 -15.182813 -0.018094 23.699770 -50.952488 -90.804977 -3.295291 -5.813293 0.579849 19.460098 5.007947 -0.232475 -0.205859 14.595089 10.983191 7.644330 46.896877 90.392097 -5.499116 9.438381 5.159240 25.663311 -8.319247 18.561710 -31.594063 -21.101963 4.015777 45.927422 9.683768 -0.416089 -3.040778 7.715955 0.000069 -0.002200 -0.004734 -13.009957 -2.295303 -9.476844 -63.988564 77.970551 -72.593124 -2.862048 3.213506 -1.158061 -0.000324 -0.002700 0.006046 
45.843872 0.000000 -168.665970 -21.014996 -0.000000 0.000000 5.853796 -8.676292 3.464480 0.160573 2.757222 -0.664757 0.173934 5.778025 -1.533275 0.088714 5.991650 -1.580307 -7.148645 -8.857599 3.583448 -4.973657 14.056230 0.514292 -0.410481 -0.398618 -17.895794 -3.761545 17.824749 -49.172539 -88.273773 -3.527525 -5.537724 1.870564 22.533648 3.456825 -0.988562 -0.150829 16.398502 10.190078 7.480309 46.873051 84.325775 -5.289043 8.524282 3.172746 28.147175 -8.863231 18.560022 -28.548536 -21.888269 6.093213 49.863453 11.897244 -0.560402 -9.332180 7.928644 0.000070 -0.002200 -0.004808 -11.171750 -10.131088 -9.475053 -84.133156 78.204964 -92.951920 -2.970586 1.230057 -2.502923 -0.000325 -0.002717 0.005990 
43.678471 0.000000 -160.968948 -21.069210 -0.000000 0.000000 5.268295 -8.775022 4.465571 -0.026929 2.810235 -0.908001 -0.057609 5.939684 -2.080704 -0.027080 6.152770 -2.144135 -6.773703 -8.589015 3.658387 -4.445402 14.285229 0.367085 -1.838635 -0.573534 -19.270302 -7.611450 12.200488 -48.126068 -86.184532 -3.414223 -5.389712 2.349151 25.619011 2.584768 -1.163013 -0.101252 17.267740 10.629354 7.667463 48.749695 76.315781 -4.058567 5.532169 1.380924 27.474304 -8.207887 18.854927 -24.181982 -21.909876 7.405105 51.495514 13.556191 -0.759964 -14.046407 7.689099 0.000097 -0.002294 -0.004729 -9.085270 -18.984949 -8.925530 -93.849258 77.358566 -103.025482 -3.119097 -1.489631 -3.179262 -0.000304 -0.002676 0.005789 
41.545864 0.000000 -153.310089 -21.178467 -0.000000 0.000000 3.906148 -8.807983 5.065097 -0.179251 2.785444 -1.012002 -0.120356 5.938767 -2.324359 0.046527 6.147082 -2.402600 -5.992425 -7.735110 2.988451 -4.237558 14.347256 1.072502 -2.797112 -0.667128 -19.435650 -11.244723 7.854999 -48.642109 -84.986130 -3.373262 -5.197227 2.045070 27.960022 1.842850 -1.010223 -0.065287 17.148788 10.580097 9.969367 49.875851 71.467606 -3.529576 3.644091 0.090623 25.116228 -7.213525 18.160007 -19.686468 -20.848248 9.155054 52.147377 14.985180 -0.233259 -17.488014 6.950844 0.000119 -0.002381 -0.004601 -6.279886 -26.836027 -8.195249 -83.882256 77.207840 -93.620186 -3.213166 -2.560841 -4.543916 -0.000280 -0.002591 0.005712 
39.456001 0.000000 -145.677704 -21.380812 -0.000000 0.000000 2.711699 -8.770310 5.620701 -0.533565 2.582509 -1.037499 -0.681972 5.543422 -2.428885 -0.441255 5.727822 -2.558268 -4.916123 -7.167471 1.907853 -4.043429 14.752704 1.697744 -2.957157 -0.592580 -18.772030 -13.497500 4.836654 -50.366585 -86.031281 -3.020374 -4.825947 1.265041 28.355658 1.816217 -0.942868 -0.067641 16.346045 9.944012 14.183258 49.465874 70.298042 -3.278969 3.565790 -0.156233 21.648268 -6.598650 17.836731 -14.679582 -20.175079 10.206521 52.267597 16.029562 0.260746 -19.986979 6.799993 0.000121 -0.002412 -0.004342 -3.840212 -32.616371 -7.418726 -63.004597 75.480965 -72.831268 -3.979584 -3.714957 -4.952701 -0.000283 -0.002575 0.005766 
37.403419 0.000000 -138.064682 -21.712852 -0.000000 0.000000 2.346561 -9.037289 5.587977 -1.085142 2.352136 -0.875236 -1.734567 5.064752 -2.113620 -1.477641 5.236800 -2.289553 -4.006631 -6.084486 1.912632 -3.167606 15.261229 0.966524 -2.685108 -0.436779 -17.701294 -14.436069 2.853732 -52.706921 -88.742043 -2.710350 -4.609648 0.120205 28.418556 2.110876 -1.188870 -0.120639 15.387104 8.510404 19.409519 47.727489 71.614197 -3.346310 4.644613 0.456364 19.024780 -6.397836 17.054512 -9.773202 -18.723654 10.934608 52.655079 17.057152 0.778711 -20.555201 6.392141 0.000105 -0.002311 -0.004322 -3.766011 -36.660191 -5.516873 -42.878765 70.981293 -52.257046 -4.839971 -5.201578 -4.286678 -0.000301 -0.002668 0.005802 
35.420025 0.000000 -130.469696 -22.204872 -0.000000 0.000000 2.526419 -9.274436 5.198428 -1.846106 2.128235 -0.659707 -3.277663 4.580727 -1.670489 -3.041152 4.736300 -1.892806 -2.750638 -4.845466 2.640285 -1.410944 15.719847 -0.782647 -2.567039 -0.348200 -16.698383 -13.926181 1.444510 -54.483295 -92.057526 -2.720628 -4.997700 -1.486789 27.048307 3.216104 -1.745589 -0.113788 14.630966 7.120111 24.220699 45.423298 74.452019 -3.824362 6.268450 1.291805 17.707237 -6.427838 17.132927 -5.493820 -16.878328 10.699743 53.786026 17.300974 0.704036 -17.521650 6.581435 0.000102 -0.002232 -0.004486 -6.281246 -38.663040 -1.846562 -27.397308 63.411465 -36.220619 -4.744584 -7.646545 -2.946996 -0.000312 -0.002788 0.005897 
33.495449 0.000000 -122.878075 -22.812368 -0.000000 0.000000 2.704032 -9.363061 4.756821 -2.512136 1.801745 -0.382647 -4.666553 3.934215 -1.133698 -4.466267 4.109478 -1.398885 -0.859431 -4.091581 2.854400 0.783519 16.480673 -2.730700 -2.400142 -0.312958 -15.664721 -14.290603 1.371575 -54.852615 -96.660583 -2.880471 -5.566188 -3.171520 25.423676 4.651328 -2.161969 -0.022702 13.804508 5.066037 28.463354 43.392601 77.835701 -4.208900 7.661807 2.041611 16.947168 -6.260043 17.712982 -1.657164 -14.502777 9.386386 54.966282 16.133522 0.346050 -11.800626 6.291727 0.000109 -0.002244 -0.004589 -8.949200 -39.409023 1.242766 -15.726608 53.426105 -23.606846 -3.793483 -7.907589 -1.832347 -0.000307 -0.002784 0.006029 
31.593498 0.000000 -115.331398 -23.520893 -0.000000 0.000000 3.401238 -9.516065 4.264916 -3.119053 1.586486 -0.150921 -5.990450 3.468612 -0.700285 -5.829340 3.640745 -0.982595 0.458337 -3.666944 3.664617 2.558187 17.515038 -4.768433 -2.408493 -0.313691 -14.399500 -15.058010 2.057800 -54.505405 -101.232368 -2.947804 -5.767101 -4.370728 23.975481 4.959996 -2.409126 0.060040 13.072042 2.333154 31.900223 41.749454 80.983559 -4.905674 9.275786 2.927359 16.473450 -6.632070 18.708799 1.605595 -11.134646 5.334339 55.659950 13.033722 -0.453897 -3.394449 4.931331 0.000099 -0.002249 -0.004667 -11.080677 -37.734737 3.369611 -7.429308 40.334637 -14.691788 -3.246655 -6.620590 0.306937 -0.000318 -0.002780 0.006345 
29.716747 0.000000 -107.852234 -24.330908 -0.000000 0.000000 4.379849 -9.809802 4.223884 -3.584923 1.398138 -0.050064 -7.074947 3.075531 -0.542052 -6.968709 3.267739 -0.839760 1.285103 -2.973630 4.549639 3.796879 18.204649 -6.317602 -2.485864 -0.303979 -13.273131 -16.994654 3.150887 -53.664093 -105.547592 -2.992710 -5.904038 -5.257918 22.626270 4.274282 -2.433263 0.120149 12.115692 -0.811668 35.213081 39.932518 83.612221 -5.372303 10.293590 3.953620 15.219973 -7.506411 19.608402 3.767738 -8.013251 1.214087 57.461414 9.784284 -2.245977 4.433296 1.575691 0.000089 -0.002284 -0.004645 -11.353571 -35.462845 3.602855 -2.751264 27.711882 -8.433324 -2.281220 -5.333663 3.407047 -0.000326 -0.002744 0.006615 
27.881945 0.000000 -100.433113 -25.276388 -0.000000 0.000000 5.533833 -10.064679 4.323000 -3.841910 1.155534 -0.154619 -7.662611 2.617761 -0.728616 -7.584746 2.858572 -1.017819 1.412733 -1.271332 6.025309 4.707628 17.956306 -7.377137 -2.781300 -0.266026 -11.992460 -20.349934 4.225100 -52.248489 -109.295578 -2.958253 -6.004152 -6.066942 21.450243 2.934997 -2.297210 0.177098 10.857925 -4.634759 38.228409 38.917988 85.115166 -5.249941 10.481734 4.761997 14.450159 -7.787785 19.796072 4.552811 -5.961824 -2.340014 60.731197 6.700620 -4.401785 8.277873 -1.347579 0.000089 -0.002305 -0.004486 -10.078471 -32.955471 2.792469 -0.346930 17.506672 -4.270345 -0.941742 -3.768911 5.668074 -0.000321 -0.002685 0.006653 
26.070923 0.000000 -93.144722 -26.326820 -0.000000 0.000000 6.737536 -10.222153 4.297815 -3.797566 0.973657 -0.201329 -7.617726 2.245182 -0.796509 -7.560143 2.528771 -1.066403 0.877821 0.360156 7.678981 5.265591 17.375048 -8.267909 -3.603213 -0.251987 -10.809072 -24.055122 5.704723 -50.247952 -111.534775 -2.959821 -6.044152 -7.100648 20.620186 2.084935 -2.812262 0.246336 9.788839 -8.420515 40.981915 38.330204 86.174858 -5.006965 10.372956 5.126915 13.878370 -7.103949 18.706198 3.734783 -5.007182 -3.516453 65.028435 4.864537 -5.061831 7.301434 -3.163317 0.000101 -0.002340 -0.004364 -8.963212 -31.570017 2.450795 0.508422 12.204587 -2.561887 -1.143455 -3.638005 8.392141 -0.000304 -0.002624 0.006500 
24.274105 0.000000 -85.982918 -27.481586 -0.000000 0.000000 7.486654 -10.703914 4.989151 -3.648541 0.885518 -0.329470 -7.335384 2.012163 -1.042700 -7.303336 2.336825 -1.308299 0.002587 2.028094 8.977638 5.185597 17.196621 -8.925363 -4.370642 -0.263802 -9.764091 -26.281523 7.253481 -48.872108 -111.974297 -2.852237 -5.976844 -8.138356 19.966738 2.058011 -3.637686 0.330906 8.871523 -11.992657 43.229755 37.301983 87.430542 -4.928944 10.321933 5.548882 14.015671 -6.573972 17.110037 3.555809 -5.655296 -2.103658 67.763954 5.513639 -4.588487 2.864554 -3.090667 0.000103 -0.002330 -0.004327 -8.818879 -30.160986 2.595016 1.371947 9.805525 -2.198408 -1.262849 -3.336824 10.503319 -0.000293 -0.002603 0.006258 
22.560516 0.000000 -78.901711 -28.713926 -0.000000 0.000000 7.443518 -11.788595 5.413586 -3.360617 0.988831 -0.370650 -6.740475 2.217396 -1.112422 -6.691836 2.576693 -1.371480 -0.279256 3.410570 9.089748 5.016597 17.025682 -8.982528 -4.844414 -0.297546 -9.142783 -26.880112 9.014543 -48.396435 -111.518463 -2.848117 -5.988314 -8.945156 20.534037 2.826819 -4.147097 0.387798 7.807737 -12.924851 44.124237 37.673477 88.175934 -4.858203 10.257277 5.657492 14.169798 -6.762496 15.423080 2.093719 -6.763082 4.938380 71.593910 11.862024 -2.271852 -0.575822 -2.247217 0.000110 -0.002373 -0.004358 -9.260465 -28.701727 4.151667 2.870410 10.878623 -2.352280 -0.370413 -0.446357 11.326941 -0.000280 -0.002538 0.006191 
20.917534 0.000000 -71.879593 -29.978470 -0.000000 0.000000 7.485588 -12.906426 5.231618 -2.994134 1.217759 -0.289560 -5.981096 2.695712 -0.913141 -5.926285 3.084383 -1.156269 -0.457153 3.639764 8.240434 4.502634 16.537750 -8.434527 -4.845314 -0.349123 -8.958277 -26.529566 10.296135 -48.055168 -110.970650 -2.873358 -5.987070 -9.193012 20.932953 3.462670 -4.390241 0.380184 7.396509 -11.927843 43.832909 39.404099 87.637543 -4.833860 10.205900 5.410486 14.212079 -7.110349 14.669682 -1.240959 -6.751472 17.007130 75.106110 23.196115 0.158630 -3.951053 -1.112141 0.000100 -0.002373 -0.004446 -10.223075 -28.262165 6.264077 5.161472 15.826275 -2.577932 2.430702 5.417320 9.604299 -0.000284 -0.002509 0.006258 
19.366642 0.000000 -64.924095 -31.270342 -0.000000 0.000000 7.734403 -14.106098 4.231452 -2.537205 1.513259 0.003986 -5.074252 3.350930 -0.278883 -5.034337 3.776071 -0.483652 -0.928268 3.114924 7.771829 3.773803 15.977789 -8.463947 -4.648157 -0.303688 -8.760169 -25.315054 10.520070 -48.058533 -110.895813 -3.149963 -6.256588 -8.718413 20.079332 2.987557 -4.686129 0.315315 7.721611 -10.093736 41.886032 41.983414 87.119125 -4.956569 10.324955 5.783946 14.549552 -7.977602 14.184709 -5.711520 -4.230143 31.498894 77.909683 36.932930 1.526991 -7.432931 -0.534640 0.000069 -0.002244 -0.004578 -10.759024 -28.444710 8.572333 7.331219 24.094471 -2.976948 5.610667 12.667846 5.328337 -0.000312 -0.002643 0.006322 
17.895592 0.000000 -58.074421 -32.576157 -0.000000 0.000000 7.590709 -15.603003 2.761113 -2.100931 1.889128 0.459401 -4.207407 4.198349 0.654710 -4.192292 4.648892 0.465920 -1.246442 1.919767 7.822950 3.598593 15.839467 -8.479320 -4.153078 -0.282314 -8.805546 -24.217121 10.145797 -49.166214 -109.914352 -3.339771 -6.504836 -8.387781 20.455091 1.940571 -4.718335 0.299062 9.389285 -7.555343 38.394306 43.754883 86.057205 -5.082304 10.487056 5.741411 15.528299 -8.229307 14.136792 -10.964906 -0.370453 47.185047 78.431976 52.561600 2.828992 -8.708564 -0.055376 0.000055 -0.002159 -0.004637 -7.891393 -29.679886 9.940153 7.093370 35.770779 -4.744058 5.750196 12.882546 1.028373 -0.000330 -0.002727 0.006358 
16.467896 0.000000 -51.348919 -33.872494 -0.000000 0.000000 7.289236 -16.493853 1.232241 -1.838404 2.225916 0.962602 -3.610298 4.918382 1.722931 -3.569970 5.348013 1.543721 -1.681656 0.495214 8.522406 3.657378 16.056953 -8.646002 -3.452356 -0.286049 -9.885978 -22.454182 10.176961 -50.097404 -107.841393 -3.270546 -6.133519 -7.683469 22.030748 1.243849 -4.668274 0.252873 12.852487 -3.819781 34.477062 42.872128 84.065910 -5.199285 10.559522 5.040162 17.491447 -8.873764 13.340114 -17.448444 3.220330 59.143566 77.334610 65.459946 4.166553 -9.814369 0.185298 0.000032 -0.002038 -0.004759 -3.360888 -32.112659 11.307207 2.728594 48.028545 -8.036793 3.885835 6.810785 -0.961782 -0.000362 -0.002887 0.006362 
15.052784 0.000000 -44.666759 -35.147968 -0.000000 0.000000 7.279655 -17.064837 -0.083743 -1.826881 2.506813 1.389347 -3.474799 5.527895 2.628441 -3.381342 5.892416 2.474232 -2.170225 0.128702 9.305058 3.598092 16.204485 -9.224612 -3.067289 -0.291509 -11.572032 -20.127485 9.688420 -50.090820 -104.174004 -2.873817 -5.400955 -6.807274 23.272955 2.142209 -4.395684 0.184389 16.586365 2.046580 29.669729 42.073338 79.193443 -4.389520 8.957582 3.765929 19.557907 -7.980864 10.909210 -23.514015 6.038056 56.381397 76.053650 62.932301 4.890859 -10.966721 -0.128526 0.000017 -0.001921 -0.004755 -1.009797 -32.156502 12.668564 -0.790990 54.810242 -10.859482 2.964366 0.218586 -1.261809 -0.000381 -0.003029 0.006175 
13.594149 0.000000 -38.015316 -36.381954 -0.000000 0.000000 3.663728 -21.874876 0.374404 -0.367355 3.013197 1.778610 -0.585105 6.344468 3.572634 -0.514961 6.544718 3.508756 -1.312877 0.227879 4.839702 0.422913 17.001534 -7.334311 1.682529 -0.250159 -15.282807 -7.550882 8.014302 -56.624279 -110.189896 -2.390551 -4.314585 -1.427416 28.678492 -2.690078 0.455881 -0.215666 19.636137 12.467788 13.116577 42.259392 73.543297 -2.954848 6.702815 2.623137 20.037827 -10.183026 6.009254 -35.923035 10.992172 14.584135 63.013237 17.740740 1.692378 -7.839571 -1.668850 -0.000113 -0.001827 -0.004336 -1.998464 -22.942318 13.490823 -9.170832 58.516865 -19.958891 0.746145 -16.593275 0.816333 -0.000524 -0.003092 0.007856 
12.126465 0.000000 -31.524403 -37.546322 -0.000000 0.000000 3.404692 -21.796375 1.140927 -0.134934 2.933002 1.845301 -0.135023 6.148722 3.657687 -0.112177 6.374580 3.575608 -1.583218 0.957721 4.642839 0.020327 17.270468 -6.923532 2.176995 -0.204028 -15.974218 -6.976912 12.075320 -58.129635 -106.952072 -2.502774 -4.232011 -0.951069 28.831606 -4.100228 0.883943 -0.253176 19.819088 11.870275 9.205943 44.019066 74.676262 -2.826517 6.743122 2.441276 20.370634 -9.135473 4.869679 -35.952213 10.462158 9.401625 53.642513 12.747369 1.363780 -6.970095 -2.959625 -0.000088 -0.001922 -0.004192 -1.856596 -20.879520 12.249574 -11.117710 62.499214 -22.115847 1.723540 -20.041647 -0.694870 -0.000502 -0.003004 0.007836 
10.667641 0.000000 -25.134823 -38.661335 -0.000000 0.000000 2.677515 -21.689964 2.376829 0.137173 2.758530 1.848171 0.426250 5.820355 3.627453 0.430937 6.085632 3.530649 -1.810643 1.718639 4.493546 -0.264097 17.423038 -6.769630 2.546379 -0.181635 -15.903618 -6.242754 16.546721 -59.142822 -105.632172 -2.608838 -4.302831 -0.458337 27.319889 -4.800887 1.112559 -0.216082 19.364843 10.995308 6.800465 45.828419 77.787178 -3.440499 7.863305 3.090415 20.106956 -8.665422 4.752523 -34.151848 9.037504 6.127472 44.238995 9.521409 0.618045 -5.051067 -4.348130 -0.000078 -0.001994 -0.004109 -2.050235 -18.700024 10.576161 -12.858661 66.232605 -24.227821 3.024517 -21.352160 -3.542957 -0.000496 -0.002944 0.007897 
9.246865 0.000000 -18.822992 -39.722225 -0.000000 0.000000 1.889620 -21.361456 3.416004 0.468072 2.563008 1.895822 1.136436 5.470841 3.716744 1.140393 5.758059 3.619283 -1.998624 2.098106 3.971148 -0.785191 17.231342 -6.430393 2.445304 -0.222068 -15.119806 -6.058769 20.365406 -59.671909 -105.532448 -2.654372 -4.441925 -0.392390 26.144171 -4.731244 0.978045 -0.088213 18.662739 9.911528 5.547451 47.442650 82.850838 -4.874697 9.950964 4.147726 21.210026 -8.860798 3.724404 -31.282927 8.453188 3.528024 36.367157 7.100083 0.319845 -3.053206 -7.066058 -0.000066 -0.002135 -0.004102 -1.819323 -17.341635 8.783985 -15.762778 69.882240 -27.129284 4.202996 -19.019888 -7.850090 -0.000483 -0.002775 0.008162 
7.862113 0.000000 -12.544128 -40.767635 -0.000000 0.000000 1.111564 -20.707808 4.425346 0.780087 2.341585 1.953544 1.819232 5.014496 3.821394 1.837623 5.282007 3.728363 -2.633564 2.210699 3.327740 -1.666557 17.062227 -6.112677 1.998224 -0.241785 -14.213518 -5.565921 23.634464 -59.542820 -106.715599 -2.736473 -4.918398 -0.840088 24.997704 -3.740251 0.660565 -0.003785 17.576149 10.499415 5.403082 49.204659 87.170517 -5.386111 10.666610 5.297103 21.359486 -9.212065 2.822263 -29.217680 7.949612 1.529688 30.617653 5.030020 -0.076827 -1.257082 -10.108197 -0.000037 -0.002260 -0.004160 -1.909532 -17.830906 6.650113 -21.583464 73.953705 -32.520546 4.318754 -13.005709 -12.477735 -0.000452 -0.002628 0.008166 
6.509423 0.000000 -6.300272 -41.796345 -0.000000 0.000000 0.374158 -19.814562 5.622040 0.998569 2.207448 1.934959 2.320916 4.641995 3.777181 2.332089 4.859860 3.687896 -3.539460 1.648295 2.037028 -3.111043 16.881367 -4.921401 1.545591 -0.239497 -13.465247 -4.788018 25.915264 -58.531876 -108.363754 -2.712091 -5.380976 -1.474584 22.815042 -2.550923 0.512410 0.023872 16.388639 12.515179 5.916306 50.428024 91.940155 -5.852725 11.288127 6.566998 21.561543 -9.093594 2.979814 -27.934372 7.391227 -0.311799 26.725643 3.471957 -0.622321 1.037613 -12.682830 -0.000013 -0.002335 -0.004312 -1.364642 -19.746481 4.518894 -34.374214 77.829155 -45.067944 2.797938 -6.573323 -14.772593 -0.000426 -0.002523 0.008090 
5.159953 0.000000 -0.126128 -42.826195 -0.000000 0.000000 -0.536342 -18.919733 7.053643 1.166576 2.141251 1.825661 2.640887 4.443252 3.585803 2.599346 4.626624 3.508160 -4.162183 1.009807 1.161806 -4.374576 16.599894 -4.304132 1.179029 -0.216719 -12.678458 -3.423326 26.894503 -57.535660 -110.485970 -2.732260 -5.887157 -2.261806 20.181643 -1.312379 0.635024 -0.014219 15.502891 15.616105 7.099104 50.171375 97.829796 -6.705085 11.982491 8.005797 21.835070 -8.952021 4.081239 -27.610735 6.202172 -0.920545 25.312838 2.717948 -0.808264 3.541794 -14.259565 -0.000004 -0.002321 -0.004528 -0.137496 -21.708553 2.156550 -55.813129 80.927467 -65.756935 0.894289 -0.602648 -14.912378 -0.000412 -0.002488 0.007912 
3.793919 0.000000 5.924519 -43.876148 -0.000000 0.000000 -1.113827 -18.277979 8.592528 1.225391 2.228204 1.668915 2.657267 4.608440 3.243842 2.543340 4.770142 3.155760 -4.690289 0.443052 0.423606 -5.490999 15.971481 -3.620257 0.972334 -0.195232 -12.217607 -2.233394 26.741264 -56.243774 -112.202736 -2.844454 -6.330757 -2.915195 18.177160 -0.362268 1.412609 -0.082047 14.806671 18.557838 8.153524 49.158123 102.707474 -7.523832 12.684462 9.316554 20.905878 -8.890021 6.475443 -27.353855 4.363337 -0.811631 24.776712 2.659387 -1.114722 6.829434 -15.136228 0.000003 -0.002268 -0.004753 0.001652 -25.010933 0.009368 -84.817657 81.624146 -93.957726 0.564094 0.651828 -14.150363 -0.000404 -0.002524 0.007684 
2.436050 0.000000 11.858892 -44.958374 -0.000000 0.000000 -1.210711 -18.123833 9.896007 1.174200 2.383967 1.485354 2.478090 4.989835 2.851514 2.324202 5.149712 2.746901 -5.365661 -0.104157 -0.115274 -6.591493 15.464529 -2.653820 0.391799 -0.172308 -11.998415 -1.682263 25.447338 -54.760468 -113.426186 -2.874971 -6.435583 -3.672002 16.864697 0.269586 2.035483 -0.126585 14.289444 20.537514 8.720004 47.933418 106.069221 -7.962642 13.011438 10.290828 20.314989 -8.624629 10.126147 -27.856220 1.626919 -0.777632 27.247166 2.985432 -1.713678 8.761595 -15.792891 0.000011 -0.002263 -0.004763 -1.016557 -27.699839 -1.189500 -98.409073 80.087769 -107.184975 0.104165 -0.805573 -12.191624 -0.000396 -0.002542 0.007534 
1.104495 0.000000 17.647614 -46.072750 -0.000000 0.000000 -0.787669 -18.230249 11.349189 1.023483 2.649223 1.246456 2.092160 5.560924 2.375459 1.904025 5.715531 2.279244 -6.377013 -0.816748 -0.583899 -7.833548 14.667793 -1.506809 -0.553262 -0.200970 -12.084161 -1.962112 22.589775 -52.999191 -113.620522 -2.709613 -6.232936 -4.556304 16.203382 0.947176 2.345354 -0.163817 14.272469 21.943607 8.633140 47.325592 108.671768 -8.089880 13.018839 11.182436 20.326178 -8.390410 14.344921 -28.298939 -2.001187 -0.781060 32.225018 3.830359 -2.228091 8.837949 -14.634709 0.000026 -0.002325 -0.004591 -2.298308 -30.055067 -2.031214 -104.084923 77.891487 -112.598228 -1.072513 -3.896869 -10.530408 -0.000382 -0.002518 0.007360 
-0.202787 0.000000 23.280769 -47.241272 -0.000000 0.000000 0.294557 -18.480286 13.099040 0.757912 2.990351 1.027109 1.397834 6.246803 1.888930 1.147623 6.381408 1.792653 -7.941902 -1.747346 -0.884410 -9.284399 14.140817 -0.162530 -1.687010 -0.294423 -12.518787 -2.949489 18.268393 -51.054195 -112.930153 -2.848158 -6.411716 -5.159595 16.700535 2.330579 2.394684 -0.172833 14.952040 23.508093 8.207804 48.220928 110.043251 -7.500698 12.156477 11.358974 21.664143 -8.238576 16.629745 -28.013199 -5.319629 -0.219438 37.028893 4.829394 -2.377587 7.569134 -10.825301 0.000060 -0.002456 -0.004484 -3.483091 -32.684750 -3.407541 -100.940269 76.697792 -109.075966 -2.684421 -6.446473 -9.011547 -0.000355 -0.002439 0.007102 
-1.468307 0.000000 28.735901 -48.433109 -0.000000 0.000000 1.337503 -18.785467 15.293923 0.401321 3.253111 0.798401 0.566464 6.754544 1.285613 0.289689 6.868516 1.147152 -10.291569 -2.542576 -0.965999 -11.167594 13.886415 1.386599 -3.017659 -0.443633 -13.015874 -4.472318 13.964878 -49.106003 -112.311684 -3.093871 -6.755567 -5.657153 17.633430 4.134133 1.671113 -0.171664 15.426437 24.720861 8.074263 49.764328 110.129539 -6.773850 11.162948 10.965778 22.981207 -7.423144 17.993950 -26.839272 -8.411870 0.979378 41.548107 5.297526 -2.220894 3.795759 -6.608621 0.000106 -0.002581 -0.004475 -4.548050 -35.678345 -4.802406 -94.314812 76.488838 -102.432556 -3.558360 -8.288309 -7.695212 -0.000317 -0.002353 0.006817 
-2.719023 0.000000 33.993473 -49.694263 -0.000000 0.000000 1.579932 -19.134548 17.741463 0.030384 3.479360 0.536623 -0.253783 7.241836 0.618825 -0.529619 7.356519 0.428735 -12.839703 -1.939581 -1.367190 -13.567227 13.089499 2.900344 -4.275652 -0.617383 -13.187991 -5.251698 9.835645 -46.896393 -110.882309 -3.130689 -6.830471 -5.690381 19.160349 5.680351 0.759178 -0.102192 15.993629 25.522028 7.919946 51.238052 108.256340 -6.013914 10.256703 10.216968 23.608250 -7.416360 19.286537 -24.294626 -10.921329 2.812164 45.015789 6.802071 -1.666067 -2.043546 -4.628044 0.000143 -0.002636 -0.004455 -6.287148 -38.839085 -5.906434 -80.596695 75.935638 -88.436012 -4.968998 -9.930266 -5.194845 -0.000283 -0.002323 0.006602 
-3.982499 0.000000 39.067513 -51.067539 -0.000000 0.000000 0.802617 -19.041901 20.084404 -0.296905 3.542585 0.293247 -0.879673 7.395930 0.040179 -1.108336 7.514680 -0.208094 -14.590490 -1.162272 -2.649633 -15.834168 12.696870 4.657786 -4.774712 -0.762962 -13.435244 -5.332949 6.464472 -45.011765 -109.236786 -2.973429 -6.603542 -5.264148 20.292908 6.154503 0.280182 -0.088777 16.652332 25.677576 8.329208 52.416309 105.422531 -5.324472 9.587342 9.458335 23.122637 -7.192695 21.389496 -20.928005 -13.372292 5.239320 48.068310 9.169704 -0.635397 -7.429014 -4.126322 0.000163 -0.002637 -0.004342 -9.020500 -41.558331 -5.441500 -62.482471 74.107193 -69.800797 -6.126493 -10.549291 -4.032107 -0.000267 -0.002335 0.006416 
-5.268905 0.000000 44.001854 -52.567795 -0.000000 0.000000 -0.355141 -18.597942 22.164215 -0.568450 3.514908 0.066192 -1.339833 7.326106 -0.437669 -1.480479 7.437970 -0.715090 -15.637333 -0.604631 -4.645300 -17.963800 12.865283 6.677097 -4.897373 -0.814844 -13.524612 -5.560019 4.263754 -44.145725 -107.699806 -2.757382 -6.203758 -4.691698 20.899118 5.728394 0.082559 -0.143008 17.053417 24.665216 9.475743 53.272278 102.470184 -4.901601 9.232526 8.770432 23.008951 -6.610333 23.412432 -17.555588 -15.483879 7.614680 50.285175 11.289883 0.417693 -11.554002 -3.708717 0.000167 -0.002560 -0.004213 -12.817586 -43.184380 -3.478992 -45.519363 70.333275 -52.503990 -7.283285 -9.884579 -3.052217 -0.000265 -0.002410 0.006266 
-6.557920 0.000000 48.795635 -54.187458 -0.000000 0.000000 -1.500158 -17.668266 23.663696 -0.796200 3.385606 -0.090093 -1.711879 6.985581 -0.759175 -1.765902 7.066128 -1.063461 -16.489614 0.209179 -7.187470 -20.281387 13.427571 9.034469 -4.453588 -0.788806 -13.405592 -5.281266 3.098821 -44.413826 -106.774818 -2.549790 -5.903668 -4.534339 20.803997 4.994946 0.117225 -0.215678 16.843767 23.086464 11.127292 53.821827 100.221497 -4.721643 9.234144 8.385756 22.908276 -5.374866 25.243952 -14.857930 -17.251883 10.233266 51.902454 13.818873 1.701281 -14.481274 -3.531123 0.000159 -0.002479 -0.004046 -18.120913 -43.600918 0.107707 -32.784435 64.863472 -39.281578 -8.116377 -8.179706 -2.966471 -0.000273 -0.002472 0.006146 
-7.821207 0.000000 53.446037 -55.918140 -0.000000 0.000000 -2.297944 -16.456844 24.679113 -0.951248 3.170465 -0.080625 -2.007652 6.411337 -0.735137 -2.014790 6.440726 -1.060134 -16.894911 0.885004 -10.481103 -22.511410 14.250960 11.344074 -3.353489 -0.728290 -13.155267 -3.835284 3.563961 -45.043381 -107.074356 -2.468143 -5.808268 -4.936848 19.455683 4.837783 0.192627 -0.256565 16.066473 21.347143 13.564136 53.614201 99.800606 -4.695026 9.460261 8.290104 21.810904 -4.393028 27.446424 -12.810534 -18.662758 11.538326 53.211086 15.393492 2.170442 -14.934467 -2.495639 0.000152 -0.002462 -0.003825 -24.182066 -43.319374 4.773491 -25.752939 59.246548 -31.971485 -8.346355 -5.559903 -3.944477 -0.000285 -0.002491 0.006069 
-9.044464 0.000000 57.955921 -57.759968 -0.000000 0.000000 -2.664228 -15.307010 25.469912 -1.010447 3.016894 -0.006408 -2.142822 5.972338 -0.559290 -2.126881 5.959795 -0.885795 -17.411564 1.263294 -13.595990 -24.820759 14.771079 13.234097 -2.066763 -0.637401 -12.812778 -2.138620 5.462753 -44.926796 -108.729637 -2.283120 -5.686556 -5.750875 17.005032 5.752736 0.173473 -0.278964 15.399938 20.097128 16.685074 52.985405 100.636444 -4.874125 9.870615 8.751746 20.475235 -4.219409 29.767885 -11.777836 -19.532164 12.959130 55.463963 16.478704 2.415070 -12.128539 -0.405367 0.000134 -0.002389 -0.003658 -30.339310 -41.759907 9.470699 -21.531359 53.323723 -27.574619 -8.949714 -2.413763 -5.275974 -0.000312 -0.002562 0.005939 
-10.256492 0.000000 62.311546 -59.704334 -0.000000 0.000000 -3.113788 -14.098276 26.098402 -0.887705 2.937215 0.061207 -1.860798 5.703579 -0.365323 -1.836252 5.642524 -0.661390 -18.139681 1.348399 -16.214743 -27.255905 15.152837 14.887330 -0.605680 -0.588737 -12.364762 -0.642252 8.697821 -44.431736 -110.711777 -1.992572 -5.388127 -6.296090 15.310429 6.170096 0.420854 -0.300527 14.881329 18.413403 19.510300 52.096256 101.327888 -5.192169 10.471898 9.059156 19.763647 -4.472071 31.500668 -11.864807 -19.778547 15.150890 58.344151 17.374435 3.647437 -5.871365 2.035119 0.000110 -0.002323 -0.003443 -35.237041 -38.713158 13.207703 -18.923367 46.505859 -25.395355 -9.827734 -0.094625 -8.809440 -0.000351 -0.002646 0.005942 
-11.463950 0.000000 66.504936 -61.735371 -0.000000 0.000000 -3.440430 -13.091417 26.802107 -0.721012 2.815888 0.000505 -1.504132 5.451869 -0.425844 -1.491588 5.393805 -0.678476 -19.718596 1.624563 -18.173063 -30.146175 15.708579 17.062704 0.464657 -0.559332 -11.446495 0.554783 12.121941 -44.066891 -112.402473 -1.889030 -5.332908 -6.568896 14.359471 6.026014 0.424519 -0.270738 14.129074 16.893219 21.136520 51.395893 102.181778 -5.510065 11.020332 9.219254 18.731754 -4.489460 32.394527 -12.990180 -19.756243 17.110609 61.901680 18.143251 4.266052 -1.382483 2.840311 0.000094 -0.002331 -0.003233 -38.547646 -35.697441 15.553657 -17.900227 40.620956 -24.963713 -10.265963 0.103961 -14.398470 -0.000376 -0.002649 0.005976 
-12.622282 0.000000 70.505585 -63.882061 -0.000000 0.000000 1.852125 -13.059851 20.456882 -1.000621 2.836575 -0.270318 -2.043964 5.862726 -0.958410 -2.139513 5.877111 -1.209916 -15.403769 3.750990 -9.682851 -21.634659 10.590200 10.746215 -2.408556 -0.205054 -10.876754 -11.931923 7.442300 -43.802822 -104.536774 -1.617097 -4.277086 -3.344993 27.245544 -4.684678 -1.136405 -0.072326 13.893489 16.208040 28.676678 57.689461 80.888206 -4.784226 9.005960 7.126037 21.165154 -5.453494 29.777122 -17.559271 -10.488790 6.049047 79.774628 5.797385 -0.625091 5.240499 -7.710387 -0.000031 -0.001728 -0.003937 -29.224148 -26.064007 15.789935 -12.853612 32.642452 -19.676798 -4.843108 -5.463035 -18.845449 -0.000456 -0.003272 0.005818 
-13.270694 0.000000 73.835304 -66.210815 -0.000000 0.000000 2.096964 -12.791489 21.116796 -0.837012 2.870753 -0.259772 -1.743217 5.944177 -0.942724 -1.882903 5.974922 -1.187566 -16.174751 3.642046 -9.945599 -22.740730 9.829252 10.818720 -2.379774 -0.200033 -10.924686 -9.760043 7.393376 -43.279896 -104.123169 -1.516786 -4.193946 -3.405807 28.342079 -4.184485 -1.211036 -0.058867 14.116222 18.497774 28.436853 57.422970 80.219238 -4.626575 8.772198 7.333184 20.086023 -5.429151 29.979021 -19.038044 -10.802303 17.634474 80.045601 17.564962 0.946398 3.441338 -7.543931 -0.000027 -0.001733 -0.004009 -27.766438 -26.735949 14.534189 -14.577378 34.133255 -21.536572 -5.018354 -7.392540 -20.863533 -0.000451 -0.003271 0.005712 
-13.896799 0.000000 77.052650 -68.579201 -0.000000 0.000000 1.967965 -12.111334 21.400936 -0.664677 2.953428 -0.158335 -1.348211 6.098069 -0.708897 -1.462524 6.137710 -0.936664 -16.799261 2.813442 -10.088753 -23.797842 9.194673 10.923899 -1.905024 -0.169393 -11.183934 -7.112486 7.522367 -43.084759 -103.618851 -1.565006 -4.130735 -3.238227 29.894596 -3.612630 -1.013791 -0.116458 14.641654 21.260046 28.065420 56.699623 79.232147 -4.495013 8.421264 7.153480 19.925655 -5.543941 29.795664 -21.013304 -10.445922 25.545309 78.274551 26.098854 2.503809 1.136821 -5.814072 -0.000019 -0.001699 -0.004228 -25.378326 -27.943975 13.592419 -16.443382 36.282688 -23.245708 -5.545397 -9.191072 -21.539417 -0.000441 -0.003302 0.005646 
-14.487696 0.000000 80.140999 -70.988022 -0.000000 0.000000 1.466414 -11.343383 20.951832 -0.543954 3.046592 0.049192 -0.974193 6.288399 -0.214541 -1.017475 6.338546 -0.402607 -17.310116 1.887857 -10.210508 -24.662157 8.728707 11.173566 -1.359628 -0.146134 -11.658726 -4.464386 7.701298 -43.977131 -102.705032 -1.460636 -3.844969 -2.949984 32.201721 -3.434202 -0.750196 -0.190122 15.519330 23.963793 27.168173 55.205433 77.694580 -4.156032 7.653244 6.644223 20.647648 -5.986535 29.311705 -23.047997 -9.294625 25.556044 75.645729 26.798267 3.403062 -0.307187 -4.221002 -0.000015 -0.001661 -0.004398 -22.113714 -29.614738 12.940868 -18.997660 38.814697 -25.120661 -6.535443 -10.299386 -21.684002 -0.000434 -0.003344 0.005555 
-15.035081 0.000000 83.103523 -73.427063 -0.000000 0.000000 0.971591 -10.302299 20.349176 -0.406648 3.119173 0.259144 -0.619459 6.473711 0.298374 -0.598252 6.531659 0.156607 -17.807814 1.012265 -10.643170 -25.620724 8.390757 11.731383 -0.714618 -0.133444 -12.234776 -1.688941 8.518644 -45.182407 -101.495468 -1.307160 -3.497307 -2.572693 34.387447 -3.432923 -0.276360 -0.260366 16.403355 26.680120 25.842871 53.752476 75.385017 -3.707371 6.555292 6.023476 21.448568 -6.126118 28.251150 -24.794441 -7.847375 20.331047 72.402100 22.478218 3.339609 -1.572857 -3.711805 -0.000023 -0.001646 -0.004377 -18.721958 -31.655897 12.363892 -21.478924 41.170815 -27.422253 -7.402209 -10.902165 -22.051781 -0.000439 -0.003345 0.005504 
-15.543221 0.000000 85.983368 -75.894089 -0.000000 0.000000 0.472682 -9.001106 19.768131 -0.248000 3.196722 0.441399 -0.296272 6.664903 0.746745 -0.244512 6.734039 0.649324 -18.082525 0.169207 -11.526685 -26.641628 8.341612 12.585636 -0.133815 -0.134124 -12.613821 0.592810 9.578653 -46.380604 -100.128944 -1.244081 -3.262887 -2.151165 35.676609 -3.323260 0.227036 -0.290565 17.097921 28.304384 23.966314 52.602474 73.215309 -3.442236 5.654099 5.341741 22.508240 -5.684067 26.748219 -26.151352 -6.586862 13.559198 68.252663 16.987604 2.536916 -2.401396 -3.604472 -0.000032 -0.001694 -0.004222 -16.030712 -33.496750 11.938010 -23.357174 42.865005 -29.302313 -8.207520 -11.200398 -21.617228 -0.000446 -0.003274 0.005572 
-16.023680 0.000000 88.764343 -78.388374 -0.000000 0.000000 -0.009547 -7.755834 19.378042 -0.107433 3.313484 0.620174 -0.051874 6.887912 1.157293 -0.008445 6.961501 1.080747 -18.293501 -0.591323 -12.576567 -27.665062 8.442659 13.428123 0.264198 -0.130367 -12.817094 2.278003 10.863204 -47.740330 -98.708130 -1.410179 -3.320148 -1.849699 36.542118 -3.207769 0.743664 -0.311420 17.475086 28.411327 21.538677 51.572189 71.720688 -3.405931 5.078575 4.767392 23.695087 -5.126234 24.545841 -27.028381 -5.888506 8.202495 63.768337 13.276006 1.459614 -2.320292 -3.649492 -0.000039 -0.001723 -0.004146 -14.020838 -34.598537 11.486630 -23.666479 44.053905 -30.019913 -8.551691 -10.677742 -20.682943 -0.000451 -0.003219 0.005660 
-16.456194 0.000000 91.401947 -80.917488 -0.000000 0.000000 -0.578400 -6.508572 19.240244 0.008483 3.488897 0.773293 0.130291 7.185193 1.487337 0.147244 7.247141 1.421804 -18.378515 -1.416849 -13.765162 -28.651939 8.497460 14.327525 0.508705 -0.154078 -12.676656 3.128887 12.859881 -49.091297 -97.503586 -1.601585 -3.362884 -1.618569 36.946384 -2.819668 1.274771 -0.343449 17.520395 27.026636 18.249907 50.784126 71.211220 -3.467887 4.932970 4.461750 25.030479 -4.941449 21.419710 -27.751852 -5.349508 4.507877 59.802086 11.130518 0.380136 -1.327015 -3.452353 -0.000045 -0.001746 -0.004122 -12.425015 -35.262493 10.697206 -22.936348 45.230724 -30.088345 -8.241516 -10.184615 -19.685204 -0.000457 -0.003166 0.005819 
-16.848608 0.000000 93.884018 -83.485954 -0.000000 0.000000 -1.262602 -4.956153 19.239475 0.071353 3.653071 0.895990 0.258347 7.450325 1.733598 0.280233 7.497251 1.672691 -18.795050 -2.384033 -14.604777 -29.858738 8.502153 15.096855 0.665387 -0.166615 -12.325145 2.907408 15.273206 -51.029476 -96.292206 -1.749108 -3.394485 -1.537974 36.242451 -2.481941 1.665538 -0.369351 17.342402 24.695223 14.399032 51.085255 72.149521 -3.736607 5.449044 4.529464 26.445534 -5.243633 18.207085 -28.390295 -4.967867 1.475291 56.322727 9.389276 -0.786620 0.447783 -2.990456 -0.000053 -0.001723 -0.004132 -11.409202 -36.486412 9.798943 -21.930202 47.023857 -29.750875 -7.307507 -9.855793 -18.268328 -0.000465 -0.003174 0.005944 
-17.205971 0.000000 96.183205 -86.093590 -0.000000 0.000000 -2.347975 -3.091129 19.181744 0.142868 3.818098 1.006702 0.455064 7.731711 2.017336 0.513371 7.766597 1.974179 -19.961817 -3.232738 -14.705583 -31.432159 8.283381 15.879757 0.807917 -0.168425 -11.896965 1.821515 18.025690 -54.112419 -95.089355 -1.786285 -3.341588 -1.633268 34.922016 -2.272702 2.001452 -0.414884 17.114506 22.314478 10.872121 52.469765 74.682106 -4.224321 6.611590 5.066090 27.460970 -6.130795 13.689841 -29.163301 -3.891225 -1.546372 53.912048 7.797740 -1.913020 2.429381 -2.521435 -0.000068 -0.001602 -0.004276 -10.797758 -37.725182 9.163883 -20.373472 48.861885 -28.927315 -5.739967 -9.790272 -17.095612 -0.000477 -0.003295 0.006002 
-17.553959 0.000000 98.285126 -88.725937 -0.000000 0.000000 -3.910812 -1.133804 18.886421 0.204010 3.990183 1.140743 0.668455 8.048826 2.379639 0.785311 8.077019 2.339445 -21.565367 -3.586946 -13.935550 -32.974693 7.492277 16.309940 0.827187 -0.107786 -11.378205 0.333071 20.694643 -58.248219 -93.850159 -1.719975 -3.169044 -1.661106 32.596230 -2.476269 2.338743 -0.530236 16.957340 20.884363 8.218868 54.473183 77.801468 -4.934616 8.056512 6.130976 27.638636 -7.495799 7.778615 -29.653080 -1.867025 -4.716591 52.437912 5.712197 -3.044852 3.863790 -3.882075 -0.000092 -0.001342 -0.004667 -10.002999 -39.188782 8.913845 -18.898804 51.502182 -28.174902 -3.810005 -10.611178 -15.986219 -0.000502 -0.003588 0.006009 
-17.877495 0.000000 100.179230 -91.360161 -0.000000 0.000000 -5.452822 0.858000 18.383369 0.320467 4.141244 1.256522 0.952066 8.323985 2.730799 1.095289 8.357049 2.695283 -22.758820 -3.893956 -13.541170 -34.337429 6.939249 16.928745 0.747477 0.021708 -11.115195 -1.830463 22.799807 -62.302067 -92.455414 -1.701020 -3.090564 -1.622046 30.129335 -2.185880 2.541709 -0.655854 16.841747 20.792358 7.098125 56.865868 80.591721 -5.860739 9.370583 7.257941 27.728436 -8.359645 1.548985 -28.663103 1.089118 -8.783734 50.550083 1.883901 -4.691011 3.400102 -8.193338 -0.000111 -0.001137 -0.005064 -8.972893 -40.852421 8.575767 -17.481710 54.165836 -27.373423 -1.977077 -11.551841 -14.311852 -0.000522 -0.003868 0.005932 
-18.142658 0.000000 101.890717 -93.998810 -0.000000 0.000000 -7.158278 2.646317 17.395517 0.522929 4.266590 1.393700 1.378031 8.566029 3.117329 1.523822 8.597034 3.087587 -22.761652 -4.129572 -13.845042 -34.768585 6.638277 17.636723 0.521414 0.146154 -11.104755 -4.281474 24.197849 -65.090462 -91.236443 -2.016748 -3.490733 -1.596972 28.953348 -2.257638 2.749210 -0.755991 16.957296 22.477602 6.896248 58.730423 81.674103 -5.953984 9.383768 7.996330 27.767513 -7.979925 -3.164127 -25.622622 4.636714 -12.918522 47.414062 -2.781377 -6.044110 0.627469 -14.573253 -0.000105 -0.001131 -0.005288 -8.256582 -43.241238 8.814024 -16.502909 57.313171 -26.802225 -0.230758 -12.516711 -12.491272 -0.000516 -0.003946 0.005803 
-18.327595 0.000000 103.456131 -96.660629 -0.000000 0.000000 -8.941844 4.358920 16.165651 0.666870 4.339005 1.522997 1.705790 8.698794 3.444048 1.847474 8.738156 3.414867 -21.562611 -4.607138 -14.244781 -33.994274 6.207532 18.060152 0.370424 0.226950 -11.452477 -6.681681 25.475126 -67.519562 -90.172935 -2.289493 -3.800116 -1.691285 28.624292 -2.471729 3.130921 -0.805631 17.106018 24.787830 6.928148 59.783127 82.572083 -5.880331 9.259567 8.434661 27.093790 -7.297496 -6.357586 -22.431808 7.618408 -15.223053 44.943096 -5.769004 -5.686576 -4.005610 -20.624420 -0.000090 -0.001219 -0.005371 -7.507050 -45.510559 9.383063 -15.093044 60.042252 -25.480770 1.238591 -13.242353 -10.814131 -0.000500 -0.003890 0.005758 
-18.450689 0.000000 104.885498 -99.339287 -0.000000 0.000000 -10.554232 5.849783 15.156891 0.760192 4.364463 1.593622 1.938940 8.708700 3.568332 2.076356 8.765885 3.527698 -20.034271 -4.991347 -14.603040 -32.779091 5.725588 18.432274 0.289209 0.230230 -11.901899 -9.433279 26.655691 -69.441124 -89.647507 -2.539473 -4.145625 -2.205161 28.719635 -2.923110 3.613689 -0.779087 16.959089 27.852215 7.016638 60.779385 83.218689 -5.663236 8.976038 8.775422 26.334566 -6.072192 -7.046581 -19.860144 8.802315 -15.544825 43.322418 -6.993226 -3.916175 -8.565382 -24.775568 -0.000069 -0.001379 -0.005309 -6.683114 -47.812592 9.743917 -13.445628 62.265469 -23.553421 2.767156 -14.243518 -10.057118 -0.000474 -0.003736 0.005721 
-18.531570 0.000000 106.184387 -102.039467 -0.000000 0.000000 -11.820451 6.897400 14.433434 0.726202 4.439707 1.562364 1.941428 8.816350 3.448110 2.094573 8.881188 3.397335 -18.560698 -5.170883 -14.656395 -31.375042 5.158192 18.850140 0.121234 0.180908 -12.557954 -12.162362 27.036274 -70.863548 -90.300377 -2.748063 -4.228616 -2.872311 29.203091 -3.642962 4.034797 -0.754858 16.925852 30.788641 7.197158 61.223305 83.817589 -5.408588 8.682270 8.902063 25.493692 -4.745414 -5.201152 -18.159662 8.437008 -15.077041 43.174896 -6.988746 -1.661302 -13.006034 -27.164160 -0.000044 -0.001541 -0.005138 -5.748868 -50.150764 9.825421 -11.695063 64.363609 -21.312340 4.334534 -14.513781 -10.235879 -0.000442 -0.003564 0.005604 
-18.616610 0.000000 107.329895 -104.748238 -0.000000 0.000000 -12.299230 7.619736 14.130012 0.552422 4.595001 1.432049 1.650579 9.119861 3.093489 1.822815 9.177967 3.019005 -16.975800 -5.425910 -14.481381 -29.867216 4.129450 18.992559 -0.111760 0.114745 -13.490549 -14.700526 26.638519 -71.274002 -90.341179 -2.727853 -4.296710 -3.176583 28.792059 -4.500579 4.509463 -0.734085 16.995279 32.978355 7.181968 61.503452 84.307159 -5.268214 8.532846 8.921354 25.162128 -3.872498 -2.014670 -16.992468 7.020717 -14.483129 43.405544 -6.117864 0.372517 -17.041874 -28.256365 -0.000031 -0.001640 -0.004953 -5.145313 -52.526085 9.532040 -10.019856 66.615852 -19.116442 5.444681 -14.528571 -10.077931 -0.000426 -0.003456 0.005506 
-18.706385 0.000000 108.309875 -107.462906 -0.000000 0.000000 -12.313033 8.344908 14.082558 0.331560 4.813926 1.249390 1.231754 9.550840 2.631489 1.408162 9.601332 2.522636 -15.543243 -5.933828 -14.051179 -28.463106 2.830564 18.841448 -0.551624 0.054398 -14.324518 -17.122623 25.774218 -70.811592 -89.602707 -2.552898 -4.375968 -3.153766 28.000181 -5.064909 4.936476 -0.740497 17.188534 34.038589 7.282387 60.918972 84.473358 -5.186527 8.522408 9.086050 25.053823 -3.949979 1.691673 -16.309542 5.134595 -13.640048 44.069305 -5.325468 1.001317 -20.515060 -27.041996 -0.000032 -0.001644 -0.004838 -5.481020 -54.890423 9.436168 -7.993624 68.788673 -16.518471 5.880013 -14.146413 -8.247757 -0.000425 -0.003425 0.005462 
-18.809616 0.000000 109.107460 -110.170898 -0.000000 0.000000 -12.056246 8.770506 14.039369 0.105796 5.048947 1.059998 0.786272 10.019734 2.168920 0.961587 10.050294 2.026670 -14.574801 -6.464817 -13.393596 -27.247173 1.700945 18.616764 -1.189842 -0.004483 -14.806147 -19.520594 24.960340 -69.320610 -90.301300 -2.539705 -4.404170 -3.200105 26.959888 -5.426018 5.263461 -0.766055 17.400185 33.863689 7.361451 60.031944 84.806534 -5.251001 8.665668 9.364614 25.116659 -4.088762 4.991385 -15.851479 3.574942 -12.633348 45.257359 -4.594873 0.519346 -22.857090 -24.705236 -0.000037 -0.001613 -0.004813 -6.224537 -56.808952 9.527516 -6.098008 70.370033 -13.875139 5.846485 -13.772558 -5.489631 -0.000428 -0.003437 0.005499 
-18.931280 0.000000 109.712425 -112.880043 -0.000000 0.000000 -11.716179 9.096828 13.757232 -0.077855 5.232018 0.900856 0.402415 10.398218 1.807119 0.573486 10.416271 1.644231 -13.819370 -6.821793 -12.831133 -26.255043 0.786256 18.526943 -1.787193 -0.069507 -15.113591 -21.506704 23.911337 -67.238510 -90.634140 -2.496370 -4.348825 -3.415728 26.407209 -5.421516 5.516547 -0.801726 17.698425 33.503246 7.750856 59.062820 85.208260 -5.338289 8.791843 9.708387 25.249727 -4.223247 7.377168 -15.314851 2.626047 -11.464150 46.560307 -3.892401 0.054754 -24.815054 -22.508221 -0.000037 -0.001615 -0.004749 -7.831805 -58.208370 10.357288 -4.065629 70.947777 -11.291498 5.560354 -13.732380 -2.358363 -0.000428 -0.003431 0.005530 
-19.075710 0.000000 110.118507 -115.592857 -0.000000 0.000000 -12.310015 5.681615 16.299507 0.060913 6.507445 0.507863 0.754062 12.791600 0.857137 0.997180 12.663365 0.674376 -13.334762 -6.965844 -16.746584 -30.387287 1.497001 23.725851 -3.194789 -0.403564 -14.325421 -12.750286 11.795859 -50.710121 -94.699493 -1.929751 -4.331740 -3.477912 28.117588 1.058348 7.017191 -0.492607 15.401907 19.305239 2.189998 50.971077 90.481155 -5.535802 9.745280 10.010754 29.330442 -9.267822 13.609980 -19.169352 6.089343 -15.248600 51.814285 -7.005492 2.697416 -36.038361 -28.898453 0.000008 -0.001998 -0.005149 2.640871 -67.344948 -3.400656 -71.050262 85.765015 -76.890594 3.028453 -7.948010 -2.161507 -0.000380 -0.002862 0.006551 
-19.125551 0.000000 110.764229 -118.119987 -0.000000 0.000000 -11.890600 6.086156 15.752399 -0.135122 6.648827 0.514014 0.355958 13.073321 0.863271 0.600823 12.946811 0.667822 -12.958595 -6.878388 -16.746445 -30.096367 1.090233 23.987089 -3.997366 -0.434268 -13.856378 -14.755442 9.835491 -49.304630 -95.499344 -2.132545 -4.514266 -3.911948 28.358770 1.522187 6.939262 -0.414437 15.431833 18.034227 3.095123 50.892654 91.335983 -5.844249 10.105711 10.125290 30.014650 -9.541523 14.650849 -18.663120 6.360562 -14.554097 51.944916 -6.580523 2.411354 -35.503235 -28.427279 0.000016 -0.002033 -0.005230 -0.465111 -68.123268 -1.076031 -83.913010 84.787994 -89.830711 1.826031 -8.237793 -0.664799 -0.000373 -0.002819 0.006756 
-19.125919 0.000000 111.163414 -120.631996 -0.000000 0.000000 -11.329021 6.616446 15.266601 -0.276369 6.723926 0.478937 0.025450 13.222568 0.812684 0.245863 13.104475 0.609734 -12.826639 -6.758691 -16.869450 -30.176003 0.997120 24.373873 -4.831083 -0.450080 -13.115290 -15.940324 8.219625 -47.591324 -96.831825 -2.239851 -4.666302 -4.352259 28.364264 2.326373 6.644836 -0.315510 15.376763 16.432718 4.395745 50.854565 92.564529 -5.963333 10.324003 10.233567 30.009064 -9.890407 15.505145 -17.967951 6.747928 -13.593998 51.086124 -6.063595 2.749075 -34.731892 -28.869053 0.000024 -0.002090 -0.005208 -3.679261 -68.421638 1.123856 -90.176384 82.502151 -96.273293 0.108962 -8.264697 -0.944646 -0.000366 -0.002748 0.006906 
-19.066442 0.000000 111.313606 -123.105873 -0.000000 0.000000 -10.846433 7.364754 14.948768 -0.385308 6.741236 0.418742 -0.268644 13.284585 0.690980 -0.095343 13.180125 0.474448 -13.024357 -6.444737 -17.131294 -30.693199 1.047750 24.872118 -5.592927 -0.420144 -12.313253 -16.118135 6.802637 -46.043972 -98.480324 -2.308310 -4.805614 -4.849990 28.259077 3.186854 6.114105 -0.237858 15.246473 14.520801 5.766616 50.897202 94.109581 -5.956487 10.415739 10.476096 29.504118 -10.184873 16.318268 -17.065121 7.106277 -12.234956 49.470268 -5.098154 3.931876 -33.959274 -30.418180 0.000035 -0.002140 -0.005186 -6.485052 -68.554413 2.703730 -90.617683 79.255188 -97.228004 -1.968231 -9.048198 -3.181526 -0.000358 -0.002701 0.006970 
-18.962973 0.000000 111.211517 -125.528229 -0.000000 0.000000 -10.345360 8.260917 14.745506 -0.499957 6.737974 0.388769 -0.576087 13.314396 0.612632 -0.456650 13.220363 0.379363 -13.493685 -6.164886 -17.407381 -31.536108 1.123046 25.387430 -6.329041 -0.387804 -11.645735 -16.001709 5.588367 -44.909721 -100.025406 -2.413371 -4.956588 -5.409774 28.217716 4.073648 5.414862 -0.159885 15.099270 12.564182 7.173892 51.052670 95.804329 -5.887919 10.402294 10.721780 28.815634 -10.423217 16.931110 -15.939462 7.286506 -9.993423 47.565395 -3.382761 5.447220 -33.083981 -31.719872 0.000053 -0.002217 -0.005142 -8.215732 -68.739517 3.020351 -92.454025 75.573807 -99.743523 -3.843965 -10.459990 -6.251657 -0.000346 -0.002651 0.006989 
-18.824554 0.000000 110.844002 -127.871109 -0.000000 0.000000 -9.743809 9.310066 14.665778 -0.620147 6.667512 0.372660 -0.910159 13.191472 0.535841 -0.839439 13.092822 0.285522 -13.577604 -6.231282 -17.997776 -32.226917 1.364303 25.858135 -6.730205 -0.356674 -11.121919 -15.877090 4.937943 -44.075401 -101.279778 -2.570925 -5.129697 -5.886202 27.881474 4.987547 4.859399 -0.120896 14.963177 10.764152 8.567286 51.333626 97.401604 -5.820644 10.409190 11.137659 27.622709 -10.928110 17.015409 -14.440933 7.227077 -7.601998 45.075859 -1.496913 6.802082 -31.633286 -32.730682 0.000069 -0.002291 -0.005075 -8.254086 -68.957291 1.950348 -92.073616 72.034698 -100.053398 -5.532676 -11.525702 -9.460992 -0.000335 -0.002604 0.006991 
-18.652102 0.000000 110.213852 -130.107727 -0.000000 0.000000 -9.233427 10.384257 14.549019 -0.720364 6.531727 0.378851 -1.197915 12.940709 0.486331 -1.161154 12.834650 0.235115 -12.914508 -6.403684 -18.624065 -32.102871 1.139867 25.795599 -6.764913 -0.320794 -10.658436 -15.604657 4.885280 -43.342705 -102.161980 -2.749631 -5.293992 -6.432094 27.564196 5.666816 4.675325 -0.064440 14.532085 9.226192 9.810881 51.655708 98.522133 -5.784441 10.499846 11.481888 26.608990 -11.540592 17.368176 -12.744014 6.946674 -5.886006 42.094093 0.187074 7.445011 -29.450397 -33.518063 0.000080 -0.002373 -0.004983 -8.291452 -68.711670 1.158885 -86.797470 68.975594 -95.788666 -6.966211 -12.162971 -12.638768 -0.000326 -0.002587 0.006999 
-18.466063 0.000000 109.313370 -132.220734 -0.000000 0.000000 -8.780938 11.453296 14.278127 -0.853293 6.319635 0.405043 -1.500746 12.530073 0.491247 -1.478955 12.418590 0.233303 -11.821568 -6.642400 -19.115520 -31.409361 0.771779 25.312668 -6.480165 -0.300029 -10.224051 -14.967232 5.667203 -42.740288 -102.902740 -2.824540 -5.367147 -6.846816 26.907219 6.048148 4.618091 -0.007196 13.965255 8.712774 11.415462 51.924606 99.286407 -5.762394 10.618904 12.010976 25.451733 -11.806122 18.007214 -10.781753 7.084863 -4.585134 38.546318 1.227250 7.375732 -26.514086 -33.544106 0.000082 -0.002468 -0.004787 -9.057258 -68.265991 0.772894 -83.083282 67.145332 -92.641685 -7.957685 -12.171200 -14.127431 -0.000326 -0.002547 0.007055 
-18.239229 0.000000 108.171677 -134.222809 -0.000000 0.000000 -8.477198 12.700983 14.117571 -1.021229 6.093213 0.407118 -1.811676 12.069301 0.454977 -1.763973 11.951138 0.188980 -10.504529 -7.109423 -19.370739 -30.382141 0.130603 24.584749 -5.903568 -0.284491 -10.114046 -13.680208 6.905830 -42.654053 -103.116814 -2.923400 -5.471029 -7.139773 26.303579 6.383989 4.706249 0.009909 13.356688 8.551979 13.118514 52.178970 99.467972 -5.748019 10.660340 12.363000 24.998518 -11.732836 19.026047 -8.626269 7.371766 -3.416533 34.527294 1.991934 7.133544 -22.672724 -33.790375 0.000076 -0.002516 -0.004655 -11.668495 -67.824539 2.009032 -79.386284 66.989334 -89.137093 -8.020219 -12.064918 -13.564491 -0.000332 -0.002539 0.007073 
-18.001301 0.000000 106.766533 -136.112747 -0.000000 0.000000 -8.289857 14.223427 14.257811 -1.134561 5.850030 0.377514 -1.987797 11.537536 0.362674 -1.901372 11.412168 0.087557 -9.488912 -7.689536 -19.727901 -29.760069 -0.171869 24.148151 -5.156203 -0.280773 -10.135274 -12.679219 9.432247 -43.374344 -102.723846 -2.937362 -5.455678 -7.436274 25.759230 6.417242 4.927844 0.007529 12.883410 8.933619 14.391042 51.943760 98.552681 -5.709096 10.745240 12.642792 24.651575 -11.537588 20.216698 -6.956254 7.514641 -2.769708 30.738449 2.252295 6.746179 -18.541172 -34.514996 0.000062 -0.002510 -0.004492 -15.047171 -66.720833 3.994645 -75.311577 68.453369 -84.808823 -7.572787 -12.206693 -9.533900 -0.000342 -0.002558 0.007056 
-17.744047 0.000000 105.107430 -137.913788 -0.000000 0.000000 -8.416327 15.774426 14.536110 -1.221834 5.583283 0.334011 -2.087353 10.946305 0.245464 -1.970480 10.819277 -0.038687 -8.745822 -8.018353 -19.869413 -29.088104 -0.397636 23.734482 -4.351902 -0.310356 -10.344282 -12.205642 12.512490 -44.497887 -101.265137 -2.912917 -5.412238 -7.400546 25.590298 6.469693 5.147092 0.004765 12.672210 9.975043 15.634114 51.472530 96.690285 -5.572024 10.630404 12.654322 24.439228 -10.725784 20.749542 -5.934601 7.366730 -2.188896 28.357914 2.820783 6.073068 -12.914217 -35.437263 0.000051 -0.002483 -0.004354 -16.982241 -64.738419 5.286190 -68.547806 70.826172 -77.436081 -6.778098 -13.861850 -4.089510 -0.000347 -0.002575 0.006949 
-17.472075 0.000000 103.197647 -139.644974 -0.000000 0.000000 -8.862710 17.119394 14.512497 -1.356783 5.311535 0.247420 -2.230760 10.319140 0.072145 -2.062140 10.191534 -0.202810 -8.264647 -8.150043 -19.408752 -28.184980 -0.721815 23.294592 -3.607796 -0.336113 -10.777963 -12.112238 14.817420 -45.835613 -98.713074 -2.737956 -5.130754 -7.027709 25.499224 6.383975 5.319866 -0.061817 12.823812 11.173873 16.464592 51.063278 93.866409 -5.276102 10.206376 12.028748 25.125381 -9.653103 20.651842 -5.658200 7.417595 -1.621259 27.950150 3.668134 4.897530 -6.568133 -35.940376 0.000036 -0.002401 -0.004322 -18.566486 -61.920940 6.584808 -58.089828 72.406914 -66.225555 -5.911474 -16.881378 0.091069 -0.000355 -0.002608 0.006807 
-17.150520 0.000000 101.075409 -141.320175 -0.000000 0.000000 -9.483215 18.357742 14.473035 -1.379450 5.090792 0.132660 -2.151650 9.812836 -0.158273 -1.925859 9.693981 -0.425384 -7.942477 -8.463725 -19.018688 -27.495573 -0.865608 23.034597 -2.941716 -0.366467 -11.420248 -12.339746 16.950266 -46.921188 -95.480202 -2.753794 -4.982824 -6.470750 26.442049 6.049208 5.580617 -0.150331 13.129823 12.647168 16.025162 50.969780 90.688293 -4.983667 9.694944 11.133093 26.253010 -9.310571 20.107052 -6.236056 7.137267 -1.034405 29.256226 5.118570 2.932640 0.182977 -34.649506 0.000028 -0.002297 -0.004404 -20.003277 -59.105675 7.696293 -48.224243 72.788765 -55.404800 -5.445960 -20.492527 2.157606 -0.000360 -0.002666 0.006729 
-16.786707 0.000000 98.757812 -142.936096 -0.000000 0.000000 -10.268723 19.292410 14.509594 -1.265517 4.986041 -0.008294 -1.871897 9.575329 -0.396785 -1.605657 9.479077 -0.640468 -7.952034 -9.325300 -18.375975 -27.078577 -0.888375 22.687355 -2.736261 -0.372709 -11.761740 -12.400290 18.994106 -48.380501 -91.186150 -2.683827 -4.632073 -5.945685 27.240921 5.933560 5.822526 -0.239890 13.454208 14.297470 14.520189 50.813522 87.294846 -4.686514 9.141658 10.152431 27.405428 -9.120411 18.984898 -7.600279 6.250202 -0.239047 32.817234 7.260180 1.165168 6.268716 -31.851305 0.000030 -0.002222 -0.004460 -20.705780 -56.344543 8.136722 -41.698563 72.033577 -48.260326 -5.192210 -23.816000 2.305596 -0.000357 -0.002713 0.006625 
-16.381346 0.000000 96.233711 -144.495728 -0.000000 0.000000 -11.691875 20.233671 14.315354 -1.060792 4.946177 -0.084225 -1.429021 9.518948 -0.527588 -1.119844 9.440550 -0.744271 -7.495935 -10.139146 -18.318493 -26.596436 -0.929361 22.471006 -2.390843 -0.445516 -11.907680 -12.440718 20.799093 -50.506401 -86.501617 -2.533257 -3.889953 -5.821011 27.190617 6.303902 6.334045 -0.235840 13.419464 15.728441 12.517332 49.957874 84.665245 -4.339728 8.380955 9.304957 27.775049 -9.315379 17.460249 -9.948135 5.366311 0.567191 38.394402 9.314324 -0.534804 12.146272 -27.820162 0.000039 -0.002249 -0.004351 -21.247152 -53.781475 8.960999 -36.590923 70.484840 -43.393044 -4.094580 -25.241955 0.516246 -0.000349 -0.002685 0.006622 
-15.974101 0.000000 93.511490 -146.006714 -0.000000 0.000000 -13.348662 21.044029 13.811367 -0.841366 5.001673 -0.111719 -0.955861 9.629107 -0.608903 -0.602084 9.551126 -0.814032 -6.957234 -10.744061 -18.612305 -26.350986 -1.183557 22.567873 -2.005296 -0.481717 -12.101775 -12.131753 22.333889 -52.131535 -82.073303 -2.401435 -3.272041 -5.506361 27.153635 6.431057 7.031045 -0.247613 13.273737 16.527136 9.828416 48.604095 82.867142 -3.969909 7.463028 8.563659 27.892984 -8.967196 15.492932 -13.100684 4.089862 1.525149 45.313778 10.774776 -1.897661 18.269699 -21.903248 0.000056 -0.002286 -0.004237 -21.286861 -51.294807 10.073666 -31.604799 69.345604 -38.379639 -2.663415 -25.616335 -1.433268 -0.000335 -0.002664 0.006453 
-15.568818 0.000000 90.590866 -147.488739 -0.000000 0.000000 -14.700725 21.661516 12.930229 -0.604365 5.094314 -0.107340 -0.488451 9.822099 -0.640434 -0.112919 9.755690 -0.848328 -6.284098 -11.157552 -18.912411 -26.007158 -1.533100 22.789082 -1.692317 -0.488297 -12.371463 -12.348639 23.555494 -53.171646 -77.104202 -1.922856 -2.088790 -4.923978 25.832085 6.176208 7.789894 -0.263579 13.238253 16.341448 6.429283 47.225334 82.208160 -3.759412 6.925371 8.083711 26.937893 -8.761167 13.344663 -16.777388 2.915625 1.532542 53.017181 10.328405 -2.215041 22.080925 -14.953170 0.000071 -0.002345 -0.003974 -20.833153 -48.702690 10.810851 -26.851103 68.677628 -33.663338 -1.652766 -24.694946 -2.396398 -0.000324 -0.002639 0.006162 
-15.151051 0.000000 87.491623 -148.963135 -0.000000 0.000000 -15.769216 21.985588 12.004830 -0.377174 5.179563 -0.112624 -0.048115 10.032151 -0.694914 0.346881 9.984159 -0.911249 -6.024147 -11.632503 -19.044508 -25.989527 -1.709468 22.982847 -1.470403 -0.452420 -12.527745 -12.643388 24.384411 -54.137440 -72.081818 -1.422115 -0.594003 -4.153398 23.540586 5.616750 8.205297 -0.322472 13.567816 15.547301 3.871063 45.889351 83.230247 -3.726649 6.846637 8.000667 25.427711 -8.863521 11.328409 -20.913551 2.189205 0.185942 61.686440 8.351569 -2.708415 20.143862 -9.992025 0.000067 -0.002349 -0.003636 -19.353331 -46.170601 10.656481 -22.958979 67.932617 -29.700916 -0.966257 -24.004116 -3.494602 -0.000323 -0.002643 0.005788 
-14.711306 0.000000 84.213333 -150.434601 -0.000000 0.000000 -16.378515 22.317228 11.019738 -0.190496 5.265655 -0.088564 0.269569 10.268573 -0.667528 0.635935 10.238286 -0.893697 -5.843600 -12.290165 -18.834248 -25.740896 -2.224335 22.969812 -1.412082 -0.436111 -12.526736 -13.039756 25.750404 -55.339725 -68.602333 -1.491467 0.176708 -3.315781 22.445435 5.015989 8.475479 -0.296744 13.798334 14.456484 1.002892 44.697994 85.138969 -3.773712 6.924241 7.671469 24.470800 -8.635927 10.212307 -25.464617 1.080263 -0.257757 70.098907 6.762499 -3.133219 15.142926 -7.893790 0.000071 -0.002384 -0.003492 -18.201519 -43.460236 10.690643 -19.153059 66.669708 -25.842987 -0.156255 -23.826841 -4.700963 -0.000314 -0.002604 0.005644 
-14.279125 0.000000 80.758575 -151.908417 -0.000000 0.000000 -16.721252 22.715666 10.236941 -0.010721 5.337885 -0.121201 0.567016 10.462108 -0.720101 0.913935 10.445342 -0.947974 -6.098279 -13.037354 -18.262743 -25.587982 -2.878837 22.808899 -1.269527 -0.455293 -12.485931 -13.229020 27.940718 -56.550854 -65.263817 -1.373650 0.007367 -2.678369 20.921751 4.879292 8.616720 -0.227922 13.849552 13.199095 -2.418057 44.056580 87.155746 -3.962119 7.199315 7.304811 24.335030 -8.394560 10.460988 -31.061834 -0.388676 2.552806 77.579361 8.360380 -2.865088 10.420095 -7.704004 0.000077 -0.002388 -0.003562 -17.483503 -40.435390 10.499617 -15.982690 64.588158 -22.499157 0.620595 -23.684698 -5.684330 -0.000304 -0.002580 0.005590 
-13.856899 0.000000 77.119194 -153.393234 -0.000000 0.000000 -13.813942 19.424961 9.345555 -0.179725 5.114624 0.022785 0.191444 10.006402 -0.181278 0.457315 9.942276 -0.357638 -1.652309 -15.561695 -13.461683 -16.045603 -2.829675 16.940922 -3.024061 -0.502240 -14.341210 -9.557001 13.494964 -48.263119 -85.347855 -3.825197 -6.835660 -5.543661 29.644993 4.724708 7.186598 -0.373032 14.048711 11.982365 2.744165 43.808212 91.744102 -3.613304 6.251033 6.257115 24.529593 -5.394769 10.056452 -21.048965 2.966143 3.401809 68.308022 11.549743 -2.575019 14.478204 -8.319450 0.000215 -0.002644 -0.005197 -22.702219 -42.504326 21.663752 -20.081503 68.144424 -26.408615 4.756268 -23.788345 -14.439009 -0.000174 -0.002308 0.005507 
-13.638064 0.000000 73.334923 -154.458572 -0.000000 0.000000 -14.795181 19.797781 9.103878 0.175741 5.155697 -0.033326 0.850041 10.061868 -0.253076 1.111897 9.986465 -0.421809 -1.184536 -16.317240 -14.010221 -15.906430 -2.804495 16.815454 -2.272878 -0.547339 -14.680532 -7.298573 14.539479 -48.146400 -84.644867 -3.886976 -6.873466 -5.139997 29.791319 4.858741 7.776903 -0.327250 14.047991 12.962218 -1.417619 42.416946 93.191933 -3.701336 6.401083 6.231081 24.330847 -5.923608 9.712066 -25.945419 1.464982 9.367385 75.047569 16.683321 -2.047191 10.892355 -7.820219 0.000214 -0.002665 -0.005235 -20.539904 -39.911041 20.085867 -17.261837 66.336296 -23.605276 5.365808 -23.920576 -15.575331 -0.000172 -0.002250 0.005637 
-13.372992 0.000000 69.390228 -155.540863 -0.000000 0.000000 -15.789250 20.169134 9.274008 0.542295 5.186543 -0.203653 1.562833 10.114584 -0.554598 1.851578 10.028468 -0.712325 -0.787700 -17.002159 -14.497607 -15.914310 -2.987557 16.627508 -1.301364 -0.548913 -14.820719 -5.031059 15.984380 -47.561478 -84.701370 -3.826761 -6.972259 -4.883190 28.841972 5.574793 8.588185 -0.275926 13.431960 13.847603 -6.222613 41.331181 94.991241 -3.883597 6.582886 6.522663 24.305363 -6.661107 10.785782 -31.938065 -1.336815 26.619986 80.228867 33.286739 -0.920263 8.100849 -6.856472 0.000210 -0.002639 -0.005408 -18.828253 -37.125103 18.229805 -14.688634 64.827286 -21.288355 5.965115 -23.752563 -16.304205 -0.000174 -0.002255 0.005713 
-13.072843 0.000000 65.287804 -156.650055 -0.000000 0.000000 -16.930357 20.582586 9.562094 0.947340 5.225942 -0.389047 2.341667 10.208891 -0.894849 2.649160 10.107329 -1.040499 -0.116223 -17.711382 -15.290971 -16.018562 -3.275345 16.564354 -0.385192 -0.523766 -14.905060 -2.893171 17.551336 -46.844452 -85.481995 -3.772177 -7.195234 -4.911647 27.287563 6.668265 9.521105 -0.173964 12.531403 14.694339 -11.549063 40.285332 97.150574 -4.035763 6.756003 6.954219 24.468454 -7.606838 12.966773 -38.430267 -5.131592 57.196285 82.532913 63.566647 0.121690 5.686224 -5.228532 0.000207 -0.002609 -0.005594 -17.118776 -34.148640 16.324684 -11.962320 63.257595 -19.067287 6.797061 -23.505327 -17.149160 -0.000176 -0.002264 0.005787 
-12.737791 0.000000 61.014294 -157.773697 -0.000000 0.000000 -18.027660 20.970959 9.856723 1.350898 5.269993 -0.563482 3.127521 10.304777 -1.215212 3.449804 10.175790 -1.357121 0.777732 -18.321693 -16.244997 -16.083908 -3.476250 16.627014 0.583088 -0.446847 -14.922315 -0.889669 19.366310 -45.650818 -86.946083 -3.703865 -7.439703 -5.125892 25.513824 7.579104 10.711771 -0.062529 11.375694 15.246387 -17.253929 39.484104 99.701675 -4.294253 7.107279 7.430580 24.793613 -8.309571 16.348307 -44.973431 -10.204757 85.418190 82.311905 91.480255 0.769425 3.436043 -3.585958 0.000199 -0.002553 -0.005782 -15.516257 -30.723925 14.236554 -9.048789 60.875813 -16.603401 7.846184 -23.522604 -18.415359 -0.000185 -0.002305 0.005834 
-12.375454 0.000000 56.568645 -158.898193 -0.000000 0.000000 -18.615961 21.204510 10.160227 1.728633 5.299257 -0.705163 3.835576 10.359213 -1.482679 4.140504 10.190819 -1.619040 1.343091 -18.661024 -17.103088 -16.449743 -3.457545 16.756966 1.257763 -0.369859 -14.506727 0.944519 21.389372 -44.381947 -88.976440 -3.653756 -7.679037 -5.438791 23.885504 8.121343 11.836055 0.094389 10.027141 15.468374 -22.638695 38.651318 102.583710 -4.514773 7.476231 8.175865 24.920923 -8.712530 20.206985 -50.556355 -15.805726 91.758018 82.007889 97.269424 0.725594 0.980964 -3.194998 0.000187 -0.002490 -0.005865 -13.995810 -26.737251 11.990252 -6.336039 57.276134 -14.428885 8.668202 -23.402565 -19.636341 -0.000199 -0.002369 0.005827 
-11.972666 0.000000 51.960732 -160.020706 -0.000000 0.000000 -18.856285 21.353588 10.366350 2.050214 5.306823 -0.829055 4.515218 10.360276 -1.712510 4.828943 10.155844 -1.835879 1.537695 -18.814440 -17.833494 -17.020050 -3.009993 16.856012 1.563196 -0.290964 -13.734765 2.530459 23.929039 -42.944115 -91.504921 -3.741079 -7.886473 -5.624666 22.558283 8.433966 12.610076 0.275300 8.641372 15.661964 -27.395111 37.729397 105.486290 -4.766700 7.929733 8.964238 25.085699 -9.045278 24.167532 -55.697422 -21.113897 81.918541 82.200706 86.716393 0.567160 -1.137264 -3.552998 0.000178 -0.002451 -0.005922 -12.769629 -22.382456 10.316401 -4.068033 52.742615 -12.566187 9.438709 -22.709080 -21.211895 -0.000215 -0.002431 0.005849 
-11.530821 0.000000 47.184422 -161.153503 -0.000000 0.000000 -18.798964 21.508680 10.258446 2.363524 5.206036 -0.889531 5.181082 10.111614 -1.804577 5.501720 9.879081 -1.904613 1.192054 -18.931555 -18.131664 -17.562723 -2.196266 16.999144 1.571967 -0.247085 -12.757216 3.720408 27.041735 -41.900105 -94.212608 -3.783003 -7.980655 -5.952252 21.092215 8.853505 12.899821 0.469172 7.255699 15.685367 -30.464535 37.037601 108.308281 -4.991649 8.385767 9.871833 24.490644 -9.474738 29.721128 -60.516975 -27.845348 62.435459 81.662941 66.050278 0.706855 -2.472259 -4.415430 0.000177 -0.002469 -0.005922 -11.880556 -17.187172 9.038502 -1.074424 47.287025 -10.315832 9.648392 -19.878782 -21.977444 -0.000221 -0.002420 0.005809 
-11.047460 0.000000 42.245205 -162.307816 -0.000000 0.000000 -18.141153 21.492119 10.026963 2.675386 5.090466 -0.986473 5.766015 9.819320 -1.976142 6.058020 9.552299 -2.038161 0.093046 -19.101151 -17.352163 -17.765047 -1.422679 16.846451 0.980620 -0.198679 -11.742953 4.967785 29.870377 -40.831463 -96.604301 -3.868150 -8.183088 -6.498332 19.356365 9.583480 12.522664 0.491148 6.388744 16.087757 -31.316338 36.138420 110.534103 -5.098242 8.628350 10.559559 23.762117 -10.222639 35.688400 -63.390976 -34.437016 38.962868 78.921249 42.013100 0.785151 -3.511055 -5.903285 0.000186 -0.002485 -0.005977 -11.407474 -11.570614 7.525777 2.543374 41.146397 -7.431954 9.042645 -14.371920 -21.359568 -0.000217 -0.002426 0.005763 
-10.538385 0.000000 37.168358 -163.486023 -0.000000 0.000000 -16.989628 21.255978 9.862108 2.943938 5.027544 -1.170280 6.247769 9.630951 -2.294366 6.530601 9.330832 -2.313035 -1.306173 -19.349190 -15.907162 -17.827738 -0.705250 16.590271 -0.033981 -0.139035 -10.682686 5.970636 31.580542 -40.004646 -98.392220 -3.936968 -8.416130 -7.002502 17.719048 9.792721 11.688005 0.423034 5.869779 16.273258 -30.327969 35.304787 112.144096 -5.163390 8.793080 11.013447 22.928612 -10.664506 40.877537 -64.860100 -40.257046 22.792673 74.855560 25.260813 0.359236 -4.369385 -7.230070 0.000196 -0.002535 -0.005924 -10.862975 -6.213252 6.249954 5.390357 35.468899 -4.818949 7.764956 -7.723463 -19.114674 -0.000210 -0.002388 0.005678 
-10.019445 0.000000 31.964420 -164.711884 -0.000000 0.000000 -15.494208 20.954237 9.495056 3.148814 4.981032 -1.339192 6.612459 9.460394 -2.555948 6.878360 9.125221 -2.522225 -2.425908 -19.909590 -14.893580 -18.175869 0.096839 16.446335 -1.451243 -0.029386 -9.920615 6.600700 31.617121 -39.503693 -99.135071 -4.172106 -8.719967 -7.282308 17.296562 9.414745 10.653081 0.324501 5.650685 17.255226 -27.963463 34.598309 113.352005 -5.042501 8.671968 11.070833 21.806318 -11.084661 44.764866 -65.123436 -44.883759 11.459576 69.578438 13.115037 -0.464287 -4.868466 -8.753507 0.000209 -0.002563 -0.005983 -10.503140 -0.581405 5.440785 8.426520 29.095604 -2.010173 6.321513 2.233811 -14.552708 -0.000195 -0.002344 0.005564 
-9.471781 0.000000 26.638630 -165.990082 -0.000000 0.000000 -13.760168 20.713280 8.868854 3.271846 4.908780 -1.434319 6.825689 9.233580 -2.666858 7.061274 8.853321 -2.585217 -3.261127 -20.812138 -14.153724 -18.495827 1.215374 16.106859 -2.726684 0.071183 -9.739470 6.419363 30.610516 -39.598701 -99.094009 -4.286459 -8.904463 -7.419679 17.245922 8.631501 9.675897 0.203613 5.709359 19.201509 -24.477301 33.956810 113.872208 -4.835358 8.421265 11.058933 20.458662 -11.599289 46.005375 -64.200279 -46.628178 4.116941 63.218212 5.304321 -0.993262 -5.165496 -10.887541 0.000212 -0.002512 -0.006055 -11.022684 4.663599 4.557557 11.150004 23.058460 0.415560 6.726840 12.572718 -7.271113 -0.000187 -0.002369 0.005390 
-8.860170 0.000000 21.201775 -167.322617 -0.000000 0.000000 -12.041635 20.547972 8.030793 3.380197 4.778908 -1.494291 7.027309 8.943433 -2.742382 7.238473 8.543499 -2.619641 -3.644468 -21.523293 -13.833335 -18.685946 2.237464 15.849874 -3.698777 0.113331 -9.979143 5.778199 29.434460 -40.065220 -98.294777 -4.282831 -8.933861 -6.899541 18.840200 7.310648 8.743607 0.111539 5.894982 21.091618 -20.173792 33.424881 113.828621 -4.711534 8.140575 10.778903 19.744184 -11.720530 46.005444 -62.927826 -46.857723 -0.146525 58.013165 0.553397 -1.320877 -5.083126 -11.677911 0.000208 -0.002434 -0.006046 -11.749947 8.469268 4.288917 13.301634 19.340828 1.004868 8.436564 22.124914 2.220627 -0.000184 -0.002420 0.005280 
-8.172913 0.000000 15.664276 -168.691376 -0.000000 0.000000 -10.565224 20.391336 6.914221 3.404384 4.570921 -1.409667 7.126820 8.540419 -2.557436 7.343495 8.161411 -2.428627 -3.211639 -21.374744 -13.784531 -18.149639 2.801167 15.432572 -3.934213 0.039060 -10.740572 5.458332 28.033819 -40.604221 -96.879044 -4.277779 -8.749133 -6.391618 19.809731 6.426598 8.182928 0.050029 6.326160 22.374834 -14.498053 33.158073 112.858665 -4.623524 7.975638 10.122606 20.275089 -10.615375 44.417652 -61.402119 -45.662331 -0.704269 54.900932 -0.174007 -1.081111 -5.538424 -11.350925 0.000203 -0.002380 -0.005955 -11.576061 10.110932 5.413871 14.018804 19.748116 0.829120 10.151059 27.780750 9.556138 -0.000187 -0.002479 0.005230 
-7.438266 0.000000 10.028763 -170.099823 -0.000000 0.000000 -9.241169 20.064358 5.992772 3.312923 4.435658 -1.252677 6.963713 8.280522 -2.247278 7.181792 7.929447 -2.117254 -2.748299 -21.515106 -13.067371 -16.854748 2.933578 14.462952 -3.676549 -0.107295 -11.827700 5.118581 25.735346 -41.400375 -95.360924 -4.290975 -8.564307 -6.138052 20.543324 6.253960 8.055006 0.051156 7.186051 23.768433 -9.011778 33.949013 111.247917 -4.542342 7.879101 9.594690 20.740606 -9.011495 42.738106 -59.559498 -44.286201 0.162621 53.271847 1.065654 -1.450033 -5.329612 -8.575940 0.000213 -0.002398 -0.005864 -9.879001 9.396152 6.412586 13.115066 24.687595 0.696310 9.717292 29.475445 11.882064 -0.000185 -0.002487 0.005141 
-6.672312 0.000000 4.324276 -171.580902 -0.000000 0.000000 -7.509843 19.325817 5.554313 2.991624 4.436213 -1.198342 6.296985 8.310949 -2.120959 6.532212 7.998864 -1.988853 -3.027688 -21.922009 -11.631639 -15.604502 2.829693 13.601692 -3.253949 -0.225983 -12.969954 4.041782 22.878521 -42.744827 -93.410080 -4.368995 -8.683465 -6.027143 20.747604 6.757439 7.821503 -0.013646 8.318598 24.773525 -4.239811 35.545544 109.171692 -4.476691 7.743701 9.239357 20.897423 -7.644052 41.212997 -56.389103 -42.879951 2.549347 53.147511 4.943315 -1.437067 -5.693624 -2.312154 0.000226 -0.002394 -0.006023 -9.169915 7.876788 7.245442 11.200479 32.366089 0.656307 7.527426 28.453114 9.308890 -0.000174 -0.002494 0.005036 
-5.863463 0.000000 -1.433188 -173.149185 -0.000000 0.000000 -5.969998 18.329672 5.124887 2.627331 4.479849 -1.173210 5.536941 8.411730 -2.061078 5.751756 8.125505 -1.928273 -3.910564 -21.963526 -9.464602 -14.482333 2.243859 12.638642 -3.023731 -0.365956 -13.964152 2.709749 19.560173 -43.975784 -91.130188 -4.188173 -8.492782 -5.473361 20.590054 7.424345 7.569510 -0.069500 9.204281 24.427046 0.582637 37.826832 106.480263 -4.203384 7.346843 8.596392 21.329227 -5.989411 37.840183 -53.064903 -40.120964 5.812796 54.398647 9.654091 -0.931435 -8.874209 4.939979 0.000232 -0.002446 -0.005903 -10.253885 5.737165 7.581159 9.339270 41.336254 -0.407888 5.424498 26.179132 7.215896 -0.000165 -0.002434 0.004909 
-5.079154 0.000000 -7.314366 -174.785065 -0.000000 0.000000 -4.708057 17.242508 4.771333 2.166182 4.582321 -1.183293 4.655214 8.622640 -2.097888 4.878944 8.365053 -1.969618 -4.904913 -21.895353 -7.282122 -13.561445 1.325300 11.852968 -2.980668 -0.483386 -14.885845 1.546502 16.042374 -44.854168 -89.324997 -3.998938 -8.205331 -4.867812 19.956953 7.586595 7.183398 -0.109214 9.918634 23.809153 4.470412 40.452770 103.375870 -3.907103 6.887585 7.543209 22.585440 -4.471402 33.491310 -50.046978 -36.412045 8.695248 56.512249 13.281401 -0.662713 -14.142054 7.047678 0.000237 -0.002464 -0.005830 -12.129940 2.437293 6.998244 6.947229 51.033073 -1.908080 4.236573 22.936550 6.522908 -0.000154 -0.002406 0.004770 
-4.280149 0.000000 -13.293949 -176.462738 -0.000000 0.000000 -3.138855 16.244015 4.789017 1.589998 4.702140 -1.331779 3.526417 8.917285 -2.426195 3.776043 8.709611 -2.313337 -5.368535 -21.943205 -5.571714 -12.667648 0.695949 11.464604 -2.864002 -0.549574 -16.038712 0.356997 11.793032 -44.355915 -88.053703 -3.986889 -7.953744 -4.123618 20.003448 7.406714 6.706525 -0.172777 10.624918 23.337946 7.387240 43.035713 99.255981 -3.595861 6.460880 6.308891 24.870308 -3.446744 29.565073 -47.364769 -32.773533 10.482821 58.923969 15.470069 0.543920 -18.248821 3.927096 0.000240 -0.002487 -0.005864 -13.644662 -2.425100 5.739415 4.101426 61.212337 -3.888126 3.187268 19.598162 4.884110 -0.000148 -0.002396 0.004668 
-3.449118 0.000000 -19.370592 -178.171097 -0.000000 0.000000 -1.378567 15.630124 5.005979 1.054245 4.799832 -1.481147 2.385214 9.127203 -2.806225 2.605327 8.951963 -2.735674 -5.016302 -22.048002 -4.371789 -11.572581 0.320077 11.108849 -2.824565 -0.634645 -17.322632 -1.652938 6.135357 -43.443386 -87.477188 -4.069207 -7.886303 -3.107503 21.263813 6.960829 6.292933 -0.197101 11.492900 21.771566 9.387564 45.529228 94.916534 -3.604401 6.343002 4.804173 27.574640 -2.597147 26.460796 -43.855141 -30.048203 11.404448 59.798912 16.808054 1.584949 -21.917965 1.153025 0.000244 -0.002540 -0.005860 -14.198425 -8.793220 4.572358 -1.758096 71.197662 -8.654795 1.629287 15.955797 1.964199 -0.000147 -0.002384 0.004729 
-2.605543 0.000000 -25.530697 -179.898895 -0.000000 0.000000 -0.263293 14.614126 6.954025 0.997461 4.555087 -1.955201 2.057093 8.590447 -3.838007 2.198171 8.403923 -3.784996 -3.026754 -21.725653 -6.622937 -12.971478 2.575225 13.226320 -1.347198 -0.591094 -17.914629 -3.793060 0.950889 -42.783836 -92.937088 -2.385279 -4.623477 -0.052244 20.346710 3.753387 6.009428 -0.346589 13.734209 9.790269 8.170626 46.340698 86.335014 -5.021558 9.235516 3.928719 27.792776 -8.092896 24.070215 -41.086029 -26.737589 12.386971 63.332714 17.411224 2.183826 -24.722483 -0.297192 0.000056 -0.002263 -0.004528 -14.105077 -13.609810 1.327949 -42.543064 80.215256 -50.928047 -1.201914 12.277694 -0.547238 -0.000352 -0.002708 0.006348 
-1.517876 0.000000 -32.036827 178.214630 0.000000 0.000000 1.211111 14.778830 6.873560 0.729334 4.440248 -2.033570 1.444158 8.367302 -4.034256 1.547400 8.173914 -4.000308 -2.961502 -22.121994 -5.552135 -12.451153 2.227051 12.909234 -2.224168 -0.659064 -17.811977 -6.243235 -6.254951 -42.574120 -94.454773 -2.396222 -4.648402 -0.389809 22.032207 3.390808 4.974247 -0.370314 14.663404 6.921412 10.755294 46.550800 85.162254 -5.145330 9.514993 3.490230 27.220091 -8.668464 22.747499 -37.657841 -24.276484 11.067547 63.398418 16.346333 2.328619 -27.642305 -1.821228 0.000046 -0.002267 -0.004447 -13.309913 -21.219503 2.089547 -90.107178 80.266808 -98.837524 -1.957320 7.914568 -3.740578 -0.000362 -0.002700 0.006509 
-0.424906 0.000000 -38.622631 176.386841 0.000000 0.000000 2.471141 14.909585 5.889835 0.421164 4.321052 -1.853708 0.766324 8.198225 -3.678965 0.822015 7.997152 -3.669188 -2.344912 -22.217575 -5.237711 -11.907089 1.674003 12.731451 -3.258007 -0.738245 -17.180811 -8.597901 -12.898043 -42.695412 -97.024727 -2.305063 -4.642591 -1.214942 22.952040 3.914804 4.115982 -0.333573 15.277531 3.796497 12.881525 45.790123 85.644257 -5.405998 10.135109 3.638121 25.516666 -9.193539 20.925352 -34.166988 -20.650236 8.644893 62.156384 14.449478 1.982628 -29.781109 -2.850397 0.000042 -0.002346 -0.004203 -13.261585 -29.705727 4.418962 -110.094330 75.739548 -119.357178 -3.232584 4.022799 -6.476038 -0.000373 -0.002633 0.006824 
0.668741 0.000000 -45.291130 174.627899 0.000000 0.000000 3.688160 14.959372 4.737617 0.068317 4.126151 -1.557739 0.016232 7.886907 -3.105374 0.036451 7.687027 -3.121692 -1.619491 -22.193224 -5.002920 -10.881697 1.261815 12.089179 -4.206403 -0.770797 -15.672727 -9.934711 -17.767368 -42.941162 -100.673637 -2.218493 -4.757658 -2.669830 23.146976 4.824660 3.076554 -0.202899 14.953766 1.550431 15.960162 44.940022 87.739571 -5.559979 10.597870 4.393002 23.436340 -9.601094 19.056402 -29.706984 -16.820551 6.033762 59.762157 12.241824 1.532889 -30.549904 -3.807839 0.000040 -0.002416 -0.003984 -14.625946 -38.129261 7.751406 -114.119812 71.935913 -123.745697 -4.528065 0.658746 -8.459968 -0.000377 -0.002540 0.007016 
1.809434 0.000000 -52.071602 172.953690 0.000000 0.000000 4.673219 15.098414 3.664114 -0.394047 3.879439 -1.235127 -0.958751 7.457849 -2.499637 -0.980137 7.280287 -2.543151 -1.042539 -22.310753 -4.666631 -9.586938 1.304899 10.888453 -4.986162 -0.733890 -13.710310 -9.473780 -21.613636 -43.873615 -104.916779 -2.199883 -5.062656 -4.072300 22.263237 6.061030 2.208907 -0.076267 14.064454 0.436237 19.600813 43.784142 90.673920 -5.794327 10.860987 5.366342 20.703186 -10.394274 17.703285 -24.440454 -13.254832 3.624473 55.805389 10.335347 1.144746 -29.870260 -5.054191 0.000036 -0.002408 -0.003996 -16.907486 -45.941746 11.673003 -111.451828 70.372856 -121.276016 -5.149155 -1.806360 -9.546683 -0.000379 -0.002527 0.007115 
3.027672 0.000000 -58.941795 171.366226 0.000000 0.000000 5.596853 15.270847 2.796327 -0.990205 3.604793 -0.942295 -2.157884 6.954602 -1.994850 -2.192840 6.798938 -2.080479 -0.259621 -22.082827 -3.884065 -7.497625 1.435755 9.279337 -5.510353 -0.655397 -11.656808 -8.954762 -24.279152 -44.697369 -108.979073 -2.246011 -5.375468 -5.446554 20.885227 7.508177 1.651240 0.029142 12.854487 -0.806701 23.500010 42.692001 93.548409 -6.000096 11.075789 6.421349 18.099203 -11.363096 17.253428 -18.824875 -10.542898 1.899795 51.282913 9.338658 0.564465 -27.826813 -5.995269 0.000036 -0.002380 -0.004034 -19.778900 -52.884430 15.764446 -103.035553 71.210930 -112.603195 -4.916276 -4.773708 -8.601556 -0.000379 -0.002564 0.007087 
4.321515 0.000000 -65.913734 169.920761 0.000000 0.000000 6.152663 15.304249 1.848253 -1.626888 3.389353 -0.655924 -3.388184 6.548008 -1.470869 -3.442516 6.393902 -1.585684 0.957511 -22.042448 -3.056159 -4.851193 1.988856 7.474345 -5.822209 -0.540911 -9.650932 -9.449547 -25.702635 -44.732124 -112.714333 -2.454937 -5.788867 -6.708812 19.602989 8.802889 1.775097 0.129448 11.444750 -2.588648 27.499489 41.340561 96.003532 -6.232133 11.313738 7.567495 15.674274 -12.315238 16.384666 -12.775637 -7.552091 0.836533 45.691589 8.759029 0.303079 -23.479013 -6.983696 0.000038 -0.002361 -0.004218 -21.987747 -57.567665 19.589836 -83.397484 73.007713 -92.322884 -4.812628 -6.238998 -6.993746 -0.000378 -0.002600 0.007034 
5.658551 0.000000 -72.966957 168.638931 0.000000 0.000000 6.145873 15.055113 0.812143 -2.267171 3.237149 -0.312033 -4.583621 6.262311 -0.814384 -4.632596 6.120643 -0.949804 2.403337 -22.062874 -2.339645 -2.102507 2.719710 5.365160 -5.607000 -0.446014 -7.927838 -10.363995 -25.401373 -44.742245 -115.881241 -2.579589 -6.026330 -7.945624 18.293455 9.987175 2.332867 0.258829 9.951860 -3.804219 31.196499 40.599503 97.959778 -6.291402 11.506379 8.558380 13.923820 -12.800117 16.148861 -6.636723 -4.460460 -0.675155 40.467892 7.407583 -0.040848 -16.126238 -7.709576 0.000041 -0.002362 -0.004298 -24.453274 -60.448757 23.469219 -57.426792 72.830437 -65.272598 -4.114820 -6.640081 -6.064235 -0.000376 -0.002613 0.006999 
7.045449 0.000000 -80.083427 167.514648 0.000000 0.000000 5.607639 14.553638 -0.183424 -2.784365 3.108800 0.018177 -5.507298 6.031730 -0.191607 -5.504303 5.899962 -0.340485 3.639431 -22.342407 -1.602823 0.378952 3.719280 3.412709 -4.911376 -0.389543 -6.721060 -11.737642 -23.545227 -44.326332 -118.457832 -2.651824 -6.121085 -8.813818 17.223141 10.143926 3.241970 0.389421 8.755786 -4.606396 34.547844 41.016663 99.294830 -6.280986 11.521619 8.992954 12.889186 -12.793579 16.370024 -0.284407 -1.428150 -2.865753 34.828094 5.200054 -1.114820 -4.677784 -8.142211 0.000046 -0.002364 -0.004295 -25.982710 -61.475204 26.545324 -31.715664 68.311737 -38.435314 -3.230983 -5.682436 -4.877959 -0.000372 -0.002617 0.007008 
8.485600 0.000000 -87.242874 166.553268 0.000000 0.000000 4.696538 13.873730 -1.083673 -3.104416 3.014025 0.254420 -6.081692 5.839214 0.270862 -6.038625 5.696760 0.118040 4.710593 -22.667871 -0.817006 2.479018 4.980716 1.851244 -3.953191 -0.379150 -6.083627 -14.076633 -20.592693 -43.064663 -120.300331 -2.649161 -6.081798 -9.164566 16.450546 9.643167 4.254989 0.446752 8.406169 -4.858358 36.769138 42.060345 99.929932 -6.169278 11.449054 9.043524 12.830070 -12.670546 17.430407 6.108899 1.294363 -5.092772 29.036943 3.742383 -2.658627 9.284403 -10.420695 0.000044 -0.002346 -0.004239 -27.832760 -60.860023 30.070011 -16.477884 60.367851 -23.136740 -2.518470 -4.699508 -2.315489 -0.000373 -0.002647 0.006997 
9.993664 0.000000 -94.434700 165.729675 0.000000 0.000000 3.439379 13.251539 -1.749189 -3.256257 2.885564 0.368068 -6.312840 5.617086 0.551654 -6.236623 5.483933 0.403652 5.311693 -23.047794 0.650803 4.713521 5.995218 0.154574 -3.017949 -0.414837 -6.015110 -16.843103 -16.321823 -42.211754 -121.809029 -2.614794 -5.953033 -8.939260 15.936419 8.264755 5.065509 0.445772 8.618824 -5.512246 37.885242 42.525784 100.166931 -6.187678 11.471869 9.045684 12.907571 -12.453921 19.063570 11.442536 3.448874 -7.028733 24.885958 2.964032 -4.906646 20.290430 -13.228556 0.000035 -0.002304 -0.004233 -28.038294 -58.798904 31.583767 -7.185815 50.955719 -13.970999 -1.164273 -4.631490 -0.480880 -0.000374 -0.002667 0.006964 
11.559437 0.000000 -101.690605 165.041779 0.000000 0.000000 1.883560 12.668558 -2.179052 -3.327096 2.743229 0.437918 -6.370290 5.363742 0.703835 -6.251743 5.254601 0.553438 5.946956 -23.092690 2.283021 7.191967 6.681896 -1.576842 -2.226173 -0.470811 -6.466234 -19.232220 -11.216106 -42.016014 -122.752861 -2.676847 -5.866160 -8.685461 15.306640 7.091601 5.730641 0.469367 8.940063 -5.882427 38.201965 43.312531 99.894722 -6.173781 11.362912 8.423315 13.626385 -11.263181 19.398952 15.245211 4.300725 -8.610012 23.819878 2.547914 -6.298956 26.079197 -12.650504 0.000039 -0.002323 -0.004197 -25.278564 -57.239403 29.996943 -2.312885 42.216290 -8.419232 0.021314 -4.907316 1.390190 -0.000365 -0.002625 0.006952 
13.140455 0.000000 -109.017494 164.545227 0.000000 0.000000 0.455936 12.064400 -2.179443 -3.289896 2.683668 0.385413 -6.291292 5.160527 0.618759 -6.171031 5.046964 0.472049 6.709080 -23.076557 3.073459 8.863676 6.804903 -2.493455 -1.791999 -0.549756 -7.683063 -21.439890 -5.965111 -42.016270 -122.617882 -2.688040 -5.711400 -8.464710 14.449046 6.335231 5.995419 0.445688 9.472463 -6.976754 37.676926 43.920616 99.574280 -6.011457 11.036904 7.450768 14.351864 -9.828217 16.942282 16.608715 3.018371 -10.347991 27.877943 1.797014 -6.809096 26.126980 -9.404615 0.000055 -0.002380 -0.004118 -22.249756 -56.221436 27.770271 -0.458503 35.459198 -5.375167 -0.130530 -4.780872 4.135866 -0.000351 -0.002581 0.006828 
14.684335 0.000000 -116.434792 164.221466 0.000000 0.000000 -0.274144 11.163421 -2.156292 -3.239908 2.832652 0.375382 -6.232795 5.357840 0.633548 -6.144257 5.249921 0.520846 6.875599 -23.104321 3.719363 10.020514 6.896856 -3.850195 -1.882805 -0.510655 -8.467698 -22.684874 -1.523921 -43.101543 -121.668968 -2.623463 -5.560616 -8.025717 14.209526 5.331537 5.077570 0.271778 10.081829 -7.884574 35.673489 44.241428 98.809616 -5.850221 10.872983 6.676732 15.260916 -8.747351 12.314633 16.342897 0.753181 -11.994503 35.847546 -0.718386 -7.484910 23.624687 -6.665828 0.000056 -0.002289 -0.004182 -22.045704 -54.311047 27.410337 -0.698103 31.886732 -4.547385 -0.915738 -4.597823 5.351840 -0.000344 -0.002642 0.006641 
16.205015 0.000000 -123.843552 164.065475 0.000000 0.000000 -0.488380 10.065203 -2.149312 -3.092488 3.097124 0.362931 -5.985740 5.846561 0.641805 -5.948757 5.757519 0.543513 6.671421 -23.376148 4.010279 10.492045 7.008475 -4.832890 -2.189213 -0.449716 -8.853749 -23.025339 2.356469 -45.114372 -119.657173 -2.628620 -5.528285 -7.401078 15.275089 3.882007 3.890364 0.085666 11.115235 -7.360837 32.805485 45.300877 97.313461 -5.742781 10.715956 6.100704 15.591696 -8.328359 9.172120 14.896594 -0.566513 -12.371676 44.101978 -3.699495 -7.929663 21.007908 -5.934905 0.000048 -0.002232 -0.004185 -22.549246 -51.726345 27.510113 -0.517585 32.138172 -4.827547 -0.968009 -4.869458 6.217400 -0.000349 -0.002685 0.006588 
17.740938 0.000000 -131.229340 164.046875 0.000000 0.000000 -1.089332 8.860057 -2.127333 -2.720286 3.323006 0.365982 -5.279500 6.323473 0.680942 -5.264000 6.267086 0.587505 6.746346 -23.429432 3.514919 10.264928 7.034802 -5.172496 -2.551346 -0.424500 -9.310328 -23.407803 6.032542 -48.101879 -116.798950 -2.554877 -5.348589 -6.580757 16.578531 2.179843 2.831765 -0.057392 12.272300 -5.975418 29.125370 46.749596 95.173538 -5.590969 10.589883 5.808231 16.083252 -8.858265 8.434886 12.627275 -0.681803 -11.715339 53.262108 -5.519830 -7.230256 19.381699 -7.091001 0.000035 -0.002215 -0.004120 -23.877762 -48.294296 28.103943 -0.197514 34.379578 -5.891694 -0.411698 -3.170316 5.361717 -0.000359 -0.002687 0.006664 
19.280621 0.000000 -138.573624 164.152954 0.000000 0.000000 -1.670747 7.483757 -2.270013 -2.227931 3.585774 0.469193 -4.341401 6.898130 0.891503 -4.362584 6.855792 0.804618 7.014649 -23.081722 2.787918 10.062087 6.786580 -5.993037 -3.167665 -0.389067 -9.647276 -23.209585 7.711057 -50.596596 -113.146446 -2.537185 -5.342065 -5.933501 18.672966 1.156507 2.076636 -0.181755 13.483771 -4.375775 25.269150 48.502682 92.752319 -5.193424 10.199652 5.368308 15.960417 -9.496390 9.117250 9.768387 0.672318 -10.642900 62.242062 -6.001658 -5.758634 17.983547 -7.009983 0.000043 -0.002218 -0.004027 -24.405161 -44.895592 28.178848 -0.934069 38.977383 -7.466451 1.035581 -4.245795 -0.503851 -0.000351 -0.002692 0.006565 
20.837362 0.000000 -145.948212 164.358597 0.000000 0.000000 -2.646719 6.225263 -2.472899 -1.717526 3.827080 0.574759 -3.324777 7.425960 1.087706 -3.358120 7.393523 1.003008 6.820053 -22.782793 2.306649 9.721502 6.578807 -6.505926 -3.628920 -0.403945 -10.316487 -21.961435 8.750492 -52.295662 -108.728912 -2.553103 -5.339785 -5.241713 21.699953 1.093312 1.403442 -0.241468 15.189104 -2.788937 20.825377 49.145527 90.722427 -4.955918 9.942089 4.584753 15.598315 -9.702736 11.025288 5.664358 2.169909 -7.005119 71.235191 -2.536309 -3.551469 15.990810 -4.714288 0.000063 -0.002211 -0.004053 -23.327959 -41.639580 27.442513 -2.164291 43.553036 -9.582560 2.216483 -7.555464 -5.689651 -0.000340 -0.002750 0.006394 
22.425341 0.000000 -153.367889 164.633881 0.000000 0.000000 -3.630993 5.304277 -2.982203 -1.300701 4.069189 0.781494 -2.420895 7.936282 1.485452 -2.432509 7.905988 1.420606 7.042384 -22.871029 1.608443 9.472406 6.353021 -6.970194 -3.532381 -0.409271 -11.490075 -19.808517 10.030600 -53.447502 -103.778793 -2.733599 -5.347176 -4.264968 25.472361 0.657521 1.254229 -0.338936 17.545225 -0.765944 15.137480 48.440861 88.517609 -4.836997 9.840319 3.122972 16.656065 -9.079504 12.846860 -0.165715 3.848386 2.127100 79.643028 6.839118 -1.825339 11.061726 -1.635310 0.000071 -0.002152 -0.004219 -21.825659 -38.494949 26.628103 -4.647840 47.757275 -12.431884 2.395512 -14.023624 -6.875007 -0.000335 -0.002817 0.006294 
23.987888 0.000000 -160.838867 164.947128 0.000000 0.000000 -4.515816 5.010416 -3.463563 -0.887529 4.163864 1.026044 -1.558942 8.146855 1.952828 -1.545993 8.141448 1.914646 7.388497 -23.103966 0.439817 9.062127 6.427116 -7.031279 -2.856096 -0.439988 -13.151959 -17.912893 11.121443 -54.152157 -99.011635 -3.068802 -5.481312 -2.942641 29.406185 -0.043808 1.725668 -0.433999 19.696589 1.481268 9.448237 47.520084 87.325684 -4.779412 9.572832 1.549335 18.025076 -8.359729 13.776015 -8.076383 4.666559 42.987240 86.018227 48.283035 -0.688019 6.632753 0.097384 0.000087 -0.002185 -0.004457 -19.834841 -35.002373 25.202713 -6.362745 49.879921 -14.355242 1.572688 -19.808790 -5.503843 -0.000318 -0.002777 0.006266 
25.561745 0.000000 -168.309860 165.269028 0.000000 0.000000 -7.904531 5.827075 -1.591591 0.114288 3.690519 1.091471 0.311462 7.240737 2.077880 0.249540 7.200073 2.061139 10.316097 -22.537695 -8.931466 1.804363 6.739476 0.275303 -0.001846 -0.477583 -13.741824 -15.822309 10.191324 -50.575867 -104.288086 -2.143986 -4.112365 -0.615009 32.505070 -4.223544 5.639853 -0.809796 20.339289 4.732969 -1.849924 48.587273 89.103447 -5.566828 11.353463 4.400010 18.578703 -11.807387 9.908312 -28.526196 3.766283 137.841354 82.442688 142.947769 0.009205 -2.001746 2.641312 -0.000032 -0.002084 -0.003861 -15.130095 -25.521250 20.568453 -7.896584 48.934326 -17.111839 1.027703 -24.921404 -4.154967 -0.000431 -0.002854 0.007385 
27.696709 0.000000 -175.767212 165.464325 0.000000 0.000000 -7.855973 6.251515 -1.115888 0.561485 3.433275 0.983022 1.182681 6.729181 1.944800 1.124961 6.684481 1.971318 9.369413 -22.514233 -8.428518 1.161161 7.366729 0.192116 0.969597 -0.391497 -13.950151 -13.196931 13.946928 -50.633331 -104.283966 -2.139494 -4.167556 0.186057 30.051489 -4.461698 6.272405 -0.820702 19.534632 6.294087 -3.696465 49.582306 92.196808 -5.731561 11.623160 5.480236 18.347921 -11.704169 9.111392 -37.029854 2.080472 122.647514 81.571480 128.136078 1.270845 -4.237831 2.518644 -0.000035 -0.002072 -0.003894 -13.693157 -19.705620 18.490473 -6.751235 45.873577 -16.329781 0.455504 -26.521116 -3.036061 -0.000434 -0.002885 0.007207 
29.838757 0.000000 -183.246536 165.682755 0.000000 0.000000 -7.389055 6.476571 -0.810274 1.021601 3.132135 0.895779 2.065964 6.164886 1.839272 1.983004 6.117271 1.902630 8.164864 -22.032631 -7.805230 0.431047 8.038159 0.082125 1.647411 -0.346336 -13.729644 -11.245836 18.419348 -50.397827 -105.194832 -2.146284 -4.235936 0.740316 26.653915 -4.074230 6.517859 -0.743530 18.467529 7.439922 -4.534619 50.296181 95.683952 -6.072961 12.092474 6.798412 17.873577 -12.055215 8.821700 -44.527760 0.035907 96.465393 81.722404 101.874962 2.417777 -5.365961 1.538162 -0.000043 -0.002023 -0.003919 -13.152280 -13.533202 16.412447 -4.937469 42.349373 -14.790252 0.172713 -26.587820 -1.757649 -0.000444 -0.002964 0.007101 
31.980642 0.000000 -190.760040 165.934921 0.000000 0.000000 -6.740818 6.299266 -0.619624 1.549994 2.872074 0.802681 3.060042 5.691486 1.692456 2.954396 5.651084 1.757571 6.706020 -21.237568 -7.478923 -0.869483 8.609468 0.580742 2.118740 -0.348248 -13.301793 -9.553410 22.853579 -49.767609 -106.766289 -2.214365 -4.491990 0.740221 22.685097 -2.776539 6.502239 -0.598259 17.334482 8.172261 -4.331111 50.826771 99.029625 -6.418984 12.452461 7.613910 17.189085 -12.545362 9.578423 -49.117432 -2.166973 60.052422 79.319420 65.157341 3.468941 -5.725987 -0.192797 -0.000042 -0.002029 -0.003929 -13.005430 -7.131822 14.273138 -3.246856 38.705330 -13.441630 0.294499 -24.843994 -0.991605 -0.000449 -0.002983 0.007131 
34.132637 0.000000 -198.335266 166.218491 0.000000 0.000000 -5.971841 5.939583 -0.269001 2.103662 2.590871 0.675760 4.111362 5.166274 1.477484 3.993376 5.136641 1.552460 5.444532 -19.933674 -7.694584 -2.510105 9.588274 1.844078 2.128420 -0.394770 -12.535743 -8.444369 27.024599 -48.967628 -108.567635 -2.274807 -4.782184 0.063301 19.339027 -1.684423 6.221694 -0.393757 16.077303 9.210071 -2.778373 51.305923 102.482964 -6.736517 12.635515 8.396674 16.618532 -12.614305 11.421741 -52.128429 -5.952006 36.147034 73.440910 41.132305 4.389497 -6.031186 -1.891471 -0.000032 -0.002099 -0.003897 -12.873057 -0.419969 11.670326 -1.448142 34.569225 -11.737137 0.312239 -19.446972 -0.699837 -0.000442 -0.002906 0.007196 
36.306194 0.000000 -205.938934 166.570679 0.000000 0.000000 -5.038166 5.507090 0.397230 2.654211 2.335860 0.470217 5.162306 4.670015 1.068376 5.043806 4.657985 1.156511 4.224076 -18.935633 -8.690763 -4.878914 10.566875 3.631190 1.895575 -0.382792 -11.568368 -6.716892 30.664194 -47.586891 -110.562584 -2.272934 -5.003486 -0.395685 16.749451 -1.221554 5.584750 -0.255396 14.871961 10.242793 -0.343879 51.388401 105.987160 -7.144258 12.732086 9.538016 15.933770 -12.441109 14.244226 -52.348442 -10.309093 19.130466 64.652023 23.766136 3.827904 -5.513590 -2.408303 -0.000032 -0.002099 -0.003927 -13.008186 6.099488 8.843450 0.040177 30.590633 -9.710143 0.221029 -10.787850 -0.711459 -0.000438 -0.002858 0.007132 
38.518021 0.000000 -213.564560 166.992126 0.000000 0.000000 -4.204194 4.951405 1.034282 3.097910 2.032135 0.260832 6.034237 4.110229 0.616819 5.938069 4.128275 0.706949 3.390421 -18.005018 -10.339858 -7.235088 11.804591 5.719146 2.018657 -0.300033 -10.775802 -3.764925 33.592915 -45.444283 -112.297401 -2.286216 -5.181459 -0.727096 15.140548 -0.539651 5.104667 -0.207551 13.801830 11.519405 2.274688 51.370705 108.803139 -7.375924 12.633091 10.498077 15.648721 -12.256027 15.867315 -51.299576 -12.941519 8.433011 54.215271 12.600123 2.057262 -4.394799 -4.084421 -0.000039 -0.002045 -0.004026 -14.394407 11.922968 5.499102 1.762580 26.772905 -6.878117 1.137303 0.797429 -0.811282 -0.000439 -0.002875 0.006955 
40.781071 0.000000 -221.197769 167.460922 0.000000 0.000000 -3.690803 4.308498 1.427101 3.539143 1.744726 0.145148 6.908067 3.564065 0.426261 6.825508 3.598139 0.555422 3.346725 -16.638704 -12.637591 -9.063513 12.980583 7.899265 2.329058 -0.258795 -10.260065 -0.719027 36.029552 -43.809963 -113.230095 -2.253577 -5.210481 -1.267109 14.302376 0.026598 4.745700 -0.160348 13.069232 12.424747 4.803308 51.291325 110.662834 -7.606133 12.538098 10.686022 15.918159 -11.685319 15.328786 -49.295864 -13.593765 1.924827 42.609104 5.661477 0.092357 -2.653045 -6.553028 -0.000042 -0.002046 -0.004036 -16.901716 16.298925 1.672956 4.739074 25.467257 -4.521516 2.204448 12.272906 1.737602 -0.000436 -0.002845 0.006906 
43.044643 0.000000 -228.869629 167.978683 0.000000 0.000000 -3.145487 3.650272 1.534323 3.864232 1.550971 0.104377 7.530574 3.175510 0.352384 7.457327 3.206481 0.511417 3.017873 -15.141049 -14.590414 -10.935220 13.960425 9.958214 2.670678 -0.169748 -10.122347 2.327118 37.479801 -42.223961 -113.511124 -2.267876 -5.219696 -1.388638 13.784715 -0.134858 4.656939 -0.198368 12.810427 13.159854 7.217651 50.843029 111.115387 -7.903906 12.680740 10.306331 17.441790 -11.053535 13.389565 -46.983753 -13.561607 -1.707563 32.038952 1.925763 -1.084923 -2.523857 -8.950581 -0.000057 -0.002004 -0.004073 -19.411213 19.611988 -0.919604 7.432663 25.595850 -3.499893 3.925800 20.038397 4.176322 -0.000449 -0.002881 0.006958 
45.296757 0.000000 -236.542252 168.539795 0.000000 0.000000 -2.874028 3.206806 1.393431 4.005743 1.380744 0.119621 7.802416 2.838477 0.358515 7.734278 2.871942 0.530574 2.670862 -13.812198 -15.967378 -12.204278 14.581145 11.673026 3.035577 -0.109602 -10.136010 5.325819 38.091881 -41.654297 -113.541656 -2.191786 -5.053374 -1.196935 14.262959 -0.803086 4.787678 -0.238861 12.783483 13.852399 9.018538 50.154629 110.401123 -8.167002 12.952202 10.034978 18.131401 -10.716572 10.776791 -44.963905 -12.793632 -3.174676 23.190607 0.138996 -1.003235 -2.037733 -11.379279 -0.000067 -0.001992 -0.004018 -20.126184 21.249073 -1.973763 8.763453 28.734322 -3.334913 5.188553 23.607056 5.670584 -0.000460 -0.002892 0.007102 
47.585251 0.000000 -244.202942 169.114334 0.000000 0.000000 -2.709624 2.525092 1.136258 3.964885 1.317653 0.107065 7.732171 2.726052 0.342233 7.669663 2.762651 0.538312 1.973027 -12.861021 -16.339449 -13.093130 14.608235 12.344488 3.404856 -0.062243 -10.199839 7.751649 37.350185 -42.155804 -113.785088 -2.110378 -4.850017 -0.682779 15.291903 -1.707542 4.901349 -0.304721 12.866982 14.966599 10.843270 49.772339 109.083992 -8.108873 12.940244 9.915844 18.023342 -10.681369 8.384004 -43.735420 -12.362298 -2.680763 18.106197 -0.436653 -0.688938 -1.050704 -12.132186 -0.000077 -0.001942 -0.004089 -19.103846 21.205101 -1.665817 8.663154 35.733429 -3.477669 5.145900 23.204048 4.611873 -0.000475 -0.002970 0.007156 
49.891369 0.000000 -251.831863 169.671539 0.000000 0.000000 -2.566740 1.406326 0.789289 3.814677 1.430563 0.184092 7.452527 2.909899 0.493488 7.392909 2.928802 0.677959 1.435876 -12.449131 -15.859435 -13.101765 15.017067 12.117288 4.026896 -0.053103 -10.491943 9.186542 35.307789 -42.770184 -113.359901 -2.066042 -4.700596 -0.076248 16.789913 -2.098951 5.004786 -0.353694 12.968034 15.275554 12.231991 49.702980 107.025406 -8.108543 12.991660 9.883068 17.839552 -10.483475 8.275247 -42.619068 -13.083897 -2.116527 17.303583 -0.200502 -0.231284 -1.367952 -12.204150 -0.000084 -0.001888 -0.004169 -16.816545 20.216579 -0.830857 6.716001 44.360172 -4.322786 3.944674 20.296953 2.775285 -0.000488 -0.003062 0.007177 
52.196842 0.000000 -259.401276 170.192703 0.000000 0.000000 -2.051631 -0.159922 0.477120 3.571419 1.664959 0.285175 6.988842 3.363578 0.696460 6.933135 3.378313 0.859765 1.014534 -12.281486 -14.874775 -12.599243 15.205556 11.550460 4.635068 -0.057837 -10.720787 9.671405 32.858040 -43.845356 -112.490685 -1.967780 -4.574445 0.165894 18.186205 -1.891256 4.902337 -0.402084 13.258881 14.989285 12.646640 49.592339 104.151031 -7.729684 12.769544 9.829210 17.702063 -10.169065 9.949337 -40.884953 -14.364635 -3.104717 19.282240 -0.146619 -0.970246 -0.523395 -12.374731 -0.000076 -0.001912 -0.004100 -14.711332 19.022785 0.236848 2.196092 52.663784 -7.686485 2.004223 17.464705 3.222194 -0.000485 -0.003089 0.007137 
54.511177 0.000000 -266.873444 170.669968 0.000000 0.000000 -0.907586 -1.776047 0.857957 3.143406 1.878643 0.236637 6.132456 3.826426 0.554692 6.080204 3.834556 0.695743 0.734006 -12.204941 -13.379910 -11.490063 15.132046 10.457196 5.298685 -0.133386 -11.332044 8.810956 29.493504 -45.283333 -111.320503 -1.826709 -4.444918 -0.019897 18.706884 -0.901485 4.705392 -0.408074 13.689479 14.303647 12.408600 50.093857 100.435730 -7.174239 12.394217 9.460285 18.839661 -10.285495 12.643191 -38.363216 -17.075062 -4.003994 23.659777 0.488679 -2.296781 2.252643 -9.006893 -0.000065 -0.001970 -0.003936 -14.685826 16.629477 0.091344 -5.673811 60.561378 -14.197578 -0.544781 15.248052 3.562296 -0.000480 -0.003082 0.007104 
56.865532 0.000000 -274.297729 171.134628 0.000000 0.000000 0.320069 -3.216729 2.171705 2.633814 2.104447 0.000963 5.049417 4.347117 0.000506 4.953364 4.369388 0.099812 0.868281 -11.901104 -12.111915 -10.211093 14.778328 9.209661 5.692259 -0.166880 -12.557252 6.944794 24.304251 -47.247383 -109.352859 -1.750483 -4.322022 0.201387 19.794735 0.284549 4.641823 -0.400676 14.131497 13.831119 11.849062 50.797516 95.375061 -6.704407 12.047631 8.628214 20.114361 -10.320776 15.188241 -35.932186 -20.799458 -3.788767 30.770479 1.745562 -3.283673 5.046714 -1.179966 -0.000060 -0.002036 -0.003809 -16.201584 12.787958 -1.620250 -17.784554 67.462296 -25.154310 -3.009241 12.665154 3.175517 -0.000476 -0.003018 0.007182 
59.250099 0.000000 -281.680817 171.598785 0.000000 0.000000 0.881498 -4.402184 4.095924 2.187936 2.357947 -0.354465 4.042262 4.846236 -0.821662 3.895916 4.880001 -0.765882 0.863820 -11.647557 -10.445171 -8.866302 14.181270 7.789363 5.719707 -0.123419 -14.262584 4.867826 18.943060 -48.025524 -106.668663 -1.668917 -4.116014 1.290860 21.993635 0.677895 4.628636 -0.392102 14.515619 13.177358 10.418267 51.597099 88.883415 -6.099648 11.592022 7.166875 22.595051 -10.254924 15.564643 -34.266418 -23.491695 -3.124142 38.563549 2.545134 -3.359255 3.300495 6.183913 -0.000059 -0.002067 -0.003730 -17.760881 7.573971 -4.565099 -35.289547 72.393318 -42.816048 -4.575608 8.447912 2.232389 -0.000468 -0.002957 0.007201 
61.621731 0.000000 -288.998108 172.042786 0.000000 0.000000 0.629720 -5.007722 5.945206 1.900036 2.484991 -0.851469 3.461225 5.141210 -1.841706 3.310717 5.194766 -1.782721 0.505346 -11.806262 -8.540145 -7.793623 13.800494 6.609394 5.298208 -0.033025 -16.675079 1.689523 13.918010 -46.922600 -103.412422 -1.536050 -3.747987 2.991950 25.029606 -0.548865 3.953066 -0.430961 15.790020 11.404622 9.054308 51.685875 84.103561 -5.804898 10.914926 5.609303 25.190348 -10.495117 14.819269 -33.047386 -25.372919 -1.345790 46.118969 4.168828 -2.490507 -2.495898 8.081899 -0.000066 -0.002028 -0.003744 -18.438700 1.149017 -7.595835 -55.698948 75.289276 -64.685669 -4.487576 3.911799 0.631712 -0.000468 -0.002966 0.007131 
64.019485 0.000000 -296.275818 172.444458 0.000000 0.000000 -0.117034 -5.043672 7.408064 1.678086 2.579886 -1.314735 3.138067 5.396005 -2.796767 3.073951 5.440738 -2.732147 0.151287 -12.229789 -7.108955 -6.992248 13.732678 5.525674 4.173383 -0.035672 -18.833860 -1.621162 9.119176 -46.220299 -100.286781 -1.598498 -3.588472 4.385202 28.924974 -2.565961 2.649282 -0.405128 17.486923 9.883118 7.461348 52.186268 79.377449 -4.871706 9.298090 3.896881 26.339134 -10.682488 14.119181 -30.517256 -26.136545 0.775410 50.801685 5.983053 -2.172427 -9.280635 8.439645 -0.000065 -0.001971 -0.003825 -17.142754 -7.018657 -9.546576 -75.784752 75.828316 -85.627365 -4.372738 1.671541 -1.162058 -0.000465 -0.003008 0.007025 
66.420288 0.000000 -303.536835 172.790451 0.000000 0.000000 -1.798020 -4.919832 8.129186 1.628765 2.468563 -1.532884 3.289106 5.281412 -3.218833 3.363626 5.338036 -3.146338 0.061789 -11.581761 -6.175709 -6.098309 13.978503 4.601766 3.019756 -0.171163 -19.614304 -4.555586 5.129084 -47.331646 -98.768593 -1.770570 -3.634945 4.201303 31.513918 -4.333585 1.925605 -0.291901 18.016598 8.260076 7.503153 52.842388 76.045830 -4.137030 7.760500 2.860994 24.880741 -10.728023 13.559180 -26.280899 -24.992029 2.650158 52.094582 8.240932 -1.902776 -15.812424 8.135448 -0.000058 -0.001982 -0.003846 -13.707160 -16.237112 -9.971306 -84.181709 74.813667 -94.908073 -4.895998 0.337340 -2.344177 -0.000461 -0.002999 0.007041 
68.776001 0.000000 -310.848511 173.028015 0.000000 0.000000 -4.040042 -5.028168 8.361616 1.518533 2.336412 -1.533849 3.282305 5.089512 -3.268359 3.454830 5.152298 -3.218255 0.892300 -10.535015 -6.146888 -4.953567 14.465616 3.965595 2.565865 -0.247633 -19.600790 -6.538260 2.336070 -49.858143 -99.242561 -1.768637 -3.622470 3.320796 32.392124 -4.167785 1.796054 -0.169659 17.464466 6.831455 9.165802 52.984768 75.354942 -3.811918 7.320190 2.936012 21.458040 -10.695989 13.136209 -21.112421 -23.230448 4.130378 52.404430 9.775982 -1.346148 -20.969818 7.216616 -0.000042 -0.002063 -0.003841 -9.372275 -24.234608 -10.072086 -83.218697 73.957901 -94.674110 -5.515632 -1.728387 -2.289225 -0.000455 -0.002942 0.007262 
71.092674 0.000000 -318.190033 173.189423 0.000000 0.000000 -7.602763 -5.330017 9.558438 0.184143 2.123087 -1.696466 0.834764 4.629022 -3.654952 1.142567 4.710810 -3.712751 4.942973 -8.555082 -6.569071 -0.993893 15.296799 2.040790 2.641142 0.103985 -18.864988 -10.843048 -3.238619 -53.382374 -100.502213 -1.801633 -3.930276 0.685352 26.907793 0.630713 2.421729 -0.361391 15.769516 8.048387 17.407215 51.556957 74.868843 -4.095128 7.611420 5.622038 16.874237 -11.762225 10.068422 -10.408393 -19.573193 7.294274 54.775936 13.492551 0.357390 -25.967264 4.037562 -0.000070 -0.001813 -0.004261 -3.847216 -39.712540 -7.313761 -58.959869 71.993835 -70.098633 -5.965646 -1.766321 -2.605155 -0.000475 -0.003135 0.007039 
73.439941 0.000000 -325.793121 173.332458 0.000000 0.000000 -7.536375 -5.889449 8.607127 -0.711322 1.970900 -1.497987 -0.978028 4.260769 -3.248769 -0.703017 4.338072 -3.331833 7.350490 -7.552949 -6.541875 1.505571 15.858167 0.161269 2.393199 -0.003004 -17.393913 -11.595514 -2.392673 -53.507412 -104.465126 -1.854203 -4.318551 -0.692530 24.447714 2.473614 2.604062 -0.277643 14.529266 7.574959 20.892200 49.565338 79.320129 -5.043626 9.764501 6.526045 16.180943 -11.435949 9.343627 -6.093317 -16.755899 7.458237 55.588402 13.412460 0.262761 -22.042780 5.372021 -0.000069 -0.001854 -0.004269 -6.054669 -41.837597 -4.004470 -33.121056 65.986961 -44.106762 -4.989169 -2.624059 -3.455056 -0.000482 -0.003129 0.007184 
75.807541 0.000000 -333.387238 173.444305 0.000000 0.000000 -7.328288 -6.426457 7.203211 -1.534540 1.760900 -1.119315 -2.628120 3.831225 -2.493945 -2.396926 3.921661 -2.604375 9.789267 -6.163524 -6.826410 3.817443 16.532511 -1.486673 2.456232 -0.102745 -15.431092 -12.883905 -0.972084 -53.099308 -108.713928 -1.954887 -4.796811 -2.459042 22.280249 3.874084 3.087687 -0.135439 13.075190 6.038335 24.790298 47.442017 83.533386 -5.655235 11.115163 7.452598 15.916230 -11.207163 9.784518 -2.030609 -13.268177 5.971365 56.733742 12.077753 0.459335 -13.885264 6.528556 -0.000057 -0.001938 -0.004256 -8.712312 -42.335861 0.148876 -16.876947 56.362679 -27.067999 -3.231787 -2.959500 -4.268902 -0.000477 -0.003052 0.007277 
78.141258 0.000000 -340.933105 173.514221 0.000000 0.000000 -6.638897 -7.164413 5.730584 -2.213222 1.690736 -0.730379 -4.014099 3.641629 -1.708619 -3.799535 3.740304 -1.821247 11.204493 -5.240731 -6.429766 5.665586 17.069052 -2.361586 2.262791 -0.247656 -13.537411 -14.708356 1.307935 -52.089523 -113.005432 -2.190887 -5.200928 -4.215250 21.629091 4.651379 3.350791 0.087551 11.578865 3.555225 28.852032 45.776634 86.531288 -5.626796 11.446066 7.540844 15.669155 -11.259535 11.252205 1.322372 -9.390726 2.958425 58.098625 10.045921 0.589103 -1.614853 7.535644 -0.000027 -0.002123 -0.004146 -11.051564 -40.670723 3.528039 -6.649127 44.693897 -16.346933 -1.271475 -1.522815 -3.190065 -0.000449 -0.002847 0.007325 
80.413246 0.000000 -348.382202 173.556702 0.000000 0.000000 -5.667115 -7.728281 4.315956 -2.618445 1.604713 -0.379445 -4.923287 3.454160 -1.033457 -4.760098 3.564570 -1.159888 12.006395 -4.191307 -5.260823 7.494412 17.276379 -3.529126 2.268664 -0.314083 -12.241144 -18.217293 4.673331 -51.209702 -117.137886 -2.367434 -5.344854 -5.236750 21.340067 3.730473 3.293096 0.233085 10.523340 -0.480240 31.493734 44.065823 89.255844 -5.583438 11.642479 7.675888 15.815244 -11.687210 12.325065 2.712618 -5.735523 0.415532 60.628418 8.884501 0.806553 9.569719 8.162731 -0.000011 -0.002219 -0.004057 -10.928038 -38.397869 4.065801 -0.293568 33.686260 -9.238264 0.320031 1.366161 -0.719626 -0.000430 -0.002701 0.007475 
82.674828 0.000000 -355.687286 173.567734 0.000000 0.000000 -4.967389 -8.090879 3.048045 -2.783748 1.535605 -0.214039 -5.312394 3.341080 -0.715414 -5.177837 3.470708 -0.837901 12.107519 -3.068082 -4.042764 8.654559 16.624285 -4.332419 1.948720 -0.312195 -10.982252 -21.230093 7.559922 -49.500237 -119.993179 -2.567152 -5.425182 -5.607223 20.136385 2.379554 3.245510 0.312155 9.877092 -4.431832 32.518845 43.450413 91.965126 -5.573345 11.550666 7.668765 16.338320 -11.723650 12.636734 1.838491 -3.365626 1.790600 65.181725 10.687008 0.712376 13.192513 6.723315 0.000004 -0.002249 -0.004046 -8.570450 -36.154572 3.344341 2.798825 23.976738 -5.215399 0.665428 3.872079 1.955845 -0.000412 -0.002628 0.007519 
84.973709 0.000000 -362.901062 173.559235 0.000000 0.000000 -4.042679 -8.433501 2.459821 -2.710744 1.582880 -0.241948 -5.226841 3.397803 -0.752178 -5.108622 3.531892 -0.864159 11.803228 -1.963758 -3.265198 9.210272 15.786716 -4.797541 1.216537 -0.349444 -10.237378 -22.925072 9.486219 -47.591694 -121.407669 -2.657606 -5.394738 -6.526783 19.374048 2.227443 2.725574 0.366640 9.637784 -7.646403 32.549370 43.360554 93.606308 -5.488263 11.392169 7.464664 15.398297 -11.443596 11.648070 -0.149929 -2.810108 8.182088 70.507446 16.436554 0.701651 9.240024 6.386769 0.000025 -0.002343 -0.004032 -6.291151 -35.640854 2.257478 2.989684 19.124821 -4.273828 -0.076963 4.464375 4.260784 -0.000391 -0.002535 0.007616 
87.298866 0.000000 -370.033875 173.553299 0.000000 0.000000 -3.626112 -9.042087 2.098098 -2.540200 1.801066 -0.268323 -4.906877 3.746868 -0.729396 -4.827328 3.874681 -0.809633 11.395364 -1.842386 -2.384827 9.497012 15.577480 -5.818069 0.616947 -0.376493 -9.742496 -22.425188 9.347491 -46.893719 -121.746773 -2.739289 -5.358969 -7.184006 18.732615 2.945750 1.921935 0.339080 9.813728 -8.901423 31.390783 43.474674 94.085236 -5.324290 11.056206 7.749774 14.520462 -11.822568 10.120093 -2.538426 -2.680480 21.960064 74.375046 28.949175 1.864452 4.016143 6.591617 0.000026 -0.002335 -0.004121 -5.386899 -35.265232 2.008971 2.938160 17.251455 -4.436878 -0.068152 5.430854 5.772547 -0.000384 -0.002501 0.007584 
89.615234 0.000000 -377.037628 173.570297 0.000000 0.000000 -3.594534 -9.843307 1.279492 -2.079314 2.114350 -0.136076 -4.047299 4.322404 -0.393513 -4.031508 4.435324 -0.430931 10.881526 -2.537026 -2.111023 9.194928 15.677602 -6.436381 0.428850 -0.393133 -9.703489 -20.916553 8.825444 -46.993340 -121.071037 -2.868485 -5.585613 -7.565134 18.955820 3.673742 1.231082 0.272152 10.567436 -8.694593 28.869238 44.251743 93.965881 -5.328719 10.908073 8.069197 14.697018 -12.350899 8.691123 -5.878089 -2.508331 37.425060 76.771309 43.089710 3.241679 1.713115 7.260431 0.000023 -0.002300 -0.004196 -6.121813 -34.513096 3.058371 3.110161 18.329369 -5.311919 -0.053504 8.477109 8.105265 -0.000381 -0.002502 0.007544 
91.910851 0.000000 -383.978882 173.622452 0.000000 0.000000 -3.418575 -10.649183 -0.038851 -1.480873 2.505603 0.108351 -2.968950 5.097011 0.194665 -3.012861 5.187223 0.205185 10.045897 -3.629376 -2.117820 8.253307 15.307939 -6.417384 0.194005 -0.325705 -10.006304 -19.631502 7.799178 -48.175789 -119.717598 -2.871742 -5.653547 -7.500770 21.191160 3.792126 0.884652 0.142917 11.832197 -7.060856 25.732264 46.198917 92.630013 -5.360062 10.844584 7.901544 16.627996 -13.404267 7.373435 -10.646389 -1.475011 56.305416 79.355118 60.687893 3.883888 0.034688 7.024293 0.000003 -0.002186 -0.004297 -9.402652 -33.706066 5.626005 3.441216 22.236269 -6.265696 0.798325 13.371593 9.137695 -0.000396 -0.002622 0.007442 
94.169655 0.000000 -390.825073 173.752365 0.000000 0.000000 -2.996837 -11.765757 -1.351020 -0.845704 2.923493 0.439638 -1.819239 5.916181 0.897828 -1.945208 6.006451 0.939312 9.712893 -4.919697 -3.095152 7.261965 14.922890 -6.156446 0.119080 -0.340808 -10.782040 -17.693602 6.472232 -49.295464 -117.393814 -2.948714 -5.760626 -7.168828 24.259657 3.935433 0.796506 0.065752 13.166239 -4.623980 22.166645 47.325775 91.085236 -5.344796 10.685166 6.860543 18.219580 -13.140941 6.109529 -15.176147 -0.465304 83.334076 81.506516 87.224274 3.002281 -2.510005 6.934155 -0.000012 -0.002106 -0.004282 -13.044416 -32.993671 8.077810 2.909978 29.903599 -7.483665 1.514458 14.435271 7.748141 -0.000405 -0.002691 0.007271 
96.372475 0.000000 -397.492523 174.010574 0.000000 0.000000 -3.701539 -13.119029 -2.551705 -0.184377 3.445864 0.748872 -0.483772 6.926708 1.538740 -0.645485 7.016977 1.593399 9.451838 -6.946916 -3.839043 6.382307 14.650990 -5.937484 0.522869 -0.263590 -12.035285 -14.097763 4.856981 -50.778564 -113.222504 -2.756599 -5.473016 -5.890877 28.207193 4.379727 1.193766 -0.047952 15.266640 -0.359126 18.041645 47.512360 88.529366 -5.521879 10.591663 5.679124 19.894100 -12.693353 6.013416 -20.462976 0.926048 107.931747 81.908882 112.348999 1.678853 -4.812541 6.201109 -0.000027 -0.001981 -0.004391 -14.255164 -32.457855 10.123487 -0.364359 39.216217 -10.146564 0.452774 9.379925 4.187973 -0.000422 -0.002855 0.007014 
98.589127 0.000000 -404.061401 174.438507 0.000000 0.000000 -4.655148 -14.338682 -3.838702 0.532542 3.837082 1.104943 0.995803 7.731704 2.329351 0.835956 7.838629 2.395512 8.980991 -8.256176 -4.586493 5.391931 14.745262 -5.579964 1.255121 -0.136073 -13.763772 -9.864570 3.054330 -52.445812 -107.301155 -2.475932 -4.951701 -4.231171 32.897396 4.200020 2.143684 -0.203800 17.740204 4.823730 14.144647 45.804440 85.403168 -5.333738 9.944356 5.221627 20.474152 -12.304961 5.437113 -26.274986 2.627722 117.375809 82.254601 122.209427 0.377808 -7.543213 4.309237 -0.000037 -0.001870 -0.004504 -15.349376 -31.155476 12.063518 -4.437508 47.639812 -13.438338 0.083818 3.052419 2.633834 -0.000428 -0.002993 0.006780 
100.812843 0.000000 -410.539734 175.010086 0.000000 0.000000 -4.707324 -15.165603 -5.509831 0.990170 4.024187 1.532464 1.985145 8.099906 3.278197 1.833098 8.189190 3.354145 8.367303 -9.038692 -5.243040 4.198744 15.297009 -5.316331 2.355093 0.038205 -15.645880 -5.863167 1.332748 -54.283287 -99.711914 -2.172192 -4.211649 -2.435838 35.554688 4.232708 3.350402 -0.568495 19.775240 8.462551 10.450712 42.885071 83.294388 -5.245733 9.357108 4.379313 22.201729 -10.716253 4.959610 -31.558033 2.726653 108.274750 83.505737 113.274681 0.279790 -9.749694 1.859709 -0.000044 -0.001730 -0.004737 -17.750784 -28.405310 14.477647 -7.237901 53.333504 -16.102167 0.338871 -2.297526 1.593121 -0.000438 -0.003186 0.006525 
103.058899 0.000000 -416.954803 175.737137 0.000000 0.000000 -4.370313 -15.771894 -7.027742 1.374526 4.040345 1.899714 2.803732 8.134628 4.044636 2.648355 8.216724 4.113081 8.018552 -8.400164 -6.208229 3.191860 15.510532 -4.380749 3.572537 0.103808 -16.876877 -2.941163 1.213571 -55.954086 -91.985580 -2.102051 -3.659675 -0.606570 36.779411 5.180755 4.857211 -0.814565 20.377199 10.727800 5.381636 41.702492 80.670227 -4.597645 8.232862 2.814237 24.111465 -9.260457 5.543410 -35.923840 1.519593 66.631905 83.920227 71.446709 1.061973 -9.403893 -1.447345 -0.000025 -0.001759 -0.004950 -19.905085 -24.453642 15.429468 -9.701371 57.238415 -17.997835 0.223372 -8.004602 0.995877 -0.000419 -0.003189 0.006426 
105.315254 0.000000 -423.325684 176.617325 0.000000 0.000000 -4.045522 -16.251886 -8.103558 1.748793 3.965592 2.065211 3.571317 7.984798 4.420316 3.419269 8.061806 4.501358 7.250085 -7.321345 -6.799246 1.878345 15.629181 -3.138719 4.580925 0.203572 -17.467373 0.031992 3.754111 -56.193203 -87.290237 -2.376964 -3.346955 0.603836 36.663269 5.300748 6.313663 -0.937231 19.608187 11.296419 0.282161 41.787998 79.939659 -4.465673 7.896924 1.927985 25.716848 -8.330758 6.667670 -39.469006 -0.122184 24.709864 79.047401 29.304665 1.676096 -8.131104 -4.043014 -0.000012 -0.001793 -0.005249 -21.451206 -20.100082 15.563871 -13.551872 60.448750 -21.040501 -0.674803 -13.164989 0.379158 -0.000408 -0.003174 0.006448 
107.513809 0.000000 -429.620300 177.669327 0.000000 0.000000 -4.239691 -16.250265 -8.477562 2.210504 3.761484 1.995697 4.464817 7.552762 4.280886 4.309486 7.607003 4.345880 6.322737 -5.511362 -7.252673 0.709125 15.720873 -1.905879 5.423316 0.291133 -17.365463 2.812468 9.329468 -54.202694 -84.960510 -2.713614 -3.329326 1.387548 34.929161 5.442873 7.203976 -0.909086 18.365862 10.816246 -3.736649 42.625950 81.836792 -5.064499 8.687979 1.725430 27.954832 -8.302125 9.065703 -42.171417 -3.046328 8.889582 69.744171 13.434509 0.877486 -5.006698 -4.855572 -0.000009 -0.001858 -0.005458 -22.839315 -16.514666 15.351093 -18.338327 62.874893 -25.152189 -1.759693 -16.635313 -0.657630 -0.000417 -0.003167 0.006758 
109.695969 0.000000 -435.823120 178.883713 0.000000 0.000000 -4.939444 -16.249115 -8.345324 2.742629 3.499672 1.780496 5.527054 6.908824 3.779405 5.387666 6.948359 3.827664 5.371631 -3.765348 -7.438566 -0.358104 15.836082 -0.704261 5.746864 0.283174 -16.250423 5.241261 16.816320 -50.322662 -85.582497 -2.966662 -3.612648 0.937423 31.334990 5.553915 7.162838 -0.714043 16.873861 10.308150 -6.007593 43.304592 85.433456 -5.523338 9.582369 2.280495 29.548903 -8.434897 13.136724 -43.049007 -6.677776 3.453562 58.912415 8.023529 -0.231547 -2.710704 -5.406764 -0.000002 -0.001951 -0.005291 -23.388762 -13.338676 14.206793 -22.172371 65.933708 -28.598192 -2.180619 -14.391826 -2.880611 -0.000415 -0.003090 0.006881 
111.971924 0.000000 -441.964722 -179.731308 -0.000000 0.000000 -5.672543 -16.091816 -8.224818 3.304386 3.226006 1.487413 6.628434 6.208076 3.129944 6.492682 6.255157 3.190671 4.463220 -1.857762 -6.981572 -1.143231 15.951390 0.015797 5.986669 0.228786 -14.315715 8.334446 24.069933 -46.017418 -87.019836 -2.951168 -3.892534 0.208257 28.169580 5.679815 6.755551 -0.454006 15.026846 8.606814 -6.968996 42.868820 89.121666 -5.570951 10.111753 3.058569 30.465057 -9.900467 16.845236 -41.640030 -10.233049 -0.452454 46.367584 4.453439 -1.531024 -0.647018 -6.242720 -0.000007 -0.001973 -0.005003 -24.173157 -10.818674 12.893976 -25.781269 69.403557 -31.499947 -2.331278 -5.469544 -5.232873 -0.000410 -0.002966 0.006803 
114.268288 0.000000 -448.039948 -178.156723 -0.000000 0.000000 -6.291931 -16.096462 -8.731254 3.527999 2.989716 1.328614 7.119305 5.654940 2.789323 7.012378 5.738761 2.867097 3.496495 0.163970 -6.186891 -1.562731 15.462278 0.679562 5.940662 0.141549 -11.971068 13.312739 29.799225 -43.145309 -88.196068 -2.811834 -3.923125 0.011037 26.298822 5.788939 6.055194 -0.292163 13.134293 6.571633 -7.074429 40.046215 91.529297 -5.515551 10.774398 3.900306 30.743246 -10.767422 19.477314 -39.518806 -12.377934 -1.689700 35.538021 3.455789 -2.095578 1.573921 -7.898439 -0.000015 -0.001933 -0.004825 -25.618238 -9.358602 12.028457 -29.899055 73.557625 -34.710003 -3.054755 4.826941 -6.351019 -0.000411 -0.002937 0.006739 
116.539658 0.000000 -454.033264 -176.401138 -0.000000 0.000000 -6.592757 -16.673769 -9.884002 3.638561 2.311737 1.101206 7.257136 4.536415 2.367603 7.132828 4.795492 2.501480 0.598757 4.543691 -7.264318 -4.262981 14.930290 6.004538 3.596387 0.353237 -7.524590 15.101480 47.510262 -38.535110 -90.689323 -2.851308 -5.186822 -2.485334 20.244423 7.614328 5.572223 -0.223556 9.389885 10.546710 -2.118340 38.173134 103.016411 -5.286995 9.810594 7.842429 26.102118 -9.317776 19.902191 -35.850075 -12.257151 -3.877904 19.697222 1.877741 -3.158852 4.409503 -9.612549 0.000096 -0.002135 -0.004775 -25.443369 -2.860553 6.208687 -16.326874 80.343567 -20.888939 0.703410 6.545448 1.063433 -0.000305 -0.002734 0.005922 
118.895065 0.000000 -459.991516 -174.031265 -0.000000 0.000000 -6.135973 -17.120455 -11.444995 3.190760 2.127190 1.152032 6.293065 4.191876 2.526704 6.168859 4.466307 2.657753 1.112481 5.751353 -6.738624 -3.596678 14.425219 5.992502 4.277987 0.284332 -6.646158 20.502605 47.557205 -36.218185 -91.411598 -2.886763 -5.468510 -2.250634 19.649305 7.798317 5.224975 -0.198935 8.795268 9.259952 -3.041625 35.552593 103.281548 -5.252464 9.581620 7.882935 27.924084 -10.118632 19.758869 -34.995728 -12.458731 -2.906666 18.698128 2.035599 -3.426134 6.483173 -4.548209 0.000106 -0.002227 -0.004695 -24.491726 -3.924739 7.409570 -42.465443 85.117645 -46.423454 0.010088 5.776171 3.325418 -0.000297 -0.002634 0.005916 
121.218895 0.000000 -465.901672 -171.631210 -0.000000 0.000000 -6.282365 -17.837343 -12.198675 2.615222 2.102265 1.040619 5.089506 4.230520 2.349089 4.959918 4.517303 2.467980 1.667001 5.328407 -5.254733 -2.552005 13.586688 5.255328 5.384926 0.157683 -5.967486 23.032982 45.822765 -36.580620 -91.506615 -2.552440 -5.252352 -2.142433 19.130346 8.174794 5.238062 -0.156471 7.940312 8.093124 -3.041291 32.133297 102.445000 -5.287982 9.645205 8.267030 27.739424 -11.006952 20.286592 -34.720051 -14.191033 -2.363751 23.310715 3.815150 -2.710298 12.659589 6.537523 0.000096 -0.002234 -0.004575 -22.584251 -7.106226 7.334836 -94.858597 85.059769 -98.189240 -1.378052 2.603015 5.096213 -0.000305 -0.002614 0.005838 
123.464752 0.000000 -471.699371 -169.153885 -0.000000 0.000000 -6.346976 -18.691145 -12.001670 2.154922 2.253521 0.630804 4.177476 4.646743 1.556577 4.043900 4.974141 1.674288 2.204022 4.560352 -3.600377 -1.678335 12.471024 4.332335 6.061107 -0.025849 -6.164670 21.879049 43.566902 -39.520248 -90.693062 -2.072791 -4.585124 -1.877416 18.898176 8.808533 4.892766 -0.062258 7.127670 6.845934 -2.439357 30.215437 98.711113 -5.027893 9.489337 8.568330 26.811968 -12.548946 18.808350 -35.774242 -16.508039 -2.138949 32.288830 6.443227 0.661084 17.859110 16.660038 0.000084 -0.002310 -0.004349 -21.929279 -12.076724 6.652802 -126.002327 80.787689 -130.198746 -2.219428 -0.839236 4.989745 -0.000308 -0.002522 0.006027 
125.619850 0.000000 -477.379547 -166.591782 -0.000000 0.000000 -6.010739 -19.416283 -10.865117 1.811794 2.640117 0.007377 3.436926 5.459337 0.287451 3.293018 5.773219 0.397611 2.277587 3.320260 -1.992589 -1.149380 11.518868 3.270384 5.949700 -0.056981 -7.739481 20.071297 38.438854 -39.761608 -88.399155 -1.794073 -3.889262 -0.928478 19.980730 9.456127 4.276917 -0.039181 7.295118 5.775771 -1.542671 28.304565 92.512451 -4.794967 9.282117 7.392196 26.973680 -13.424677 13.125469 -39.335541 -17.552454 1.721133 44.550423 10.209962 2.351827 14.360480 19.647072 0.000079 -0.002373 -0.004391 -21.388073 -17.701780 4.368760 -133.760757 78.028534 -139.980667 -1.376318 -3.708417 3.557877 -0.000312 -0.002474 0.006419 
127.724396 0.000000 -482.907684 -164.003708 -0.000000 0.000000 -5.727821 -19.786402 -9.602456 1.671543 3.062793 -0.739392 3.124882 6.375910 -1.176324 3.025530 6.659260 -1.050783 1.647079 1.622617 -0.647168 -1.177437 11.230559 2.641749 5.317308 0.028455 -10.494339 15.819447 30.741711 -38.941772 -87.560448 -1.750718 -3.307925 0.331960 21.661711 8.892785 3.714911 -0.056933 8.175641 5.103232 0.538835 26.769470 82.600441 -4.116476 8.442221 5.876727 26.944807 -14.947216 8.377728 -42.714836 -17.669378 7.342957 56.894352 14.054983 1.863785 7.730348 17.460133 0.000049 -0.002258 -0.004542 -19.198544 -23.233995 1.506643 -128.545013 77.834099 -136.756317 -0.437713 -5.848599 2.882476 -0.000335 -0.002536 0.006725 
129.772400 0.000000 -488.306915 -161.410172 -0.000000 0.000000 -5.365219 -19.310671 -8.193928 1.592804 3.313978 -1.478654 2.991694 6.931092 -2.616171 2.994767 7.137788 -2.439539 1.493459 0.988795 -0.702935 -1.338406 10.953478 3.010914 4.990238 0.148259 -13.790480 9.800259 22.855740 -37.219086 -87.800301 -2.154192 -3.626283 0.996100 24.276918 7.731472 3.693890 -0.095265 9.443642 5.749847 5.040013 27.215153 70.095970 -2.873013 3.816372 4.484533 25.363304 -16.461782 5.609501 -44.614468 -17.986584 13.099468 64.926727 17.816179 2.598397 5.061059 16.142052 0.000041 -0.002218 -0.004440 -15.482592 -29.425194 -1.334592 -111.816833 78.221313 -120.954773 -1.027492 -7.105145 2.336427 -0.000341 -0.002569 0.006651 
131.730652 0.000000 -493.601746 -158.811081 -0.000000 0.000000 -4.908545 -18.124836 -7.163967 1.401886 3.499542 -2.043520 2.662442 7.320972 -3.800393 2.765551 7.461695 -3.590178 1.881642 0.764915 -1.040406 -1.066110 10.590114 3.132024 4.394063 0.134755 -16.278212 3.526236 15.870445 -37.648666 -87.671524 -2.564571 -3.957011 1.408346 26.937548 6.221018 4.227483 -0.028595 10.402833 7.579164 11.323431 29.292797 58.927414 -3.443868 -1.100066 3.180816 23.397440 -16.395226 4.892237 -46.083458 -18.391335 16.125071 70.332932 19.719873 2.419736 4.099297 15.606921 0.000037 -0.002243 -0.004293 -10.407924 -34.079372 -4.950175 -77.757347 79.326088 -87.932198 -0.828142 -5.207057 3.087079 -0.000345 -0.002583 0.006580 
133.633865 0.000000 -498.798645 -156.239700 -0.000000 0.000000 -3.450873 -16.597902 -6.832747 1.130107 3.613666 -2.422530 2.156646 7.460611 -4.662293 2.328413 7.559213 -4.438262 2.304712 0.387132 -1.153271 -0.436538 10.273146 3.082238 3.227386 0.040483 -17.534094 -3.000413 8.382654 -38.774410 -87.407303 -2.763951 -3.873695 1.993308 29.940836 4.484844 4.505198 -0.040253 11.613526 8.968218 17.130810 32.450527 45.741585 -3.916930 -2.828298 1.955579 19.647188 -12.948525 4.659261 -47.664471 -17.985374 16.744383 76.494987 20.109091 0.559512 2.085025 15.629762 0.000015 -0.002199 -0.004048 -5.679857 -37.659931 -8.557929 -42.399345 75.761810 -52.871723 -1.222055 -4.474497 4.586600 -0.000368 -0.002657 0.006523 
135.489243 0.000000 -503.844727 -153.712158 -0.000000 0.000000 -1.489350 -15.079735 -7.817324 0.785123 3.838786 -2.420597 1.461935 7.763776 -4.825172 1.657140 7.816371 -4.627213 2.521686 -0.248446 -0.913934 -0.035919 9.299397 2.717693 2.021655 -0.049114 -17.084581 -7.804585 0.979453 -41.631447 -87.325897 -2.870264 -3.544054 1.890313 32.513016 3.857004 4.940313 0.000285 11.901759 9.837394 23.691265 36.199284 37.619625 -3.331751 -2.498846 1.244937 15.542320 -10.219967 4.020440 -49.214134 -15.756927 12.252147 82.582977 15.444882 -1.781497 1.085908 15.370512 0.000002 -0.002085 -0.004164 -1.701335 -38.624416 -11.163924 -21.782284 67.292732 -31.928797 -1.638271 -2.474640 5.857270 -0.000385 -0.002820 0.006552 
137.328934 0.000000 -508.660645 -151.227097 -0.000000 0.000000 1.209679 -13.152485 -9.147548 0.258407 4.096989 -2.288601 0.294758 8.092093 -4.712324 0.449682 8.103209 -4.582680 3.346278 -0.559833 -0.726080 1.043208 7.729876 1.292095 1.005327 -0.100450 -15.490286 -11.014029 -4.562700 -44.675247 -89.239212 -2.805751 -3.611803 1.384070 33.125050 4.366914 4.800306 0.131981 12.003044 10.589088 30.016331 39.651871 36.523472 -3.065845 -2.027081 0.713916 15.485356 -8.122348 2.954310 -51.382092 -12.253101 -44.275417 86.764923 -41.445187 -4.461046 1.298342 14.583534 -0.000011 -0.002031 -0.004169 0.522458 -37.244854 -13.034262 -10.483668 56.104172 -21.297894 -0.773578 0.701214 7.758031 -0.000400 -0.002883 0.006756 
139.140076 0.000000 -513.258240 -148.811142 -0.000000 0.000000 4.420890 -11.087140 -10.956875 -0.399492 4.405636 -2.093714 -1.165063 8.488941 -4.417904 -1.088661 8.440328 -4.349121 3.681044 -1.041351 0.652469 2.411054 5.874935 -0.683521 -0.373393 -0.094263 -13.163912 -13.010827 -9.193848 -47.933918 -92.619507 -2.577520 -3.864509 1.021744 33.452431 3.902451 4.109597 0.183669 12.161874 11.176088 35.322567 43.513023 39.431240 -2.886969 -1.784878 1.391996 15.424595 -7.212945 0.721000 -54.275154 -8.069672 -100.173737 84.223236 -97.287361 -6.671133 2.582980 15.039908 -0.000028 -0.001896 -0.004274 3.911284 -33.872314 -15.020099 -2.779967 45.252831 -15.136890 0.675669 6.319059 11.130914 -0.000424 -0.003031 0.006678 
140.933182 0.000000 -517.630127 -146.455688 -0.000000 0.000000 7.776213 -8.662033 -12.669908 -0.972780 4.642216 -1.908672 -2.484751 8.744946 -4.087814 -2.535711 8.635073 -4.073459 3.918035 -2.009043 2.876018 4.319090 4.177253 -3.189786 -1.763347 -0.055148 -10.537539 -14.634502 -12.852176 -51.466221 -97.803818 -2.519166 -4.130396 0.033422 33.595165 3.459871 2.935119 0.246410 11.964818 9.806000 38.068306 46.427711 44.674377 -2.069216 -1.007344 2.942750 15.317004 -8.500468 -2.543031 -57.241478 -2.880752 -113.207832 79.721718 -109.652138 -8.535931 6.387695 14.788450 -0.000049 -0.001768 -0.004485 9.356814 -28.620935 -17.936823 1.842924 35.710018 -9.243754 2.322954 9.715330 14.429992 -0.000447 -0.003129 0.006770 
142.675018 0.000000 -521.777039 -144.151566 -0.000000 0.000000 10.531615 -6.417021 -13.677340 -1.484475 4.726961 -1.822500 -3.652081 8.750137 -4.001812 -3.832735 8.596242 -4.047948 4.120182 -2.079313 5.484454 6.471187 2.926145 -5.555823 -2.978429 -0.057745 -8.690755 -17.741184 -16.106129 -54.656483 -102.438431 -2.568025 -4.259449 -0.985081 33.851261 2.535063 1.966666 0.301136 11.928345 6.787767 38.937679 47.686760 49.885555 -1.611028 0.039786 4.023637 16.630630 -10.065442 -6.827236 -60.472675 2.873093 -121.140915 75.982544 -116.654076 -9.962429 9.339738 14.446774 -0.000078 -0.001747 -0.004592 15.912807 -22.375956 -21.228313 5.256537 28.860796 -5.017065 3.984468 10.640686 16.105867 -0.000474 -0.003114 0.007053 
144.422333 0.000000 -525.698547 -141.932190 -0.000000 0.000000 13.375214 -4.474204 -14.052556 -2.013663 4.740091 -1.899613 -4.820351 8.624228 -4.210050 -5.107225 8.409200 -4.277921 5.080943 -1.141791 8.362346 9.591607 2.034044 -8.392036 -3.950285 -0.218674 -7.812874 -23.003664 -19.781982 -55.690052 -105.211929 -2.542228 -4.273141 -1.777354 33.359550 2.556053 0.744873 0.348150 12.168116 4.248802 40.569935 50.718430 52.231922 -1.412304 1.145587 5.422275 16.574574 -10.587790 -11.881878 -63.383286 8.565579 -127.588394 72.294006 -123.006989 -11.155702 10.208676 13.650508 -0.000110 -0.001737 -0.004499 18.243402 -17.862778 -22.471077 8.048592 24.188486 -2.191911 6.199283 11.709880 20.229910 -0.000501 -0.003098 0.007245 
146.154236 0.000000 -529.355225 -139.800797 -0.000000 0.000000 16.325563 -3.139851 -13.895651 -2.461347 4.824018 -2.002993 -5.826850 8.733168 -4.534213 -6.195424 8.461472 -4.646625 6.638155 -0.330534 9.611291 12.197103 1.405349 -10.427118 -5.169201 -0.494803 -7.522368 -30.296194 -22.498087 -53.591618 -106.758804 -2.706294 -4.625815 -2.365453 34.202457 2.497739 0.207088 0.465401 12.622666 3.723842 41.948147 54.900738 51.938534 -1.302695 2.173822 5.439741 17.269800 -9.817872 -18.025633 -65.762741 15.008751 -133.301605 70.157448 -129.026611 -11.506320 10.272261 13.335093 -0.000111 -0.001951 -0.004318 17.920021 -15.908895 -22.872709 8.333801 25.843632 -1.478826 5.066833 6.390553 30.375420 -0.000499 -0.002902 0.007817 
147.810364 0.000000 -532.776611 -137.750885 -0.000000 0.000000 19.514233 -1.942249 -13.569770 -2.698048 4.989270 -2.191611 -6.419302 8.992972 -4.990729 -6.846659 8.670053 -5.124856 7.667271 -0.067037 10.492455 14.226963 0.444372 -12.080360 -7.066446 -0.670804 -7.117563 -40.135994 -24.607216 -49.529865 -107.625061 -2.395819 -4.625973 -3.670510 33.475307 2.391928 -0.083033 0.498580 13.608541 5.906637 42.629986 59.552452 49.706444 -0.878409 2.421250 4.890072 17.499969 -8.663313 -23.735163 -68.055588 20.472252 -137.681046 68.799217 -133.227066 -12.293198 9.574903 12.775270 -0.000110 -0.002118 -0.003921 13.252538 -14.922646 -22.801302 9.821932 28.227243 -0.622286 0.810061 -2.956498 41.516895 -0.000494 -0.002777 0.008206 
149.416718 0.000000 -535.999084 -135.684921 -0.000000 0.000000 22.089523 -1.171311 -13.480122 -2.598094 5.159752 -2.306143 -6.403354 9.360973 -5.234216 -6.944940 9.023695 -5.348349 8.094635 0.116467 10.943189 15.284274 -0.766461 -13.244728 -9.134583 -0.619404 -6.823926 -49.272266 -26.457834 -45.887268 -108.228508 -1.931029 -4.411116 -5.305576 33.098431 2.269294 -0.339132 0.476471 14.958214 10.886518 42.829372 64.519653 46.246643 -0.343307 2.198528 4.812233 16.221447 -7.754008 -28.699797 -68.982964 24.538351 -141.446671 67.684151 -136.572876 -13.243071 7.804940 12.361366 -0.000122 -0.002084 -0.003556 8.021435 -14.895629 -21.601978 12.123601 31.473690 0.385587 -2.952767 -11.654452 45.223938 -0.000496 -0.002798 0.008117 
151.003082 0.000000 -539.071411 -133.578964 -0.000000 0.000000 23.448193 -0.706593 -13.982597 -2.278225 5.459790 -2.217911 -5.838809 10.032831 -5.020591 -6.459010 9.675304 -5.073154 8.834868 -0.125137 10.977841 16.540043 -1.758303 -14.236730 -11.078379 -0.625079 -7.034873 -56.271790 -27.372507 -42.833675 -108.293243 -1.803958 -4.417895 -6.794505 33.655041 2.294318 -0.134865 0.446119 16.312792 16.481649 41.575897 67.944214 42.790012 -0.161434 1.874112 4.645847 14.282351 -6.592083 -31.791868 -69.314774 27.105602 -145.428604 66.799644 -140.397385 -13.637937 6.718280 12.274267 -0.000114 -0.002141 -0.003190 3.902334 -15.726665 -19.556969 13.481038 35.425346 1.023809 -4.553063 -18.579905 44.665390 -0.000478 -0.002679 0.007962 
152.535873 0.000000 -541.949768 -131.415680 -0.000000 0.000000 23.830206 -0.431497 -14.578808 -1.961702 5.806878 -2.053052 -5.127973 10.797044 -4.619638 -5.735531 10.398677 -4.593322 9.695814 -0.211964 10.314920 17.383074 -2.370485 -14.698815 -12.643331 -0.740292 -7.795604 -61.185780 -27.125284 -40.754704 -107.524780 -1.748558 -4.452211 -8.188074 34.329021 2.424898 0.601878 0.329174 17.709583 22.092012 38.705910 69.413857 38.123516 -0.227098 0.895920 3.997550 12.340816 -5.102902 -32.003307 -69.503021 28.303829 -151.442535 66.833519 -146.165695 -13.144497 4.897087 11.633206 -0.000092 -0.002284 -0.002791 0.983162 -17.599318 -17.550385 14.381474 40.521343 1.622682 -4.650830 -23.471430 43.106697 -0.000451 -0.002521 0.007728 
153.971558 0.000000 -544.578796 -129.195251 -0.000000 0.000000 24.133238 1.087093 -17.454567 -2.574854 6.307852 -1.107415 -6.114976 11.981528 -2.467136 -6.676450 11.572442 -2.411927 11.400382 -0.914995 13.534939 23.312727 -1.515214 -18.925108 -14.010748 -0.595573 -8.262226 -57.515804 -16.491316 -34.861935 -93.619553 -1.684110 -3.653358 -8.622153 32.134846 1.453891 0.379904 0.001114 19.397718 21.995693 33.901459 68.146484 44.695614 -0.738473 -0.275429 2.892878 13.610727 -2.892407 -32.701866 -65.733543 31.423954 -179.672531 74.893570 -173.489502 -7.194860 -5.882351 9.162560 0.000053 -0.002272 -0.003389 1.194165 -21.101427 -14.796989 15.986239 50.074818 3.866260 -6.033242 -28.960978 40.873936 -0.000311 -0.002565 0.005925 
154.990204 0.000000 -546.953613 -126.870293 -0.000000 0.000000 23.773602 1.113771 -17.224915 -2.405166 6.623533 -1.143729 -5.696756 12.635205 -2.501972 -6.190013 12.215385 -2.415461 12.013741 -1.294767 13.725407 24.527033 -1.900359 -19.881399 -14.448826 -0.638822 -9.159577 -57.902187 -16.268379 -35.538769 -92.715744 -1.578431 -3.445445 -9.186093 33.276321 1.044464 1.730856 -0.301688 19.924326 26.201580 31.556702 66.940178 43.815472 -0.804068 -0.782748 2.712823 14.158506 -2.332005 -33.086288 -66.236000 32.882381 175.730362 74.033272 -177.732544 -6.435616 -8.360816 6.710148 0.000046 -0.002165 -0.003516 -0.633296 -21.898314 -13.864727 18.136255 53.248951 5.797411 -7.228095 -32.198425 42.385178 -0.000310 -0.002656 0.005617 
155.931686 0.000000 -549.044556 -124.481995 -0.000000 0.000000 22.611998 1.240323 -16.955997 -2.294942 6.895414 -1.103815 -5.384232 13.185028 -2.425396 -5.808866 12.746398 -2.328881 12.595185 -1.205721 13.400302 25.342623 -2.404254 -20.568331 -14.419038 -0.725890 -10.130789 -57.071918 -15.516377 -37.222996 -91.993980 -1.541125 -3.305925 -9.530307 34.745880 0.522421 3.448499 -0.582484 19.987028 29.287279 28.719488 63.329586 42.930454 -1.004280 -1.720724 2.230677 16.115824 -1.438747 -31.384382 -67.249557 32.095512 168.494873 73.707024 175.198135 -4.558869 -9.246261 5.678104 0.000052 -0.002146 -0.003592 -1.519412 -22.878780 -13.307094 20.363180 55.135464 7.814492 -7.318305 -33.666603 43.144093 -0.000304 -0.002674 0.005431 
156.795334 0.000000 -550.877380 -122.043739 -0.000000 0.000000 21.197495 1.449466 -16.509708 -2.220163 7.133646 -1.066519 -5.147082 13.642826 -2.371890 -5.508035 13.186158 -2.276718 13.172964 -1.154312 13.093431 26.178326 -2.721542 -21.432323 -14.092237 -0.806776 -11.078408 -55.950306 -13.822680 -38.749245 -91.424416 -1.536185 -3.250976 -9.576724 35.914066 0.046135 5.281975 -0.839355 19.555712 30.335150 25.539118 57.962463 42.394360 -1.392968 -2.864931 1.538126 19.506256 -0.689776 -28.589781 -68.734718 30.125153 160.593552 73.083908 167.167511 -2.514303 -9.864904 5.831013 0.000058 -0.002133 -0.003684 -2.054071 -23.782545 -13.226524 22.349253 56.185066 10.174393 -6.476305 -34.548641 42.871033 -0.000301 -0.002694 0.005268 
157.537918 0.000000 -552.485657 -119.558060 -0.000000 0.000000 20.153219 1.829862 -15.688447 -2.128100 7.360456 -1.108798 -4.938172 14.052968 -2.500473 -5.243327 13.603954 -2.414745 13.515954 -1.305043 13.145256 27.051565 -2.823964 -22.492125 -13.671771 -0.884231 -11.968288 -54.261059 -11.847457 -40.002796 -91.064903 -1.516473 -3.158144 -9.518047 36.271744 -0.182899 6.846581 -1.016910 18.940430 29.637091 22.078060 52.306976 43.140583 -1.741974 -3.804367 0.989859 22.885511 -0.533043 -23.235201 -70.680252 25.911165 154.550262 72.197479 160.886551 -1.260655 -11.705163 6.502435 0.000064 -0.002141 -0.003775 -2.287161 -24.330194 -13.865280 23.656544 56.816269 11.898834 -5.668922 -35.184399 42.224709 -0.000305 -0.002739 0.005223 
158.156403 0.000000 -553.908630 -117.034523 -0.000000 0.000000 19.258875 2.571936 -14.873259 -1.985888 7.537189 -1.148665 -4.619983 14.360685 -2.637843 -4.864951 13.894174 -2.586103 13.811641 -1.690026 13.384346 28.088797 -2.817017 -23.566847 -13.190647 -0.896615 -12.499949 -52.011978 -10.318152 -40.966270 -91.224014 -1.514255 -3.148306 -9.223142 36.739162 -0.461116 7.926649 -1.040769 18.015583 26.975863 17.907444 46.811436 45.715347 -1.819869 -4.339025 0.807812 25.302567 -1.351318 -17.336090 -72.626076 21.244482 151.532898 71.605324 157.431915 -0.542035 -12.666914 7.277794 0.000061 -0.002142 -0.003877 -2.261388 -24.670105 -14.814589 23.990112 57.203064 12.301073 -5.333592 -35.264446 41.890236 -0.000313 -0.002748 0.005429 
158.641983 0.000000 -555.111267 -114.479675 -0.000000 0.000000 18.340643 3.365886 -14.198051 -1.783378 7.734467 -1.134602 -4.184710 14.721265 -2.656097 -4.383406 14.238798 -2.639005 13.866018 -2.143392 13.827780 29.009226 -2.605556 -24.598959 -12.865284 -0.838640 -12.742274 -49.632904 -8.933644 -41.527287 -92.039001 -1.544180 -3.321868 -9.072033 36.808746 -0.270982 8.571250 -0.991784 16.942554 22.694784 13.108822 41.376900 50.324821 -1.823239 -4.338963 0.807287 27.009377 -2.791878 -12.078491 -74.140007 17.085234 151.220169 71.506813 156.855545 -0.148879 -12.732334 7.075524 0.000059 -0.002129 -0.004089 -1.998383 -24.754023 -15.655819 23.319908 57.546772 11.600388 -5.608288 -34.947086 42.065498 -0.000318 -0.002748 0.005759 
159.011993 0.000000 -556.082153 -111.902153 -0.000000 0.000000 17.283218 4.053164 -13.787014 -1.608161 7.898937 -1.060468 -3.775144 15.039757 -2.513784 -3.919847 14.543156 -2.518880 13.803499 -2.854894 14.160235 29.613482 -2.318684 -25.390350 -12.456100 -0.779264 -12.944761 -46.801376 -7.646251 -41.617382 -92.843880 -1.696927 -3.598366 -9.024091 36.560261 -0.022051 8.949057 -0.949645 16.025784 18.692677 8.389663 36.393784 56.412445 -1.849270 -3.829547 0.911932 28.701406 -4.250331 -8.443852 -75.254898 14.316422 151.610672 71.384613 157.106125 0.117490 -12.390336 6.443855 0.000055 -0.002108 -0.004398 -1.812702 -24.530561 -16.255291 22.323679 57.522129 10.564654 -6.095370 -34.893017 42.429554 -0.000324 -0.002774 0.006120 
159.280441 0.000000 -556.828674 -109.311951 -0.000000 0.000000 16.251469 4.701574 -13.490723 -1.381378 8.003568 -0.994244 -3.277634 15.251622 -2.366549 -3.387607 14.753239 -2.383639 13.495259 -3.897721 14.345387 29.776567 -2.053320 -25.752468 -11.981955 -0.718977 -13.044325 -43.549805 -6.292941 -41.239132 -93.332855 -1.952664 -3.914863 -8.826025 36.662247 0.415757 9.179333 -0.897169 15.302752 15.020962 3.451199 32.643982 62.203259 -1.903993 -2.555460 0.858766 29.990622 -5.424650 -5.888311 -75.991943 12.376531 151.944092 71.470329 157.452545 0.255943 -12.090768 5.994205 0.000057 -0.002116 -0.004721 -1.977258 -24.046043 -16.667645 21.429842 57.198345 9.654585 -6.940413 -35.078320 43.156540 -0.000327 -0.002785 0.006494 
159.443787 0.000000 -557.370178 -106.743881 -0.000000 0.000000 15.231586 5.310059 -13.255810 -1.144248 8.058690 -0.920242 -2.755933 15.373242 -2.203104 -2.837691 14.869090 -2.225778 13.128962 -4.907755 14.477072 29.738909 -1.712832 -25.958950 -11.465309 -0.692011 -13.148169 -39.800705 -5.373462 -40.843353 -93.518791 -2.179771 -4.103774 -8.505999 36.766312 0.789628 9.298205 -0.856689 14.640894 11.651384 -1.765897 30.158272 66.513977 -2.034098 -0.249476 0.815250 30.715796 -5.926656 -2.396208 -76.439362 9.584736 150.519028 71.499390 156.000244 0.722083 -12.171692 5.667967 0.000061 -0.002117 -0.005001 -2.443187 -23.413553 -16.697817 20.259375 56.660900 8.481744 -7.871036 -35.250050 43.649864 -0.000330 -0.002813 0.006825 
159.491257 0.000000 -557.707520 -104.218521 -0.000000 0.000000 14.435885 5.964250 -12.995711 -0.898574 8.012221 -0.897255 -2.268592 15.282778 -2.146700 -2.352209 14.778855 -2.174699 12.833766 -5.734738 14.459238 29.551369 -1.537370 -25.927795 -10.981285 -0.614466 -13.037969 -35.808277 -4.314451 -40.286552 -94.389969 -2.309897 -4.273201 -8.309846 36.110153 1.309912 9.194868 -0.798528 13.908011 9.096878 -6.344761 29.083088 71.266296 -2.212469 1.842656 1.006770 30.578382 -6.713809 2.010134 -76.675430 5.643111 146.858292 71.385674 152.147141 1.629289 -12.337277 5.704536 0.000067 -0.002128 -0.005189 -3.543136 -22.540705 -16.314259 18.710417 55.595024 7.407400 -8.696692 -35.468853 43.729706 -0.000330 -0.002837 0.007010 
159.401413 0.000000 -557.847046 -101.749741 -0.000000 0.000000 13.858035 6.694028 -12.753678 -0.683248 7.925858 -0.868515 -1.883938 15.104424 -2.073675 -1.994225 14.607494 -2.106441 12.107753 -6.653990 14.706865 29.048021 -1.571404 -25.717339 -10.561872 -0.526561 -12.985698 -31.508514 -3.508882 -40.045422 -95.623726 -2.597762 -4.598210 -8.321899 35.610489 2.320613 8.932869 -0.755601 13.293306 7.278442 -10.036494 28.785923 76.221901 -2.710556 3.924278 1.200855 30.800289 -7.334711 8.817352 -76.517853 -1.080965 140.725693 71.021812 146.116684 2.677316 -13.133183 6.273514 0.000085 -0.002143 -0.005419 -5.033472 -21.666779 -15.865965 16.844046 54.185970 6.525113 -9.910625 -35.669762 43.676201 -0.000318 -0.002844 0.007101 
159.156845 0.000000 -557.784058 -99.341545 -0.000000 0.000000 13.345280 7.541317 -12.574020 -0.500611 7.797204 -0.837817 -1.572055 14.846395 -1.997150 -1.715569 14.357987 -2.027529 11.406486 -7.522616 14.974849 28.505869 -1.666733 -25.423790 -9.994102 -0.474894 -13.034114 -27.403793 -2.971994 -40.233738 -96.907532 -2.862852 -4.857959 -8.314929 35.020847 3.499846 8.556422 -0.720084 12.811481 5.586837 -13.025004 29.356195 81.382683 -3.586802 6.015258 1.478826 30.988453 -7.871071 16.038607 -75.999290 -8.275805 133.992752 70.393211 139.538544 3.667135 -14.360914 7.479658 0.000103 -0.002169 -0.005592 -6.678316 -20.598289 -15.568951 15.072971 52.466270 5.743956 -11.294901 -35.605072 43.909420 -0.000305 -0.002835 0.007133 
158.753235 0.000000 -557.504089 -96.995361 -0.000000 0.000000 12.827076 8.473764 -12.621614 -0.329581 7.645077 -0.780856 -1.277337 14.550446 -1.849087 -1.455880 14.074060 -1.866456 10.620472 -8.345845 15.273223 27.918404 -1.932017 -25.128862 -9.285047 -0.440271 -13.135144 -23.674137 -2.385706 -40.802582 -98.177574 -3.120069 -5.130292 -8.389169 34.236221 4.766594 8.068964 -0.710232 12.513837 3.847869 -15.400710 30.866463 86.457199 -4.842874 7.974181 1.888455 31.222023 -8.589294 22.681999 -75.227081 -14.814575 128.079391 69.651749 133.639740 4.547642 -15.551346 8.773164 0.000116 -0.002187 -0.005728 -8.694447 -19.515532 -15.110637 13.588284 50.647446 4.919381 -12.788371 -35.073917 44.575245 -0.000295 -0.002826 0.007102 
158.189651 0.000000 -556.996460 -94.711487 -0.000000 0.000000 12.491035 9.523215 -12.848538 -0.120307 7.451477 -0.685905 -0.915414 14.166342 -1.623489 -1.131643 13.693501 -1.622413 9.587968 -9.184558 15.837958 27.440607 -1.916260 -25.070549 -8.612704 -0.411486 -13.328247 -20.338121 -1.534406 -41.298409 -100.045609 -3.414594 -5.737179 -8.539053 33.050014 6.229031 7.267763 -0.742821 12.455729 2.432437 -16.734941 33.482685 89.812386 -4.976744 8.233246 2.309040 30.302235 -9.441243 28.738911 -74.404549 -20.581221 124.070541 69.064850 129.487381 5.157005 -16.376995 9.540191 0.000136 -0.002177 -0.005865 -11.129447 -18.223404 -14.637127 11.870347 48.520164 3.786278 -13.866368 -33.578007 45.167805 -0.000275 -0.002836 0.006786 
157.454163 0.000000 -556.247498 -92.482338 -0.000000 0.000000 12.266101 10.706300 -13.242166 0.106320 7.209693 -0.558061 -0.495526 13.705696 -1.326070 -0.736298 13.228568 -1.297516 8.640117 -10.073324 16.570728 27.241310 -1.777989 -25.130056 -8.022412 -0.403850 -13.473147 -17.322241 -0.610214 -41.734486 -101.267365 -3.847081 -6.495214 -8.383446 32.597576 7.671136 6.312943 -0.752742 12.591307 1.104104 -17.084593 36.384327 92.741318 -4.917528 8.354371 2.756753 29.080233 -10.249089 33.259655 -73.362549 -24.281530 121.356186 68.928284 126.772400 5.284330 -16.924120 9.779870 0.000159 -0.002212 -0.005997 -13.475204 -16.643497 -14.126346 10.111726 45.952873 2.500020 -14.152848 -31.098875 45.237175 -0.000247 -0.002764 0.006529 
156.534531 0.000000 -555.208862 -90.284195 -0.000000 0.000000 12.407775 11.941233 -13.727893 0.384649 6.912863 -0.424713 0.029042 13.172256 -1.005049 -0.222736 12.694074 -0.943231 7.573613 -10.660736 17.475212 27.011511 -1.563236 -25.113573 -7.512611 -0.376169 -13.321347 -14.635139 0.468363 -41.981888 -101.737167 -4.343645 -7.316398 -8.156030 32.206482 8.868011 5.258542 -0.770323 12.786343 -0.511064 -16.049114 39.281361 96.100830 -4.970565 8.335859 3.381759 27.783800 -11.070504 35.901577 -71.656754 -26.145157 118.591545 69.459198 123.974335 4.954585 -17.712706 9.967863 0.000181 -0.002238 -0.006241 -16.072878 -15.021113 -13.285313 8.057927 43.336334 0.975996 -13.529219 -28.095387 44.256599 -0.000218 -0.002705 0.006278 
155.462936 0.000000 -553.908508 -88.127151 -0.000000 0.000000 12.809073 13.332894 -14.393940 0.654958 6.608078 -0.298013 0.511285 12.616878 -0.697069 0.240904 12.156178 -0.591191 6.437919 -11.174153 18.385412 26.710152 -1.426225 -24.954741 -7.170489 -0.364867 -13.108047 -12.216619 1.885146 -41.688522 -101.653389 -4.806917 -8.000692 -8.010475 31.861109 9.820472 4.246657 -0.783747 13.244495 -1.710692 -13.891464 41.797684 98.707787 -4.920675 8.203084 3.968868 26.731825 -12.015451 36.525570 -69.701797 -26.309221 116.133469 70.942665 121.304672 4.100749 -18.337046 9.799706 0.000200 -0.002274 -0.006477 -18.395750 -13.642639 -12.130597 5.866835 41.261238 -0.666963 -12.223775 -24.350075 42.156235 -0.000196 -0.002664 0.006101 
154.231979 0.000000 -552.352905 -86.016518 -0.000000 0.000000 12.936695 14.887815 -15.113869 0.906260 6.277976 -0.154225 0.977739 11.992896 -0.368631 0.689763 11.551102 -0.220265 5.267457 -11.729533 19.191582 26.351110 -1.515864 -24.776733 -6.948346 -0.335803 -12.868403 -10.066935 3.118602 -41.360863 -101.051277 -5.106993 -8.425324 -7.711426 31.759880 10.665502 3.357625 -0.794001 13.647661 -2.244942 -11.086003 43.510002 100.315109 -4.723836 7.974410 4.615731 25.956776 -12.632456 36.126312 -67.682297 -25.664696 112.592583 72.775963 117.643364 2.663217 -19.320581 10.013505 0.000212 -0.002290 -0.006644 -19.448292 -12.269956 -10.692980 3.307044 39.551182 -3.318547 -10.417197 -18.754772 38.896561 -0.000182 -0.002643 0.005943 
152.857864 0.000000 -550.558899 -83.946632 -0.000000 0.000000 13.025919 16.497576 -15.729551 1.059587 5.973799 -0.048309 1.234896 11.377641 -0.118610 0.923085 10.938832 0.072411 4.066525 -12.298136 19.570978 25.714619 -2.045499 -24.211891 -6.811789 -0.305883 -12.604861 -8.298327 4.041910 -40.848118 -100.395493 -5.184914 -8.566072 -7.244266 32.165321 11.061452 2.550066 -0.794815 13.941665 -2.070228 -8.304430 44.600021 100.668472 -4.579288 7.882477 5.397093 25.480974 -12.996614 35.733059 -65.686852 -25.512440 109.337967 74.506142 114.328232 0.886956 -20.140200 11.004815 0.000213 -0.002263 -0.006742 -19.432980 -11.662642 -9.424567 1.095269 38.857075 -6.144049 -8.030349 -12.255204 34.626633 -0.000176 -0.002634 0.005876 
151.362717 0.000000 -548.564270 -81.907028 -0.000000 0.000000 11.547658 17.374973 -15.589554 1.076509 5.497778 0.262047 1.478401 10.441621 0.578192 1.174359 10.031337 0.804002 9.810167 -11.566852 16.369688 27.877512 -0.268512 -24.491055 -7.389893 -0.306439 -11.267195 -20.313406 12.240827 -43.676205 -101.510254 -3.215237 -6.059645 -8.427964 29.492800 6.556272 4.638497 -0.542148 13.192285 5.330816 5.741627 43.831333 90.316895 -4.760005 9.197096 5.877294 26.475370 -9.778793 29.043318 -63.767006 -19.917894 70.617737 77.841751 75.262604 1.242595 -19.866560 9.023952 0.000123 -0.002278 -0.005244 -17.844820 -7.748440 -9.329517 -0.217560 34.758465 -9.536342 -0.703199 8.293009 29.708708 -0.000267 -0.002619 0.006619 
149.916840 0.000000 -546.376587 -79.850082 -0.000000 0.000000 11.886270 18.081974 -15.447269 1.016241 5.432544 0.298204 1.409035 10.297358 0.648718 1.114863 9.880515 0.882776 9.883055 -12.536103 16.220779 28.074007 -0.336551 -24.202765 -7.130318 -0.322001 -11.150713 -17.874407 11.673240 -43.446541 -101.567841 -3.297883 -6.222085 -8.146531 28.766665 6.225961 4.195784 -0.459511 13.091708 4.344286 7.406992 44.845779 90.116142 -4.846533 9.336347 5.891642 26.644051 -9.377591 28.667852 -60.608383 -20.185322 59.349922 78.038536 64.196426 -0.042967 -19.643270 10.379577 0.000130 -0.002313 -0.005241 -14.791451 -9.004425 -8.337228 -1.271022 39.945793 -11.717727 0.013860 14.454823 23.017115 -0.000263 -0.002586 0.006643 
148.429199 0.000000 -544.020081 -77.847130 -0.000000 0.000000 12.504399 18.511114 -14.743244 0.794623 5.383136 0.220028 1.009578 10.248343 0.484166 0.750252 9.864327 0.697642 9.767878 -13.225792 16.762590 28.587185 -0.050535 -24.324444 -7.029514 -0.296414 -10.928421 -14.811536 10.544466 -43.620155 -102.386589 -3.172512 -6.092893 -7.960797 27.823870 5.884259 3.742576 -0.349314 12.898870 3.969624 9.386822 45.653351 89.533432 -4.768713 9.444326 6.090645 26.452414 -8.989772 28.082537 -57.086357 -20.111238 47.499413 77.323181 52.083832 -0.977772 -19.833200 11.832506 0.000129 -0.002296 -0.005159 -11.155646 -11.384029 -7.931384 -0.679277 47.549412 -11.955524 1.027990 19.226843 13.982079 -0.000261 -0.002577 0.006615 
146.868393 0.000000 -541.503357 -75.910667 -0.000000 0.000000 12.986450 18.647192 -13.885075 0.441533 5.470070 0.147173 0.391990 10.455918 0.334542 0.178672 10.084085 0.525953 9.682158 -14.011560 17.271152 28.899878 0.256745 -24.813040 -6.811093 -0.256936 -11.014679 -11.526028 8.113260 -43.902897 -103.173721 -3.156725 -5.969775 -7.363900 26.789455 5.419679 3.626089 -0.321630 13.008672 4.000386 11.355059 45.849911 88.573769 -4.778244 9.551845 5.798790 27.031897 -8.644798 27.317753 -53.702965 -19.792685 40.607742 76.370811 45.137272 -1.629094 -19.857546 13.256748 0.000118 -0.002189 -0.005207 -7.082240 -14.110928 -7.657387 1.824343 55.933495 -8.385697 2.415910 19.878096 5.798224 -0.000269 -0.002668 0.006547 
145.179779 0.000000 -538.811096 -73.991104 -0.000000 0.000000 13.553379 18.908823 -12.920854 0.113895 5.611952 0.111482 -0.222106 10.765502 0.220334 -0.433718 10.383457 0.393733 9.876340 -14.864169 17.024424 28.947897 -0.021619 -25.025055 -6.457218 -0.276657 -11.283390 -9.316355 5.126218 -43.686420 -103.834389 -3.314012 -6.021023 -7.044837 25.474380 5.228373 3.569091 -0.306985 13.209903 3.334832 12.857079 46.321449 87.255661 -4.777179 9.570387 5.292773 27.226274 -8.348653 26.730486 -49.700855 -20.028879 33.804157 74.436058 38.998119 -2.428606 -19.577469 14.893538 0.000114 -0.002169 -0.005313 -3.648673 -17.717602 -7.237044 4.597081 64.782249 -4.212741 4.096090 17.129929 2.840098 -0.000270 -0.002689 0.006654 
143.370453 0.000000 -535.913147 -72.076637 -0.000000 0.000000 14.406512 19.508514 -12.296135 -0.117102 5.698969 0.139014 -0.658423 10.942764 0.264013 -0.877343 10.557543 0.452558 9.868863 -15.346959 16.920160 29.008652 -0.649323 -24.979013 -6.354580 -0.305177 -11.351669 -8.357908 1.606085 -42.332630 -104.717560 -3.415630 -6.126204 -7.004755 24.310743 5.556598 3.222301 -0.287824 13.575274 2.003630 14.111690 46.801140 85.548935 -4.708173 9.333059 4.576487 27.783918 -8.481782 25.419884 -46.021362 -19.824652 26.511520 72.296494 32.269016 -3.317622 -20.287355 16.209097 0.000114 -0.002189 -0.005375 -2.559287 -22.090189 -5.398686 3.304605 73.189415 -4.443292 4.203413 13.836658 3.006423 -0.000273 -0.002660 0.006785 
141.471237 0.000000 -532.812866 -70.192108 -0.000000 0.000000 15.260896 20.146523 -12.131823 -0.305104 5.698885 0.262553 -1.023663 10.967964 0.527277 -1.245656 10.593373 0.733414 9.812123 -15.780301 16.794329 28.846285 -1.239100 -24.704723 -6.318293 -0.318394 -11.393410 -8.103122 -2.705671 -40.897438 -106.124413 -3.384360 -6.085648 -7.070151 23.298698 6.167587 2.579905 -0.285337 14.057288 0.276538 15.417082 47.208656 83.968018 -4.642094 9.161032 4.225930 27.884806 -9.195731 23.939526 -42.985672 -18.364655 21.909922 70.721077 27.862705 -4.169358 -21.552898 17.128592 0.000108 -0.002221 -0.005339 -4.276499 -27.210800 -2.123480 -10.633658 79.835114 -17.753548 2.639550 10.339704 3.318415 -0.000280 -0.002612 0.006973 
139.460709 0.000000 -529.493164 -68.338257 -0.000000 0.000000 16.091335 20.849064 -12.408189 -0.469908 5.629546 0.483526 -1.405939 10.845384 0.995605 -1.668769 10.486187 1.206933 9.758049 -16.297632 16.815922 28.872492 -1.540673 -24.673168 -6.566049 -0.327955 -11.305486 -8.363928 -7.582880 -39.640293 -107.785316 -3.304902 -6.064441 -7.330730 22.805510 6.799856 1.705163 -0.267243 14.470838 -1.244956 17.228916 47.365990 82.557014 -4.374276 8.770085 4.255783 26.699545 -9.510953 22.248556 -40.184032 -16.287966 17.925896 69.071350 23.871389 -4.999277 -22.039711 18.212664 0.000101 -0.002263 -0.005218 -7.905040 -32.609676 1.941373 -48.200500 82.574440 -55.540993 0.624073 6.817220 2.297973 -0.000286 -0.002557 0.007107 
137.377762 0.000000 -525.958374 -66.498192 -0.000000 0.000000 16.771358 21.472872 -12.821728 -0.638810 5.530393 0.716901 -1.784871 10.673700 1.495119 -2.083169 10.323688 1.712911 9.806470 -16.701492 16.902727 29.057440 -1.774095 -24.818851 -6.901122 -0.279157 -10.716146 -9.095401 -12.379526 -38.164776 -109.321159 -3.288623 -6.158792 -7.911911 22.230196 7.234109 1.096834 -0.262531 14.462422 -2.782972 19.546703 47.016094 82.249840 -4.370708 8.732564 4.663677 25.351465 -9.743977 20.551458 -36.834572 -14.250316 14.795216 66.705467 20.929323 -5.641119 -22.417814 19.261627 0.000089 -0.002237 -0.005164 -12.499180 -38.357960 6.703005 -77.160507 80.970642 -84.618370 -1.149766 3.121921 1.515428 -0.000295 -0.002564 0.007134 
135.240097 0.000000 -522.222351 -64.661064 -0.000000 0.000000 17.232210 21.977566 -13.281161 -0.851694 5.438524 1.010998 -2.216745 10.504403 2.100176 -2.553677 10.152908 2.308505 9.908449 -17.073557 16.834114 29.013403 -1.979124 -24.810633 -7.274193 -0.205418 -9.718345 -9.569860 -16.816563 -36.753716 -110.905586 -3.149296 -6.120463 -8.721933 21.277899 7.609914 0.690238 -0.278759 14.170962 -4.201886 22.156412 45.941227 83.558998 -4.501997 9.083148 5.511548 23.776762 -10.337441 18.549110 -32.763939 -12.010072 11.335825 63.143936 17.912514 -6.232600 -22.486994 20.107958 0.000074 -0.002187 -0.005115 -17.425625 -44.069569 12.307661 -84.831322 79.163757 -92.392136 -2.193560 0.485116 1.002643 -0.000308 -0.002618 0.007093 
133.043121 0.000000 -518.296265 -62.809677 -0.000000 0.000000 17.439915 22.306698 -13.513525 -1.158658 5.406563 1.257774 -2.772785 10.421886 2.588387 -3.111984 10.047548 2.780090 10.048331 -17.640823 16.617804 28.768293 -1.826692 -24.763075 -7.922362 -0.171907 -8.543911 -9.712092 -21.181164 -35.007595 -112.562790 -3.062889 -6.147517 -9.440222 20.667887 8.412547 0.239235 -0.245108 13.836512 -5.152291 24.716339 45.113758 85.218437 -4.466426 9.247454 6.048903 22.362467 -11.120951 16.837782 -28.101471 -9.918261 7.614491 59.034443 15.079287 -6.965492 -22.553192 20.392967 0.000074 -0.002202 -0.005024 -22.608063 -49.640293 18.696720 -79.902763 78.560287 -87.326416 -2.493070 -0.828207 1.706122 -0.000307 -0.002611 0.007076 
130.745117 0.000000 -514.173462 -60.962543 -0.000000 0.000000 17.424349 22.482731 -13.478797 -1.506185 5.358827 1.474522 -3.376397 10.341995 2.981493 -3.708710 9.966638 3.145183 10.498837 -17.973789 16.121729 28.638283 -1.478585 -24.737289 -8.463247 -0.113311 -7.250214 -10.251720 -25.133867 -33.392399 -114.038124 -2.969632 -6.174232 -9.887971 20.474756 9.300871 0.021047 -0.194617 13.312494 -5.781387 27.460779 44.683289 86.859901 -4.354432 9.238201 6.672059 21.014210 -12.213368 15.314339 -23.034525 -8.453450 4.589723 54.677147 12.822216 -7.506937 -21.687077 20.832876 0.000068 -0.002182 -0.004914 -28.903847 -54.893177 26.286667 -70.436966 78.669937 -77.431465 -2.088497 -3.145343 3.344516 -0.000308 -0.002635 0.006977 
128.376419 0.000000 -509.880249 -59.086555 -0.000000 0.000000 16.996546 22.619514 -13.231771 -1.852223 5.296747 1.697191 -3.966581 10.224710 3.393988 -4.268146 9.861066 3.523502 10.704104 -18.509987 15.634736 28.459297 -0.892322 -24.863346 -8.584612 0.004984 -6.092194 -11.009478 -28.146883 -32.263512 -115.004082 -2.836132 -6.186772 -9.939920 20.356709 10.244830 0.421595 -0.176364 12.402995 -5.958745 29.902494 44.428806 88.433083 -4.354387 9.276818 7.465577 20.000046 -12.871066 13.960958 -17.828636 -7.501177 1.508042 49.960983 9.966253 -7.804389 -18.411352 21.453291 0.000059 -0.002127 -0.004853 -35.371391 -59.303982 34.234627 -53.543198 78.478119 -59.693718 -1.462086 -5.725081 5.332531 -0.000313 -0.002696 0.006786 
125.956680 0.000000 -505.425964 -57.135704 -0.000000 0.000000 16.078138 22.609722 -12.736007 -2.114761 5.272377 1.916926 -4.411544 10.112951 3.790756 -4.686728 9.736189 3.873809 11.096209 -19.001865 14.519768 27.911427 -0.405779 -24.391933 -8.379159 0.001307 -5.477633 -11.423571 -29.645994 -31.392879 -115.531090 -2.864965 -6.268802 -10.281699 20.214378 11.626986 1.255735 -0.118023 11.281071 -5.594934 31.521748 44.086899 89.895462 -4.222488 9.215416 7.935112 19.159561 -12.449373 12.365770 -12.081858 -6.717496 -2.021739 44.391396 6.554722 -8.227916 -12.693025 21.728161 0.000068 -0.002204 -0.004647 -41.402939 -62.407299 41.415878 -31.153202 75.522858 -36.726791 -0.363399 -6.391461 6.800434 -0.000309 -0.002657 0.006748 
123.477814 0.000000 -500.785583 -55.094181 -0.000000 0.000000 14.593583 22.381124 -12.121933 -2.321272 5.284043 2.072300 -4.774481 10.069093 4.047816 -5.026864 9.666167 4.084489 11.580800 -19.604004 13.318159 27.285828 0.257025 -23.789110 -7.790825 -0.020506 -5.213712 -11.224803 -29.983831 -31.459476 -115.721962 -2.900744 -6.210824 -10.045166 20.426300 12.679822 2.584145 -0.033393 10.368415 -4.507211 31.990442 43.421623 91.214630 -4.218781 9.326208 8.314878 18.810431 -11.904350 10.937109 -6.020649 -5.692410 -5.767546 37.769962 3.181100 -7.581834 -4.787438 20.192982 0.000071 -0.002195 -0.004591 -45.909218 -64.287178 47.063866 -16.280354 70.140625 -21.396278 0.464216 -6.640536 8.598058 -0.000314 -0.002683 0.006741 
120.937088 0.000000 -495.989990 -52.981609 -0.000000 0.000000 12.907292 21.910355 -11.357885 -2.422519 5.308074 2.140833 -4.951018 10.035097 4.119652 -5.179359 9.593296 4.114495 12.564656 -20.270460 12.198261 27.242956 1.154740 -23.318033 -6.958808 -0.114423 -5.501189 -11.764869 -28.464254 -31.056591 -115.564743 -2.908709 -6.097343 -9.714323 20.078211 13.370736 4.140462 0.047584 10.118085 -2.749313 31.143490 42.946072 92.604362 -4.267405 9.430436 8.535556 18.255442 -10.969720 9.903560 -0.300980 -4.641107 -9.442657 31.363688 0.215726 -6.571675 4.925302 14.567194 0.000074 -0.002237 -0.004462 -48.464684 -64.655403 50.698662 -8.455511 64.025223 -12.865938 0.875049 -7.332263 10.237907 -0.000319 -0.002680 0.006725 
118.373634 0.000000 -491.066803 -50.820683 -0.000000 0.000000 10.739038 21.482538 -10.491579 -2.532105 5.230601 2.182614 -5.127893 9.819862 4.125046 -5.314492 9.345507 4.074162 13.184208 -20.845549 11.760916 27.544052 2.417697 -23.171457 -6.029407 -0.138732 -5.905289 -12.421056 -25.796185 -31.638384 -114.863174 -2.962414 -6.120646 -9.386362 19.902855 13.736820 5.675129 0.021292 10.202721 -1.041831 29.335493 42.322624 93.038963 -4.320836 9.439948 8.687279 18.272493 -9.964549 9.870028 5.178977 -4.570480 -12.584352 25.073212 -1.128702 -6.235948 17.151276 6.412296 0.000082 -0.002209 -0.004393 -48.914124 -64.407906 51.448730 -2.533918 58.080414 -6.295967 1.392052 -7.450361 12.609574 -0.000319 -0.002723 0.006546 
115.819290 0.000000 -486.066437 -48.571377 -0.000000 0.000000 8.396267 20.978342 -9.203114 -2.638002 5.039533 2.090209 -5.252260 9.398485 3.898010 -5.381175 8.892882 3.805514 13.626648 -21.228283 11.260235 27.440775 3.167819 -22.731489 -5.289619 -0.254776 -7.084886 -13.353784 -21.883545 -32.581364 -113.773865 -3.018390 -6.108819 -9.180356 19.151985 12.696569 6.998317 -0.133567 10.890482 0.974770 26.436913 41.103260 91.503387 -4.202111 9.293510 7.806815 18.876898 -8.239948 9.604722 8.676928 -5.658370 -14.972023 22.321918 -2.168969 -8.984128 27.667908 -3.397774 0.000094 -0.002253 -0.004374 -47.802475 -63.437618 49.948170 0.858260 53.682545 -2.308928 1.502241 -7.987423 15.750848 -0.000308 -0.002694 0.006444 
113.230087 0.000000 -480.994507 -46.225441 -0.000000 0.000000 6.264015 20.512844 -8.586282 -2.557215 4.905765 1.995319 -5.086040 9.078343 3.725204 -5.219163 8.555587 3.640491 14.322548 -21.468649 10.203445 26.834433 3.394809 -21.995996 -4.824932 -0.387402 -8.366399 -14.343733 -17.469534 -33.693916 -112.332115 -3.107584 -6.099361 -9.084476 18.710577 12.086535 7.590514 -0.309509 11.949476 2.600690 22.707781 40.204247 89.163467 -4.211977 9.164961 6.599641 21.044373 -6.977485 8.031898 9.288960 -6.694273 -15.143739 24.155930 -2.662412 -10.491975 31.857298 -8.443021 0.000093 -0.002331 -0.004337 -47.304977 -60.580303 48.867218 0.985435 50.458744 -2.659381 1.842250 -6.410766 14.346951 -0.000313 -0.002627 0.006597 
110.621964 0.000000 -475.815643 -43.783428 -0.000000 0.000000 4.392472 19.851444 -8.229456 -2.308020 4.922565 1.895757 -4.598437 9.089342 3.578316 -4.737472 8.576262 3.522505 15.212000 -21.628571 8.210894 25.490141 2.933787 -20.665331 -4.599784 -0.430869 -9.396631 -15.523789 -13.591469 -35.040649 -110.523582 -3.016660 -5.819578 -8.692039 18.328400 10.711631 7.888323 -0.484881 12.973787 4.528150 18.419895 40.295647 86.821068 -4.254389 9.006914 6.021260 22.813681 -6.922151 7.223660 7.739595 -6.424726 -13.655212 30.267462 -2.934300 -8.594543 30.432467 -7.032875 0.000083 -0.002360 -0.004249 -45.099091 -57.128666 46.906296 -1.611211 48.488167 -5.717962 1.789943 -3.651774 7.330245 -0.000328 -0.002628 0.006721 
107.999893 0.000000 -470.567322 -41.224846 -0.000000 0.000000 5.380535 19.564035 -5.112090 -2.680748 4.307814 1.232610 -5.587730 8.117451 2.166277 -5.766827 7.755952 2.060724 9.391986 -23.466938 9.087129 20.157850 3.434620 -16.285297 -5.870864 -0.360289 -10.125610 -18.539171 -5.434238 -39.248390 -110.191673 -4.414945 -7.622146 -10.064588 18.949135 10.629180 2.954264 -0.434483 13.658576 -3.191422 18.116793 46.522655 95.737808 -4.349120 8.619394 6.153781 18.086012 -6.615272 7.903147 5.944968 -5.689455 -11.941221 40.489265 -2.623847 -8.123575 29.825764 -10.568895 0.000191 -0.002541 -0.005009 -39.236217 -52.146603 41.959610 -5.424183 50.845985 -10.120791 1.595850 -9.768661 -4.035736 -0.000223 -0.002484 0.006018 
105.448914 0.000000 -465.327301 -39.175343 -0.000000 0.000000 4.144441 18.063513 -5.083823 -2.251127 4.376452 1.340669 -4.693914 8.335601 2.449958 -4.873610 8.029243 2.374177 9.853824 -22.878916 6.563694 18.307058 3.038071 -15.276491 -5.865273 -0.400188 -10.844171 -18.804720 -1.631673 -41.445145 -107.070778 -4.242976 -7.350583 -8.799963 21.281662 8.768373 2.309905 -0.471844 14.939501 -2.335169 13.331599 46.395985 94.249916 -4.383857 8.653803 5.485989 18.754595 -6.833838 9.907085 3.160896 -3.557719 -10.791844 50.179409 -2.119959 -6.590338 26.697090 -8.840502 0.000182 -0.002557 -0.004900 -35.337074 -49.468475 38.821156 -9.319143 54.118687 -14.622591 1.007088 -15.090110 -6.762434 -0.000233 -0.002457 0.006146 
102.881752 0.000000 -460.038391 -37.119080 -0.000000 0.000000 2.714513 16.702108 -5.235328 -1.725111 4.398454 1.509129 -3.607594 8.450723 2.831117 -3.777632 8.195087 2.778344 9.501466 -22.627695 4.328671 16.013386 2.472528 -13.995442 -5.857836 -0.412108 -11.148055 -18.504736 1.753344 -43.577450 -103.226006 -4.078532 -7.081820 -7.143387 23.811289 7.040404 1.924372 -0.490128 16.366936 -1.400542 8.467934 45.857895 92.861275 -4.354412 8.527123 4.266331 19.399216 -6.612795 11.986582 -0.888377 -1.322832 -9.139777 60.557465 -0.745102 -4.764100 23.266115 -6.451686 0.000175 -0.002540 -0.004900 -30.411362 -46.726723 35.006321 -11.733820 56.398624 -17.446402 -0.199507 -19.545937 -4.899678 -0.000238 -0.002456 0.006210 
100.263359 0.000000 -454.675659 -35.075130 -0.000000 0.000000 0.847270 15.447353 -5.528050 -1.217548 4.493485 1.777919 -2.508692 8.684978 3.414562 -2.657135 8.472096 3.380769 9.384835 -22.664865 2.249049 14.268371 2.085064 -12.924315 -5.640466 -0.433039 -11.869735 -17.489677 4.825232 -45.087509 -99.571815 -3.895748 -6.856067 -5.382471 26.530415 5.646970 2.066077 -0.560726 18.161072 0.221895 3.159653 44.967239 91.857857 -4.228021 8.223867 3.245217 19.638191 -6.575900 12.750465 -6.170846 0.604649 -4.963763 70.864578 2.679986 -2.891475 19.124582 -2.707286 0.000174 -0.002534 -0.004946 -26.103260 -43.775856 31.609097 -13.010900 57.589249 -18.699055 -1.653367 -22.616779 -2.370138 -0.000241 -0.002464 0.006238 
97.588058 0.000000 -449.218903 -33.049309 -0.000000 0.000000 -0.645971 14.760516 -5.782021 -0.776751 4.540363 2.007954 -1.564044 8.739502 3.954846 -1.710333 8.568340 3.943290 9.213429 -22.689840 0.401656 12.656576 1.962189 -11.857142 -5.123797 -0.485636 -12.951509 -16.135359 7.819000 -46.067963 -95.831314 -3.977674 -6.861286 -3.558731 30.088594 4.299445 2.549706 -0.618278 19.494200 1.771632 -3.011426 44.386467 91.210144 -4.184070 7.967284 2.529815 20.529724 -6.074194 12.323396 -12.534333 1.467457 4.870049 79.715767 11.969636 -1.758906 13.406866 1.293332 0.000183 -0.002575 -0.005000 -24.128876 -39.899639 29.088490 -12.760690 57.741821 -18.950510 -2.001589 -25.232096 -1.135268 -0.000234 -0.002430 0.006225 
94.883522 0.000000 -443.674896 -31.058603 -0.000000 0.000000 -2.248273 14.542131 -5.644395 -0.524118 4.514000 2.068385 -1.024994 8.663824 4.125439 -1.164325 8.525373 4.130893 9.044951 -22.810677 -0.908951 11.490835 1.685170 -11.058856 -4.322642 -0.477756 -13.975842 -13.479136 10.037105 -46.867764 -92.780380 -4.139441 -6.885886 -2.066285 32.595146 3.279509 3.507505 -0.718824 19.899902 3.712448 -9.040052 43.831997 91.459991 -4.156192 7.819309 2.408541 21.669212 -6.031079 11.601198 -19.806559 1.471320 51.314041 85.572693 58.690987 -0.920671 8.651886 3.189060 0.000190 -0.002586 -0.005086 -22.639206 -36.647923 26.598129 -11.789811 58.412430 -18.477505 -2.034654 -27.013493 -0.039801 -0.000223 -0.002403 0.006116 
92.167061 0.000000 -438.038818 -29.123293 -0.000000 0.000000 -3.564953 14.475316 -4.865008 -0.305887 4.415839 1.930622 -0.618911 8.500607 3.896068 -0.736878 8.381168 3.912146 8.982314 -22.706547 -1.811678 10.672356 1.319044 -10.476215 -3.300009 -0.400250 -14.586029 -10.478509 12.114521 -46.946857 -91.762695 -4.322323 -7.140921 -1.350572 32.410400 3.035756 4.551758 -0.832193 19.104403 4.829071 -14.275970 44.126617 93.040985 -4.124277 7.701185 2.891640 22.509995 -6.872382 11.307575 -27.806791 -0.326633 112.346184 82.582214 120.197678 0.375175 3.672775 4.201130 0.000197 -0.002533 -0.005236 -20.271505 -33.365841 23.311283 -10.865795 58.303268 -17.604601 -2.586320 -28.848177 1.608421 -0.000212 -0.002436 0.005866 
89.430252 0.000000 -432.342896 -27.264572 -0.000000 0.000000 -4.441208 14.552438 -3.628788 0.041299 4.258666 1.675798 0.022616 8.223760 3.391892 -0.086955 8.100011 3.412169 7.748590 -22.913960 -1.981585 9.259079 1.146955 -9.735715 -2.520845 -0.322611 -14.524542 -7.418073 14.498338 -46.490875 -92.963684 -4.521966 -7.624361 -1.242150 29.806171 3.776909 5.334932 -0.850562 17.758911 5.898855 -18.796494 44.942059 95.770760 -4.124225 7.733456 3.754265 22.838923 -8.219322 11.978691 -36.068829 -3.084494 119.438759 78.641441 127.649292 1.523313 0.532470 5.557334 0.000201 -0.002477 -0.005356 -18.551783 -29.477411 19.738495 -9.096232 56.825600 -16.245232 -3.417511 -30.338049 3.728122 -0.000206 -0.002475 0.005614 
86.690071 0.000000 -426.593536 -25.504536 -0.000000 0.000000 -5.359307 14.704269 -2.385462 0.540895 4.106104 1.357679 0.958959 7.878594 2.761266 0.841391 7.721248 2.785036 6.200863 -22.787668 -1.987166 7.533519 1.154685 -8.707887 -1.779577 -0.258105 -14.109501 -4.328668 17.418472 -45.194084 -95.220795 -4.858663 -8.223629 -1.751922 26.327547 4.902814 6.088614 -0.800179 15.952918 7.492194 -22.497778 45.608723 99.067589 -4.109950 7.852235 5.015039 22.067579 -9.602911 13.372389 -44.469540 -6.521620 114.720985 76.609383 122.720573 2.665147 -1.802176 5.896380 0.000205 -0.002438 -0.005487 -17.452253 -24.937370 16.054132 -6.973195 53.808090 -14.366664 -3.772207 -30.582033 5.600675 -0.000203 -0.002521 0.005544 
83.921799 0.000000 -420.792725 -23.865103 -0.000000 0.000000 -6.157593 14.872554 -1.431366 1.110747 3.892856 1.071179 2.088257 7.399536 2.219730 1.973792 7.230890 2.249018 4.725177 -22.483604 -1.879705 5.795447 1.428578 -7.622229 -1.324342 -0.211401 -13.431916 -2.567058 20.625511 -43.907753 -97.420143 -4.952895 -8.549297 -2.671584 22.559196 5.869638 6.555322 -0.685469 14.017162 8.738046 -24.914242 45.729584 102.507492 -4.263761 8.214703 6.316713 21.056837 -10.685754 15.460508 -51.295658 -10.696652 101.271431 76.492500 108.996132 3.545678 -4.320934 5.049526 0.000206 -0.002429 -0.005530 -17.094471 -20.022240 12.886461 -4.675881 50.146656 -12.107315 -3.364150 -29.795284 6.902434 -0.000202 -0.002549 0.005540 
81.098137 0.000000 -414.935303 -22.364489 -0.000000 0.000000 -6.772593 14.878227 -0.590186 1.674082 3.685478 0.838898 3.214755 6.951039 1.761271 3.102619 6.795835 1.779684 3.107981 -22.288498 -1.648008 3.972112 2.042107 -6.466585 -1.359828 -0.153530 -12.372739 -1.513130 24.046654 -43.523979 -99.437096 -4.979571 -8.791640 -3.690248 19.758928 6.814412 6.784024 -0.532551 12.124822 9.866321 -25.876581 45.065880 105.709213 -4.532090 8.601368 7.151388 20.532784 -11.152216 17.861338 -55.894260 -14.957563 79.788368 76.669121 86.701790 4.216187 -4.840664 3.862622 0.000206 -0.002432 -0.005663 -16.898605 -14.614022 9.952188 -2.611157 45.970329 -9.924663 -2.369897 -25.974102 7.583297 -0.000202 -0.002552 0.005554 
78.266647 0.000000 -408.994720 -21.024405 -0.000000 0.000000 -7.051138 14.521715 0.299955 2.287197 3.518918 0.557181 4.409940 6.617373 1.191423 4.289720 6.461518 1.216648 1.407073 -22.029768 -1.746511 1.699999 2.781484 -4.916725 -1.647573 -0.098632 -11.226383 -0.813363 27.797916 -43.012470 -101.435242 -5.051246 -9.081469 -4.729559 17.886671 7.432621 6.660804 -0.408647 10.572281 10.769378 -25.346889 44.335819 108.898430 -4.733265 8.816409 8.035925 20.082735 -11.083069 21.240984 -58.420502 -19.964973 51.463257 74.800308 57.971317 4.064267 -4.492170 3.165511 0.000210 -0.002445 -0.005806 -16.618692 -9.112658 7.077680 -1.475413 41.767559 -8.492800 -1.495493 -19.489065 7.824187 -0.000197 -0.002524 0.005603 
75.409576 0.000000 -402.993073 -19.858738 -0.000000 0.000000 -7.005235 14.004097 1.067405 2.845137 3.348757 0.324158 5.489688 6.279789 0.739071 5.368397 6.113801 0.774957 -0.230108 -21.677120 -2.185922 -0.858260 3.625386 -2.918453 -2.083454 -0.066206 -10.432506 0.246268 31.128555 -42.614758 -103.161301 -5.118343 -9.338149 -5.598644 16.410164 7.651327 6.144627 -0.342085 9.527584 12.046900 -23.529755 43.228596 111.708656 -4.730415 8.754942 8.866431 19.506296 -10.726945 23.687214 -58.963436 -23.992483 28.660236 69.516426 34.697018 3.323305 -4.172670 2.125140 0.000218 -0.002489 -0.005809 -16.834848 -3.314258 4.325478 0.115492 37.129543 -6.710603 -0.060099 -10.165179 7.264935 -0.000188 -0.002455 0.005595 
72.542068 0.000000 -396.927734 -18.852987 -0.000000 0.000000 -6.800036 13.531831 1.518064 3.243094 3.130876 0.135482 6.274884 5.865317 0.398222 6.151348 5.696772 0.465133 -1.390381 -21.463728 -3.102452 -3.372538 4.718530 -0.951243 -2.382642 0.026511 -9.783957 1.818317 33.579735 -42.628296 -104.287018 -5.148369 -9.461994 -6.212434 15.628982 7.706614 5.465609 -0.343031 8.767888 13.331330 -20.399166 41.986515 114.147972 -4.781943 8.663940 9.360577 19.304932 -10.681620 25.062946 -58.310661 -26.094887 13.791944 61.300213 19.499399 1.892427 -3.459900 0.475310 0.000216 -0.002413 -0.005929 -17.454290 2.592902 1.775303 2.509702 31.709780 -4.652604 1.395549 2.365378 8.280580 -0.000188 -0.002527 0.005437 
69.662003 0.000000 -390.818542 -17.994955 -0.000000 0.000000 -6.157386 13.046506 1.601244 3.538740 2.896791 0.016395 6.842649 5.456378 0.203424 6.704443 5.298952 0.302371 -2.082597 -21.088037 -4.024191 -5.307523 5.920772 0.767971 -2.545050 0.087611 -9.489882 3.715464 34.990250 -42.186295 -104.869957 -5.195365 -9.583334 -6.823869 15.045062 7.732530 4.785125 -0.342631 8.172240 14.198053 -16.925684 41.605137 116.003227 -4.725003 8.407948 9.394668 19.055218 -10.454762 24.268219 -56.632607 -26.314302 5.668618 51.437778 10.963235 0.590634 -2.688908 -2.404130 0.000220 -0.002354 -0.006072 -18.724022 8.040904 -0.345787 5.107914 26.443110 -2.908590 3.764518 15.561967 10.845032 -0.000179 -0.002584 0.005239 
66.788902 0.000000 -384.676971 -17.278381 -0.000000 0.000000 -5.464482 12.376739 1.385061 3.694566 2.701640 0.024091 7.155519 5.111227 0.230568 7.019884 4.961590 0.350227 -2.354699 -20.527758 -5.302875 -6.974634 6.846199 2.456263 -2.543717 0.081065 -9.642295 4.858946 35.955952 -42.563332 -104.780464 -5.264102 -9.570561 -6.993474 15.055172 6.823339 4.052550 -0.333726 8.077211 15.154077 -13.296116 41.453407 117.298218 -4.596684 8.078115 9.106385 17.879314 -9.584229 22.074585 -54.570889 -25.204338 0.841492 42.451923 6.337560 -0.858793 -2.646398 -4.169102 0.000236 -0.002403 -0.006071 -19.587246 12.284962 -1.654739 7.532110 23.575880 -2.053989 6.408877 24.950451 13.747566 -0.000158 -0.002527 0.005208 
63.896786 0.000000 -378.499725 -16.705984 -0.000000 0.000000 -4.454155 11.858984 0.950873 3.740201 2.449958 0.099771 7.238049 4.621772 0.383857 7.106582 4.486367 0.517542 -2.633820 -19.801964 -6.169757 -8.120519 7.267432 3.692204 -2.528680 0.070974 -9.836061 5.100578 36.883369 -44.055477 -104.678978 -5.250841 -9.455231 -6.707472 15.432243 5.339239 3.370833 -0.350164 8.371515 16.720102 -9.193157 41.401184 117.979843 -4.500250 7.867251 8.823195 16.750065 -8.631389 18.072701 -52.475372 -22.692549 -2.162823 34.062187 3.320858 -1.812845 -2.313159 -4.481758 0.000243 -0.002464 -0.005914 -19.130495 15.632460 -1.565049 9.449985 23.033764 -1.553182 7.846679 28.826241 14.263644 -0.000145 -0.002435 0.005176 
60.992176 0.000000 -372.282471 -16.283655 -0.000000 0.000000 -3.665330 11.391348 0.584505 3.692958 2.284045 0.075515 7.175022 4.282543 0.325043 7.054604 4.151675 0.471589 -3.309059 -18.840319 -6.234636 -8.804518 7.481016 4.803284 -2.290786 0.006477 -10.048802 5.518479 36.529343 -45.545444 -104.567932 -5.067957 -9.131021 -6.200879 16.358644 4.074432 3.017897 -0.335808 8.907269 18.643127 -4.686059 41.464222 117.204185 -4.428591 7.827088 8.332257 15.791171 -7.630383 14.608676 -51.114212 -20.805422 -2.065909 27.874994 2.367746 -1.367398 -2.181009 -5.145771 0.000250 -0.002539 -0.005773 -16.604143 17.466812 -0.244383 10.780248 26.447754 -0.612654 7.248254 27.617716 10.717555 -0.000145 -0.002376 0.005247 
58.091236 0.000000 -365.999542 -15.996912 -0.000000 0.000000 -3.215670 10.335080 0.519931 3.620898 2.359475 0.067577 7.102423 4.444976 0.284176 7.018447 4.323579 0.420008 -3.442585 -18.506126 -6.122462 -8.751330 7.529191 5.180861 -1.766255 -0.122225 -10.947297 5.301593 34.669434 -46.813480 -103.433479 -4.956261 -8.889227 -5.742613 17.337763 3.857221 3.311537 -0.283651 9.239230 19.770006 -1.094787 41.931343 115.428429 -4.318468 7.764140 7.706043 15.654782 -6.106024 14.540207 -49.244690 -21.350203 -1.160370 25.258419 2.439853 -0.751111 -1.825121 -4.744574 0.000265 -0.002622 -0.005653 -12.808531 17.130615 1.178713 10.628128 34.579636 0.903989 6.425266 25.074865 7.872565 -0.000140 -0.002352 0.005338 
55.185455 0.000000 -359.661194 -15.867425 -0.000000 0.000000 -3.029624 9.068303 0.642208 3.414263 2.608232 0.058406 6.726258 4.898760 0.257421 6.676231 4.749310 0.371638 -3.717136 -18.816948 -5.261499 -8.236000 7.901803 4.781757 -0.776666 -0.216134 -12.033251 4.635971 31.449795 -49.003078 -101.684830 -4.950670 -8.899979 -5.399010 17.881210 4.648794 3.655242 -0.296558 9.585695 20.999840 2.485857 42.347279 113.491341 -4.295768 7.761323 7.414461 15.879394 -5.138700 16.079422 -47.505642 -23.013865 -0.335974 27.251585 3.500717 -0.495711 -1.206367 -2.995661 0.000269 -0.002598 -0.005832 -10.828720 15.446587 1.307045 9.675134 44.004505 2.261526 6.053880 22.103073 7.974403 -0.000138 -0.002412 0.005328 
52.292305 0.000000 -353.348145 -15.890976 -0.000000 0.000000 -2.212382 7.073506 1.275511 3.010355 2.992553 -0.053899 5.923390 5.688196 0.056856 5.891277 5.570810 0.192276 -2.380021 -19.140947 -10.375389 -13.090261 9.909883 9.701524 2.736562 -0.237211 -12.777163 7.031055 29.802275 -50.774723 -104.199760 -3.272747 -6.263197 -2.284522 18.479425 3.870598 4.704731 -0.191480 11.657255 17.453053 8.206209 46.295357 104.588341 -6.259062 10.717269 8.383255 18.143744 -6.193191 20.447124 -43.479446 -27.871792 -0.422079 37.739311 5.200161 -2.274602 -0.319754 4.712610 0.000083 -0.002354 -0.004709 -13.926175 11.044020 0.307561 2.533759 57.587357 -5.188529 2.963826 17.455416 12.409974 -0.000319 -0.002616 0.006737 
48.893799 0.000000 -347.064392 -15.818618 -0.000000 0.000000 -1.265372 5.698178 2.024664 2.574749 3.161157 -0.242019 5.049015 6.118276 -0.338396 5.027356 6.038557 -0.204346 -3.340838 -18.531172 -8.472408 -12.406880 9.413998 9.040713 2.872274 -0.231130 -14.142006 5.275496 25.828821 -52.585083 -102.736961 -3.228513 -6.136615 -1.638247 19.240889 4.191939 4.626707 -0.180279 12.346626 17.903786 8.966659 47.984207 99.709557 -6.131202 10.689390 7.159908 20.796011 -5.578836 20.063921 -41.237137 -28.478371 1.482152 44.477852 7.703133 -2.232011 -4.052479 8.692327 0.000078 -0.002335 -0.004678 -15.780651 7.229202 -2.057681 -2.676518 65.604454 -9.850151 1.810134 14.807699 10.656043 -0.000322 -0.002622 0.006749 
45.498558 0.000000 -340.779388 -15.858177 -0.000000 0.000000 -0.729902 4.891596 3.156936 2.098271 3.299054 -0.609430 4.124717 6.514003 -1.115651 4.132970 6.464215 -0.993083 -3.929178 -18.692144 -6.430793 -11.342885 8.828013 8.267934 2.874365 -0.202331 -16.337427 3.569158 21.130066 -52.343811 -101.230804 -3.152183 -5.973938 -0.458595 20.183222 4.053882 4.364811 -0.198073 13.336791 17.811424 9.245947 49.219730 95.308029 -5.956728 10.469361 5.886487 23.843927 -5.149136 18.715721 -38.927902 -28.887323 4.348627 50.022602 10.670818 -1.181504 -9.293637 9.658052 0.000071 -0.002293 -0.004710 -16.811947 1.584277 -4.947364 -10.030599 73.467575 -17.108965 1.115170 11.885350 8.854712 -0.000325 -0.002623 0.006745 
42.090649 0.000000 -334.459717 -15.947623 -0.000000 0.000000 -0.281515 5.074042 4.275398 1.696374 3.305986 -0.930135 3.407070 6.562326 -1.814870 3.468693 6.532951 -1.719098 -4.549330 -19.495079 -4.613431 -10.543354 8.655230 7.405583 2.529449 -0.200751 -18.929747 0.775191 16.178127 -51.634613 -99.881233 -3.054216 -5.759876 0.424094 21.675373 3.357566 3.604542 -0.234138 14.482131 16.321899 9.769475 50.173336 91.719498 -5.543326 9.923182 4.592380 25.245447 -5.085823 17.754711 -35.784241 -28.425478 6.038392 52.701141 12.201460 -1.072421 -15.104340 8.860318 0.000078 -0.002306 -0.004713 -16.643152 -6.352608 -6.600461 -28.662737 80.843864 -36.042118 0.585870 7.043798 7.186216 -0.000314 -0.002587 0.006649 
38.669361 0.000000 -328.064453 -16.055096 -0.000000 0.000000 -0.067230 5.319618 4.855103 1.382670 3.236018 -1.113392 2.848869 6.424424 -2.231561 2.954276 6.421061 -2.164333 -5.031765 -19.805147 -3.198835 -9.834805 8.590669 6.694714 1.751199 -0.307913 -20.338163 -2.189380 11.292695 -52.162750 -99.278488 -2.870231 -5.600668 0.598556 23.422468 2.340662 2.775391 -0.199058 15.374434 14.390985 11.005803 51.339031 88.834618 -5.229698 9.603671 3.718257 25.354338 -4.821732 16.581566 -31.967844 -26.900772 6.765713 53.538746 13.101513 -1.349384 -19.507847 8.344277 0.000087 -0.002379 -0.004608 -15.618976 -14.681537 -7.118732 -70.539314 83.639175 -78.441780 -0.020580 3.706685 5.534290 -0.000309 -0.002552 0.006578 
35.272865 0.000000 -321.604065 -16.175150 -0.000000 0.000000 -0.519875 5.487490 4.706292 1.174218 3.075587 -1.169398 2.487818 6.148277 -2.362967 2.629149 6.166906 -2.312965 -4.550537 -19.045004 -2.864364 -9.075567 8.424641 6.448568 0.988721 -0.407861 -20.361605 -5.353524 6.862279 -53.264698 -99.537468 -2.847751 -5.607536 -0.017383 24.951563 1.796390 2.036154 -0.130103 15.738296 11.812881 13.474669 52.106659 88.490181 -5.190373 9.661460 2.966312 24.261398 -5.073444 15.375632 -26.967606 -24.962267 7.088468 52.596973 13.726925 -1.129953 -23.529949 7.815860 0.000094 -0.002432 -0.004513 -13.609273 -23.395571 -6.579703 -99.223320 82.063232 -107.875595 -1.042232 1.296366 4.429194 -0.000310 -0.002548 0.006581 
31.882160 0.000000 -315.083405 -16.341867 -0.000000 0.000000 -1.115079 5.461143 4.095256 0.828738 2.899253 -1.082579 1.847618 5.858663 -2.202959 2.014310 5.899021 -2.183234 -3.542338 -18.135071 -3.014400 -8.095659 8.358209 6.220866 0.447330 -0.440998 -19.763546 -7.750797 3.011182 -54.518677 -101.464355 -2.710771 -5.572896 -1.152486 24.752863 2.261477 1.510405 -0.049621 15.430025 9.842152 17.189846 52.045696 90.422302 -5.368619 9.922267 3.010494 22.095703 -5.390334 14.607547 -21.948708 -22.058422 7.276156 51.755527 13.994643 -0.866467 -26.437094 6.755188 0.000091 -0.002452 -0.004396 -11.473597 -31.180532 -4.964315 -99.188980 79.997055 -108.207336 -2.606767 -0.904273 3.692580 -0.000319 -0.002540 0.006587 
28.499496 0.000000 -308.486359 -16.576645 -0.000000 0.000000 -1.250392 5.278365 3.310409 0.250980 2.693104 -0.948104 0.724727 5.507827 -1.952724 0.903545 5.571716 -1.967074 -2.921880 -17.599953 -2.352688 -6.658513 8.589642 5.336223 -0.062221 -0.420072 -18.638258 -9.274002 0.389162 -55.786800 -104.431427 -2.690133 -5.696740 -2.330287 22.920622 3.473777 0.958022 -0.032970 14.939664 8.824174 20.531345 51.365391 92.635124 -5.730999 10.469655 3.693132 19.449755 -5.991252 13.623682 -16.867914 -19.081476 6.517472 50.155056 13.857780 -0.877297 -27.251928 5.709668 0.000080 -0.002368 -0.004449 -10.642385 -37.599674 -2.916740 -83.578194 78.567551 -92.613579 -4.000658 -2.376579 3.245987 -0.000331 -0.002600 0.006577 
25.131889 0.000000 -301.815796 -16.876953 -0.000000 0.000000 -1.237614 4.951589 2.573728 -0.426559 2.461984 -0.712506 -0.604421 5.067908 -1.518280 -0.428912 5.145666 -1.565032 -2.257519 -17.081064 -1.573878 -4.884402 9.274882 3.923731 -0.445172 -0.441999 -17.550089 -10.403216 -0.710573 -57.051674 -107.990501 -2.813056 -6.041649 -3.646467 21.670200 4.510131 0.410869 0.006642 14.191139 8.025341 24.002895 50.181187 95.412003 -6.096276 10.940077 4.394010 17.414181 -6.208427 11.805841 -10.790651 -16.255365 5.682262 47.045952 13.517736 -0.881981 -26.056515 5.387966 0.000083 -0.002368 -0.004513 -10.391212 -42.973038 -0.979846 -62.112228 76.105164 -70.798210 -5.459908 -3.648242 3.837287 -0.000330 -0.002601 0.006666 
21.798433 0.000000 -295.094666 -17.246181 -0.000000 0.000000 -1.367614 4.592581 1.952583 -1.164720 2.173069 -0.487714 -2.060503 4.473290 -1.094457 -1.893407 4.563047 -1.170220 -1.105915 -16.329111 -0.926343 -2.701004 10.139851 2.299830 -0.246720 -0.418942 -16.229681 -11.648087 -0.219960 -58.226662 -111.423096 -2.820977 -6.185627 -4.809635 20.403198 5.562342 0.342504 0.023303 13.081549 7.043352 27.877625 48.796005 98.066780 -6.328650 11.292247 5.187543 15.680869 -6.251098 10.420669 -4.110852 -13.401768 4.218836 42.413143 11.858407 -1.258327 -21.468151 5.933229 0.000077 -0.002369 -0.004504 -11.618913 -45.596626 1.528395 -39.490314 70.780006 -47.905087 -6.237619 -3.659587 4.654498 -0.000337 -0.002603 0.006717 
18.511627 0.000000 -288.364105 -17.675611 -0.000000 0.000000 -1.691153 3.939860 1.103718 -1.871074 1.926213 -0.234153 -3.451132 4.022398 -0.606794 -3.304899 4.132127 -0.712015 0.341065 -15.324081 -0.336539 -0.409069 11.258382 0.700657 0.063306 -0.343772 -14.755178 -13.069693 1.010955 -58.464642 -114.259491 -2.944890 -6.329323 -6.058156 19.318548 6.234980 0.339184 0.028701 12.043959 5.972832 31.378143 48.006802 100.236320 -6.396231 11.420558 5.952468 14.685656 -6.591754 10.489103 2.594416 -10.272168 2.195160 38.002171 9.386924 -1.705900 -13.112430 7.044240 0.000074 -0.002302 -0.004507 -14.546885 -46.222595 5.480292 -24.839109 63.148865 -32.995186 -6.116141 -3.533806 4.808007 -0.000343 -0.002681 0.006611 
15.259874 0.000000 -281.606995 -18.173040 -0.000000 0.000000 -1.600304 3.119278 0.311180 -2.494245 1.742977 0.008544 -4.684839 3.708456 -0.148206 -4.566958 3.843643 -0.270067 1.145617 -14.691738 0.773273 1.445537 12.349497 -0.817020 0.019706 -0.348791 -13.356294 -15.371772 2.873444 -58.085804 -116.369629 -3.116370 -6.437994 -6.744423 18.883053 5.627686 0.232321 0.071350 11.319628 3.606186 34.043022 46.648708 101.746078 -6.442494 11.460038 6.267003 14.232753 -6.663322 11.792323 8.310507 -6.766220 -0.466702 34.676434 6.587850 -1.353623 -2.100534 6.620703 0.000082 -0.002301 -0.004497 -17.558132 -45.225254 9.549182 -14.634645 53.725304 -23.026255 -5.127045 -2.570931 4.113981 -0.000336 -0.002667 0.006622 
12.041201 0.000000 -274.868805 -18.719770 -0.000000 0.000000 -1.351100 2.456941 -0.381457 -2.962899 1.577644 0.231280 -5.658923 3.427820 0.278694 -5.572166 3.575463 0.150503 2.129861 -13.670355 1.823975 3.235600 13.186408 -2.174276 0.232488 -0.389296 -12.433548 -17.778120 5.056720 -56.747452 -118.104111 -3.245858 -6.415713 -6.856795 18.626392 4.328708 0.361801 0.141729 10.899101 0.949210 35.869072 45.723198 102.507240 -6.434157 11.482432 6.397501 13.777869 -7.080129 14.604967 12.716228 -2.482702 -3.691372 32.434441 4.323555 -2.247090 9.668630 3.935296 0.000084 -0.002340 -0.004464 -18.618385 -43.242989 12.096375 -8.413321 43.476700 -16.206205 -4.270893 -1.144540 3.603370 -0.000333 -0.002605 0.006722 
8.872074 0.000000 -268.145813 -19.305334 -0.000000 0.000000 -1.356595 1.882510 -0.868976 -3.285558 1.396813 0.407725 -6.313326 3.108124 0.618444 -6.250765 3.264974 0.493801 2.778625 -12.919297 2.665201 4.531483 14.016842 -2.882395 0.600093 -0.439515 -11.974426 -19.741587 7.077956 -55.023895 -119.394089 -3.400198 -6.379695 -6.909384 17.887367 3.236175 0.667564 0.226172 10.732123 -1.909595 36.735851 44.502895 102.890869 -6.368564 11.496971 6.117412 13.672085 -6.820977 17.753199 15.318037 0.963870 -6.703787 32.384827 3.092467 -4.306612 18.668798 0.305145 0.000093 -0.002389 -0.004432 -18.198238 -41.029575 12.817016 -4.573105 33.864235 -11.041847 -3.627872 -1.320384 4.822352 -0.000319 -0.002518 0.006805 
5.708434 0.000000 -261.412659 -19.940592 -0.000000 0.000000 -1.567639 1.532239 -0.700332 -3.401613 1.242242 0.496656 -6.571866 2.758253 0.756571 -6.521071 2.891162 0.623594 2.829714 -12.543758 3.440273 5.296412 14.182674 -3.411377 0.969805 -0.492639 -11.894020 -21.391609 9.029234 -53.513142 -120.218620 -3.291818 -6.089952 -6.952582 16.878756 2.642542 0.913756 0.275817 10.826034 -4.689360 36.614822 43.677319 102.658295 -6.291789 11.433146 5.963543 13.592542 -6.738746 18.130758 16.458225 1.669345 -8.922016 35.329922 2.489972 -6.101647 22.585976 -2.439530 0.000086 -0.002402 -0.004310 -16.348074 -39.613079 12.015151 -3.290330 26.122339 -7.562781 -3.685944 -1.566313 5.806007 -0.000322 -0.002473 0.006885 
2.575080 0.000000 -254.662659 -20.621714 -0.000000 0.000000 -1.420477 1.152415 -0.295768 -3.332674 1.232667 0.428537 -6.464461 2.650063 0.600283 -6.396251 2.747587 0.458765 2.737450 -12.352743 4.110693 5.790537 13.666709 -3.822119 1.005813 -0.480427 -11.630747 -22.494061 10.238799 -52.340626 -120.480667 -3.169100 -5.878823 -7.010026 16.488642 1.591567 0.975612 0.215904 11.068036 -7.233675 35.141586 43.318829 101.943886 -6.074821 11.114556 5.482091 14.469073 -7.010048 15.956929 15.160496 -0.093075 -8.911419 42.037472 2.369292 -5.599975 21.316040 -1.485197 0.000077 -0.002337 -0.004310 -14.198935 -38.897625 10.832494 -3.464555 21.248276 -5.976511 -4.164402 -1.778441 6.172191 -0.000331 -0.002541 0.006907 
-0.519610 0.000000 -247.924210 -21.328737 -0.000000 0.000000 -1.763744 0.363032 -0.325389 -3.030627 1.343412 0.343793 -5.861185 2.807776 0.503890 -5.778210 2.914766 0.402239 2.520321 -12.110565 4.266973 5.628428 13.657464 -3.956054 0.603561 -0.454543 -11.205563 -23.010387 10.509831 -51.820782 -120.102493 -3.037754 -5.654094 -7.180430 16.694012 0.948462 0.442295 0.132528 11.378395 -7.807542 32.894901 44.155327 100.258629 -5.810964 10.799068 5.134319 15.741214 -7.196960 13.824668 12.128945 -1.960409 -6.912860 51.526672 2.582615 -4.384044 17.542906 0.142634 0.000067 -0.002264 -0.004295 -14.360117 -37.558929 11.639127 -2.740115 19.790813 -5.792802 -3.772423 -2.642617 6.424766 -0.000339 -0.002615 0.006851 
-3.588659 0.000000 -241.255875 -22.034800 -0.000000 0.000000 -1.927320 -1.115236 -0.706071 -2.617540 1.656358 0.390806 -5.043177 3.386494 0.675255 -4.996819 3.494073 0.608460 2.201249 -12.172696 3.747952 4.986773 13.701154 -3.673232 0.056799 -0.482436 -11.312626 -23.037704 11.032106 -51.773281 -118.397064 -3.060988 -5.681111 -6.944187 17.710772 0.435245 -0.474469 0.093796 11.928809 -7.070059 30.169641 45.771347 98.108955 -5.612856 10.625740 4.694728 16.223482 -7.203693 12.232195 9.315756 -2.696346 -4.028545 60.201046 3.166263 -3.629979 13.495847 0.342658 0.000073 -0.002295 -0.004180 -15.605774 -35.731098 13.188292 -2.079892 21.725527 -6.217662 -2.666985 -1.645988 5.274630 -0.000333 -0.002577 0.006820 
-6.613460 0.000000 -234.674316 -22.712875 -0.000000 0.000000 -2.373157 -2.577054 -1.679735 -2.198090 2.014386 0.590770 -4.170451 4.100249 1.136944 -4.137216 4.193765 1.092496 1.908181 -12.747595 3.126569 4.223435 13.427677 -3.476053 -0.191879 -0.509393 -11.260752 -21.782249 11.023651 -52.742264 -116.601776 -3.214076 -5.910782 -6.520677 19.063587 0.013368 -1.094195 0.071011 12.739986 -6.713891 27.095945 46.542664 96.120834 -5.550262 10.589880 4.060724 16.739880 -7.607574 12.067773 6.137893 -1.980743 0.281295 67.526474 5.478862 -2.243129 10.642267 0.257881 0.000068 -0.002299 -0.004160 -16.422806 -33.640347 14.898849 -0.575855 25.721392 -6.354864 -0.865121 1.938781 2.809810 -0.000333 -0.002552 0.006871 
-9.568138 0.000000 -228.149506 -23.391483 -0.000000 0.000000 -2.420419 -4.063232 -2.997912 -1.792007 2.447294 0.905047 -3.338461 4.948470 1.780943 -3.327921 5.023030 1.756684 1.109566 -13.318285 2.646597 3.104271 12.530803 -3.203734 -0.729172 -0.522736 -11.331137 -19.420818 10.112901 -53.938492 -113.931038 -3.306882 -6.119897 -6.049195 21.324684 0.657695 -1.754585 0.070656 14.132717 -6.390382 23.196186 46.632034 94.384491 -5.620937 10.655102 3.418643 17.839529 -7.658355 12.543225 2.254025 -0.679964 8.041513 73.894257 12.222029 -0.549423 8.354881 0.262757 0.000062 -0.002264 -0.004225 -16.853485 -31.178698 16.541851 0.726220 31.418964 -7.102933 0.471092 4.110375 -0.478401 -0.000337 -0.002592 0.006786 
-12.475767 0.000000 -221.642059 -24.085955 -0.000000 0.000000 -5.967518 -2.619394 -2.628930 -1.015125 2.752430 1.004497 -1.804665 5.571094 1.975962 -1.876514 5.582087 1.984508 4.719777 -16.400242 -3.780944 0.264244 10.888927 0.295938 0.970732 -0.632232 -10.522774 -14.685552 8.072554 -56.057117 -122.939056 -2.493571 -4.865028 -4.666906 22.105837 -0.418062 0.875265 -0.100496 14.913823 -2.425649 17.083487 47.279980 92.900612 -6.396973 12.224037 5.668138 17.782608 -12.999180 11.479145 0.957946 1.063977 -0.850386 80.856224 2.339180 -2.130212 8.793720 2.080325 -0.000103 -0.001983 -0.003784 -16.463303 -29.458891 18.275881 -0.889361 37.364723 -9.918165 0.488222 -2.467863 0.288853 -0.000514 -0.002905 0.008339 
-15.477206 0.000000 -214.901901 -24.495462 -0.000000 0.000000 -6.316330 -3.872691 -4.052606 -0.532318 3.119737 1.398247 -0.737344 6.265330 2.770268 -0.765503 6.276583 2.788476 4.780726 -16.751986 -4.862707 -0.473038 10.764302 0.986828 1.271261 -0.651753 -11.413853 -13.034667 8.348287 -56.590736 -119.001740 -2.493049 -4.879190 -3.452291 26.721807 -1.112987 1.249791 -0.114879 17.161678 -0.030828 11.796162 45.982548 90.276344 -6.173267 12.055738 4.563778 18.672403 -13.032562 13.299994 -5.859043 4.034472 3.410141 88.162605 6.483891 -2.507050 3.648265 1.541528 -0.000108 -0.002008 -0.003633 -15.358533 -26.800953 19.151155 -3.517809 42.872898 -12.715093 -0.048876 -8.605049 1.882775 -0.000516 -0.002881 0.008383 
-18.480539 0.000000 -208.145020 -24.897875 -0.000000 0.000000 -6.109272 -4.253609 -5.422030 -0.230017 3.279782 1.755460 -0.122562 6.576118 3.534244 -0.157797 6.583326 3.570714 4.656372 -16.964386 -5.535693 -1.171835 11.179217 1.084054 1.954274 -0.600326 -12.306367 -10.507054 8.697495 -57.533787 -114.997345 -2.348712 -4.528598 -1.861272 32.035469 -3.260416 2.056785 -0.274720 19.374554 2.987139 7.700947 44.489952 87.816170 -5.825867 11.530720 3.787726 19.970982 -13.172225 12.769285 -14.103981 5.733905 165.877045 86.266129 168.621323 -2.167908 -0.559546 2.285122 -0.000125 -0.001937 -0.003526 -14.208557 -22.384741 19.893959 -4.611062 44.642849 -14.622140 -0.949206 -14.222680 4.572781 -0.000533 -0.002962 0.008363 
-21.483269 0.000000 -201.377197 -25.280724 -0.000000 0.000000 -5.299125 -3.670852 -6.181348 -0.107290 3.264050 1.939776 0.069447 6.574104 3.925834 0.000404 6.600161 3.972827 4.187497 -17.141459 -5.824274 -1.999741 11.265302 1.278574 2.502751 -0.505705 -13.092955 -8.240084 9.402758 -58.172165 -111.172264 -2.220882 -4.058698 -0.672917 36.213577 -5.491568 3.146972 -0.450983 20.346106 5.235927 3.750451 43.841232 85.325302 -5.615456 11.225530 3.075033 21.575859 -12.310267 10.859613 -23.307169 6.149999 166.080414 83.086441 169.087830 -1.903626 -3.174387 2.991556 -0.000130 -0.001905 -0.003550 -13.645557 -18.327995 19.845926 -5.547331 45.033947 -16.073597 -1.449178 -18.604616 4.456729 -0.000536 -0.002994 0.008346 
-24.449375 0.000000 -194.581543 -25.652014 -0.000000 0.000000 -3.812586 -2.840852 -6.406711 0.018932 3.107774 1.993905 0.297951 6.287377 4.088437 0.206533 6.315510 4.165383 3.380935 -16.939486 -5.389065 -2.392066 11.476546 0.974830 2.975604 -0.420485 -13.455247 -6.531941 11.062727 -57.586525 -108.667206 -2.095951 -3.720288 0.309270 36.400352 -6.614771 3.997717 -0.582924 20.440424 6.139017 0.626094 43.671417 84.479904 -5.522670 11.129410 3.016746 22.533213 -11.829597 8.654662 -32.416157 6.106097 154.754318 82.669815 158.233658 -1.064870 -4.937795 3.410885 -0.000131 -0.001869 -0.003654 -13.167470 -14.159414 18.880978 -5.802082 43.307903 -16.408361 -1.478925 -21.106609 3.783217 -0.000538 -0.003052 0.008242 
-27.347855 0.000000 -187.766815 -26.026764 -0.000000 0.000000 -2.229434 -2.094597 -6.399437 0.316569 2.879713 1.962653 0.805776 5.780451 4.081303 0.693903 5.792068 4.176343 1.986469 -15.996538 -4.723455 -3.347953 11.811519 1.231351 3.256418 -0.438936 -13.267821 -5.005440 14.505861 -55.371788 -108.285042 -1.961601 -3.593937 0.741751 33.045994 -6.416487 4.363904 -0.548483 19.568411 6.208817 -1.435541 44.256821 85.661575 -5.386499 11.340282 3.982212 21.342793 -12.562629 6.765090 -40.858456 5.575600 121.798454 84.156952 125.418892 0.664473 -5.462967 2.983757 -0.000132 -0.001915 -0.003557 -13.164339 -9.299684 17.566465 -5.195882 41.110386 -16.305397 -1.784287 -22.686918 4.388118 -0.000543 -0.003046 0.008211 
-30.192545 0.000000 -180.931549 -26.391558 -0.000000 0.000000 -0.988014 -1.891015 -6.291653 0.747342 2.648298 1.930895 1.585305 5.268314 4.062441 1.457323 5.267659 4.165342 0.661438 -14.876412 -4.176356 -4.390193 12.536675 1.523869 3.309247 -0.468323 -12.617945 -3.991017 18.583460 -53.384655 -108.867210 -1.926579 -3.678509 0.966485 29.065176 -5.487440 4.344598 -0.463777 18.677153 6.129890 -2.331242 45.157070 87.922523 -5.372084 11.735479 5.051802 19.447201 -13.538630 7.676407 -46.604767 4.144131 66.494331 82.858826 70.315933 2.045332 -4.950807 2.831496 -0.000130 -0.001991 -0.003442 -12.597505 -3.831450 15.964962 -4.979965 38.922932 -16.260416 -2.420098 -23.710911 5.490098 -0.000547 -0.003002 0.008264 
-33.006199 0.000000 -174.076111 -26.735088 -0.000000 0.000000 -0.252409 -2.025734 -5.931419 1.262913 2.410080 1.818912 2.538912 4.748108 3.885521 2.393078 4.742448 4.007558 -0.539194 -13.611497 -4.068030 -5.649619 13.284787 2.619982 3.333002 -0.506446 -11.732651 -2.800261 23.126741 -51.240505 -109.730049 -1.891558 -3.828140 0.702543 24.310059 -4.201099 4.010926 -0.328558 17.597294 6.140963 -1.850563 46.133774 90.315331 -5.367805 12.245142 6.412063 17.391905 -14.441432 10.682199 -49.538422 1.260538 31.121885 76.251175 34.768463 2.720395 -4.405526 2.845176 -0.000116 -0.002084 -0.003335 -11.893872 2.212237 14.131879 -4.404272 36.374424 -15.869490 -3.051620 -22.778360 6.181386 -0.000537 -0.002903 0.008232 
-35.772243 0.000000 -167.208801 -27.050980 -0.000000 0.000000 0.008665 -2.251237 -5.277623 1.816669 2.143485 1.577764 3.640104 4.210422 3.446850 3.520772 4.236607 3.596799 -2.197742 -11.969495 -4.124741 -7.390228 13.923411 4.139451 3.333347 -0.449549 -10.730945 -1.307725 27.601608 -49.336929 -110.840096 -1.786933 -3.944044 0.662870 20.738636 -4.049994 3.523074 -0.266254 16.600920 6.332922 0.535980 46.699993 93.855263 -5.760012 12.602849 7.917534 16.042547 -14.574004 14.444655 -50.702045 -2.380947 15.666291 66.156197 18.519878 2.534066 -3.964436 3.134352 -0.000118 -0.002056 -0.003344 -11.506906 8.560810 11.618404 -2.795056 33.140884 -14.720206 -2.747801 -18.849518 5.923381 -0.000539 -0.002912 0.008044 
-38.497417 0.000000 -160.367279 -27.356089 -0.000000 0.000000 -0.050130 -2.433279 -4.391587 2.354278 1.858932 1.264746 4.776557 3.620344 2.868896 4.706547 3.677654 3.058293 -3.592995 -10.029549 -4.667305 -9.249850 14.790030 5.765218 3.360472 -0.403820 -9.810970 1.108157 31.716082 -46.810516 -111.733452 -1.618631 -3.992228 0.570373 18.611216 -4.064836 2.992146 -0.208197 15.712470 7.052125 3.975839 46.780716 96.923729 -6.117382 12.763406 9.247191 15.613931 -14.711879 17.539305 -50.014141 -5.580997 7.512099 54.043671 10.340050 1.189652 -3.681399 1.992342 -0.000132 -0.001965 -0.003413 -11.102521 14.294214 8.783251 -1.277575 29.900839 -13.208343 -1.940171 -12.719279 4.854599 -0.000549 -0.002997 0.007808 
-41.181282 0.000000 -153.557129 -27.645962 -0.000000 0.000000 -0.001167 -2.801519 -3.436101 2.828336 1.615241 1.002324 5.757103 3.159759 2.368095 5.737304 3.245641 2.589159 -5.124963 -7.786949 -5.521191 -11.222813 15.557280 7.370009 3.283123 -0.334659 -9.035310 3.705432 34.657566 -44.768299 -112.432602 -1.539554 -3.988484 0.501193 17.992521 -3.849868 2.700330 -0.169582 14.482316 7.716715 7.407299 46.280094 99.015282 -6.530986 13.024732 9.570475 15.990894 -14.026074 17.671871 -47.954189 -7.499568 2.352781 41.647068 5.912841 -0.373668 -2.412233 -0.571544 -0.000141 -0.001856 -0.003583 -11.557284 19.321035 5.024182 -0.109469 27.555744 -11.398788 -1.090104 -3.948927 3.038598 -0.000553 -0.003087 0.007584 
-43.866486 0.000000 -146.790573 -27.907246 -0.000000 0.000000 -0.099600 -3.331856 -2.710327 3.162569 1.421450 0.829209 6.399195 2.765305 2.017970 6.388851 2.861065 2.260609 -6.616810 -5.917876 -6.549718 -13.202249 16.178616 8.910202 3.230774 -0.278096 -8.320301 6.762837 36.442806 -42.911484 -112.722290 -1.370264 -3.824219 0.397620 17.506910 -3.635473 2.350146 -0.155363 13.703645 8.940749 11.280275 45.221203 100.677238 -6.688959 12.993242 9.907336 15.785505 -12.879086 15.474913 -45.873619 -6.816267 -0.762544 31.327463 3.874352 -1.804374 -1.201846 -2.781232 -0.000144 -0.001811 -0.003555 -13.259140 23.001741 1.421675 1.254622 27.420357 -10.565661 -0.621508 4.495240 1.726355 -0.000556 -0.003150 0.007354 
-46.569115 0.000000 -140.072098 -28.142067 -0.000000 0.000000 -0.512855 -3.872271 -1.964142 3.460013 1.260117 0.657623 6.895918 2.480607 1.666460 6.858678 2.597452 1.907118 -8.026077 -4.219446 -7.851702 -15.350320 16.640699 10.748704 3.198189 -0.245674 -7.559433 10.354623 37.384087 -41.354198 -112.996170 -1.298656 -3.796447 0.085744 16.877935 -3.474302 2.177723 -0.163832 12.769697 10.138551 14.796680 44.588100 101.866455 -6.753627 12.815940 10.034707 16.366066 -12.211756 10.461589 -43.789524 -3.785263 -3.283701 22.706224 2.519940 -2.115573 -0.962424 -4.503675 -0.000144 -0.001778 -0.003549 -14.772209 24.070715 -1.501096 1.253091 30.783968 -11.525298 -1.231192 9.042253 0.879736 -0.000553 -0.003171 0.007221 
-49.277092 0.000000 -133.387299 -28.394339 -0.000000 0.000000 -1.452173 -4.331684 -1.693131 3.580706 1.167600 0.577980 7.096637 2.261111 1.505022 7.064567 2.381531 1.737880 -8.867211 -2.981717 -8.619081 -16.619795 17.044851 12.273270 3.484608 -0.267598 -6.969331 14.135291 37.931198 -40.788372 -113.251869 -1.435383 -3.920121 -0.061788 16.501303 -2.791819 2.258903 -0.161299 12.063667 11.007246 17.431004 44.467480 102.187660 -6.862885 12.760455 9.870544 17.247133 -11.729615 4.770957 -42.506062 0.191788 -3.017807 17.007782 2.021256 -1.433521 -1.739842 -5.247285 -0.000146 -0.001799 -0.003598 -13.796436 23.470726 -2.767047 -0.995768 36.903423 -14.256353 -2.866739 10.533524 -1.317957 -0.000555 -0.003136 0.007342 
-51.984322 0.000000 -126.710175 -28.677988 -0.000000 0.000000 -2.222166 -5.049527 -1.547845 3.476930 1.222289 0.565595 6.874393 2.411138 1.472575 6.846401 2.550285 1.676278 -9.303503 -2.351393 -8.294195 -16.920387 16.958141 12.719949 3.829440 -0.260683 -6.837600 16.959854 37.416233 -40.661781 -112.906830 -1.618155 -4.062713 0.020800 16.997972 -1.646285 2.590117 -0.161433 11.608831 12.028542 19.030577 44.358639 102.153099 -7.007751 12.740222 10.104988 17.493778 -11.436028 0.720951 -41.273949 3.235546 -2.257041 14.993000 1.605687 -0.776908 -2.444220 -5.986452 -0.000140 -0.001812 -0.003709 -11.829776 22.164522 -3.110068 -5.296752 44.443184 -18.437057 -4.349316 9.010389 -2.937546 -0.000553 -0.003128 0.007366 
-54.684181 0.000000 -120.058548 -29.021133 -0.000000 0.000000 -2.217395 -6.217500 -0.923669 3.171355 1.403336 0.484399 6.267298 2.856632 1.281217 6.238266 3.024681 1.455344 -9.421139 -1.918852 -7.241780 -16.459343 16.433184 12.456935 3.957903 -0.269029 -6.754405 17.433872 36.050903 -41.264359 -112.122406 -1.729695 -4.151585 0.037473 17.510071 -1.063824 3.031009 -0.183921 11.449837 12.404115 19.641420 44.153912 101.142746 -6.940521 12.590668 10.592290 16.863983 -11.115720 1.145867 -40.024658 2.824186 -2.866178 16.040855 1.469015 -1.019075 0.765803 -7.363482 -0.000128 -0.001827 -0.003743 -9.739552 20.469786 -2.884594 -11.510100 51.095810 -23.824867 -5.365361 5.899794 -3.334951 -0.000545 -0.003129 0.007280 
-57.336510 0.000000 -113.444588 -29.420677 -0.000000 0.000000 -1.914940 -7.472106 0.144755 2.681486 1.583885 0.329905 5.281120 3.316063 0.891097 5.227039 3.522972 1.024240 -9.520448 -2.291708 -6.166310 -15.913165 16.525047 12.028954 4.419507 -0.261978 -7.619223 15.683768 34.006065 -43.380581 -110.561874 -1.741498 -4.213640 0.068142 18.662678 -0.527233 3.238744 -0.203605 11.779710 12.643519 19.665846 44.665958 98.728622 -6.699302 12.270119 10.706367 17.887342 -11.467563 4.612009 -39.356018 -0.344369 -3.823126 19.607969 1.537611 -2.307537 7.600183 -8.653275 -0.000118 -0.001831 -0.003810 -9.396462 17.617495 -3.328562 -18.198833 58.426678 -28.991638 -5.253727 3.925956 -2.384331 -0.000535 -0.003115 0.007191 
-59.978329 0.000000 -106.898247 -29.864294 -0.000000 0.000000 -1.172580 -8.816608 1.953447 2.069267 1.837685 -0.029448 4.059387 3.886652 0.095836 4.004932 4.125274 0.182940 -9.696691 -2.295461 -5.091962 -15.133253 16.553658 11.578234 4.598552 -0.218572 -8.930088 12.714592 30.362787 -46.004494 -108.315697 -1.680630 -4.202153 0.043342 19.026800 0.897238 3.092230 -0.234379 12.285287 12.633174 18.727455 46.881359 94.598701 -6.393481 11.914157 10.377846 20.246733 -11.935211 10.519544 -39.382996 -5.457854 -4.486935 27.087765 2.154031 -3.665289 13.132076 -7.301591 -0.000114 -0.001849 -0.003846 -9.998692 13.645027 -4.425497 -28.288671 64.501404 -37.990112 -5.881634 1.963158 -1.516060 -0.000532 -0.003127 0.007071 
-62.553661 0.000000 -100.437698 -30.394958 -0.000000 0.000000 0.368894 -10.136677 4.169623 1.523618 2.309676 -0.513735 2.836157 4.774389 -0.947883 2.731293 5.008471 -0.921596 -9.592727 -2.949760 -3.976656 -14.135862 16.293409 11.089831 4.005126 -0.161914 -10.874083 8.276743 25.409664 -47.393665 -105.149025 -1.853952 -4.224105 0.395120 19.882763 1.476610 2.689302 -0.293248 13.535568 12.384133 16.222130 49.110386 88.251625 -5.867440 11.452744 9.360125 23.487328 -12.827340 13.280919 -39.496082 -9.658472 -3.745174 35.956974 2.338762 -3.456992 11.509338 -2.020735 -0.000109 -0.001923 -0.003821 -11.102932 9.081643 -6.062787 -42.463329 69.001381 -52.404301 -6.459010 0.901931 -1.388018 -0.000531 -0.003104 0.007080 
-65.016449 0.000000 -94.060875 -31.059778 -0.000000 0.000000 2.115094 -11.486895 5.909353 1.031101 2.795819 -0.906925 1.673713 5.695236 -1.782832 1.514676 5.879087 -1.764061 -10.159816 -3.825172 -2.025586 -13.384984 15.727228 9.783240 2.871083 -0.171810 -13.610743 3.370528 19.707571 -46.429657 -101.732246 -2.042668 -4.156056 1.181845 21.354830 1.207297 1.753555 -0.325585 15.667282 12.379988 13.594861 50.537815 81.024818 -4.972592 9.778882 7.717683 26.123398 -14.232504 13.795403 -39.469593 -12.048389 -1.807781 45.157795 2.383251 -3.372435 4.100700 0.857927 -0.000112 -0.001926 -0.003797 -11.718274 3.663444 -7.019094 -59.485138 71.829262 -70.369820 -6.120202 -0.528537 -1.933759 -0.000528 -0.003103 0.007061 
-67.391891 0.000000 -87.736832 -31.870535 -0.000000 0.000000 2.743172 -10.669850 7.541985 0.761081 3.096931 -1.006424 1.246141 6.313662 -2.111934 1.141603 6.416150 -2.106785 -8.990582 -6.639274 -0.725436 -11.122214 14.605145 6.608101 0.976932 -0.296458 -15.945950 -1.656720 13.985840 -46.965401 -99.112625 -2.362072 -4.371976 2.176939 24.109369 -0.595938 2.317165 -0.335659 16.038315 12.706101 9.249101 49.585548 85.016838 -6.154449 11.121724 5.425393 29.144068 -10.608156 17.059223 -32.886990 -16.534090 -0.397346 50.168892 4.047704 -3.203355 -2.488798 2.888465 -0.000057 -0.002017 -0.004130 -9.453070 -7.911233 -7.259448 -80.544167 75.691727 -90.329903 -3.950090 0.898577 -5.042540 -0.000469 -0.002948 0.007039 
-69.741455 0.000000 -81.371033 -33.033264 -0.000000 0.000000 3.076622 -11.109252 8.684744 0.372150 3.189462 -1.249048 0.546941 6.570400 -2.645440 0.527394 6.669983 -2.641762 -9.315873 -6.634533 0.950538 -10.158500 14.394726 5.026952 -0.691768 -0.471288 -17.311579 -5.173881 8.116049 -46.126305 -96.722443 -2.346843 -4.242080 2.612628 26.490198 -0.732936 1.259089 -0.263169 17.586864 12.559648 8.969340 50.788116 77.610497 -4.855164 8.766175 3.839372 28.864958 -11.647140 18.473951 -29.621044 -17.821667 1.335108 53.805775 5.642980 -3.196985 -8.015227 3.320966 -0.000040 -0.002067 -0.004140 -8.257492 -15.917483 -6.538141 -93.129715 74.769829 -103.584625 -3.751554 -1.471647 -5.150774 -0.000456 -0.002908 0.007043 
-72.055214 0.000000 -75.009338 -34.337440 -0.000000 0.000000 2.689276 -11.662209 9.751849 0.013897 3.281710 -1.394477 -0.064264 6.884382 -2.991613 0.012978 6.995549 -3.012388 -9.496169 -6.002510 2.124484 -9.419934 13.942967 3.883762 -2.460602 -0.623297 -17.868196 -8.115466 2.642631 -46.665897 -95.059303 -2.316623 -4.086812 2.782876 29.696835 -1.217292 0.406125 -0.171783 18.459408 13.202375 10.226402 51.600384 71.245117 -3.849662 6.133287 2.863085 26.826143 -12.605509 19.052519 -25.566906 -17.761982 2.877870 56.484207 6.483338 -3.368131 -13.274347 3.491406 -0.000027 -0.002068 -0.004149 -6.184084 -23.928932 -5.930424 -94.387596 74.341194 -105.712967 -3.620283 -3.690244 -5.131325 -0.000443 -0.002904 0.006976 
-74.317963 0.000000 -68.657242 -35.790165 -0.000000 0.000000 2.153662 -12.239855 11.045314 -0.314506 3.219208 -1.547365 -0.638146 6.858692 -3.389080 -0.499834 6.978163 -3.452921 -8.571579 -4.868507 1.863411 -8.673880 13.947991 3.574384 -3.655929 -0.685887 -17.513594 -10.925012 -1.813836 -47.396252 -95.621323 -2.022930 -3.909010 2.196805 30.478115 -1.160200 -0.097980 -0.084113 18.408709 13.967731 13.098246 52.532799 66.823982 -3.084066 3.940233 2.917824 22.373678 -13.229252 19.353123 -20.428738 -17.440144 4.861534 58.234741 8.054769 -3.039333 -18.559385 3.043313 -0.000017 -0.002123 -0.003887 -3.895188 -30.982862 -5.758705 -83.452568 74.609245 -95.309189 -3.590973 -5.224366 -5.442789 -0.000439 -0.002884 0.006833 
-76.542526 0.000000 -62.347855 -37.405315 -0.000000 0.000000 2.156761 -12.672119 11.843787 -0.812287 3.026356 -1.543917 -1.593334 6.500119 -3.449860 -1.447488 6.621725 -3.567337 -7.448355 -3.679054 1.291479 -7.821159 14.270659 3.229686 -4.553545 -0.722023 -16.760126 -13.039819 -5.432045 -48.168766 -97.384132 -1.832448 -3.813753 1.077197 30.338913 -0.189901 -0.775126 0.020388 17.805063 14.489883 17.319777 52.750233 64.429443 -2.643798 2.750048 3.148937 18.891048 -12.917872 19.163465 -15.096432 -17.218863 7.542650 59.438919 10.727379 -2.037539 -23.306932 2.733767 -0.000005 -0.002171 -0.003663 -2.773576 -36.213238 -4.951398 -63.180229 73.543747 -75.200752 -3.666368 -6.245368 -5.691594 -0.000429 -0.002852 0.006676 
-78.769005 0.000000 -56.052715 -39.175194 -0.000000 0.000000 2.969507 -12.963449 12.021772 -1.471412 2.769532 -1.370281 -2.901548 5.934825 -3.143772 -2.773305 6.051051 -3.322777 -6.677760 -2.545316 1.229386 -6.886918 14.428452 2.196475 -5.138335 -0.679807 -15.453435 -14.337315 -7.755274 -49.152718 -99.666290 -1.663611 -3.817973 -0.434068 28.309071 1.079247 -1.381726 0.047554 16.619547 13.895013 21.733698 51.992493 63.705566 -2.353439 2.259749 3.550555 16.665579 -12.254915 18.971304 -9.700326 -16.891056 8.807834 59.053696 12.880823 -1.706777 -25.650213 3.492964 -0.000003 -0.002168 -0.003567 -4.011554 -39.268291 -3.172544 -40.711853 69.179520 -52.273048 -3.264449 -7.492815 -5.660486 -0.000424 -0.002880 0.006552 
-81.001129 0.000000 -49.817448 -41.101765 -0.000000 0.000000 4.040283 -13.266201 11.493960 -2.158290 2.497336 -0.984671 -4.230118 5.378415 -2.350454 -4.110624 5.469899 -2.587324 -5.686323 -1.381190 1.372447 -5.433932 14.820345 0.664004 -5.692171 -0.679987 -13.907997 -15.136465 -9.066775 -49.978912 -102.171143 -1.845644 -4.176658 -2.163264 26.400805 2.543954 -2.052320 0.116914 15.221936 11.893515 26.548061 50.052181 64.990845 -2.393274 2.715127 3.395349 15.887691 -11.020898 19.019094 -4.338727 -16.053749 8.875064 58.494816 14.076265 -1.887864 -25.876242 4.485481 0.000008 -0.002206 -0.003619 -7.393651 -41.057358 0.953848 -24.273474 61.320808 -35.175819 -3.501273 -6.864220 -4.141929 -0.000414 -0.002863 0.006601 
-83.211586 0.000000 -43.642582 -43.158379 -0.000000 0.000000 4.930941 -13.261099 10.749973 -2.813281 2.224162 -0.529587 -5.468596 4.829567 -1.374360 -5.334044 4.912982 -1.641835 -4.344773 -0.491953 1.146528 -3.854458 15.407349 -0.958011 -5.753076 -0.591940 -12.280396 -15.834375 -9.413301 -50.259060 -105.056648 -2.287948 -4.788928 -3.639991 25.674257 3.480027 -2.454571 0.219017 13.758416 8.151752 31.530634 47.150303 67.378654 -2.503373 3.661666 3.591129 15.223126 -10.480865 20.307669 0.061320 -14.679563 8.772386 58.666214 14.438997 -2.264410 -23.365574 5.975545 0.000018 -0.002240 -0.003811 -11.987419 -41.159870 5.869828 -13.336921 50.839943 -22.735411 -3.374766 -5.011670 -2.595823 -0.000401 -0.002816 0.006815 
-85.392746 0.000000 -37.524353 -45.320091 -0.000000 0.000000 5.846968 -13.234414 10.016256 -3.396764 1.979995 -0.079344 -6.588939 4.306328 -0.477782 -6.428771 4.379209 -0.760284 -3.091506 0.316242 1.297766 -2.397392 16.322023 -2.560822 -5.587970 -0.396819 -10.310787 -16.664404 -8.109139 -49.223942 -108.868576 -2.616832 -5.215248 -4.509037 24.551670 3.732704 -2.810163 0.250090 12.086264 3.574756 36.055782 44.293736 69.763832 -2.682856 4.743826 3.973572 14.615865 -10.622526 22.598110 3.558419 -12.324050 7.989355 59.563766 13.685408 -2.316086 -17.260025 6.700221 0.000025 -0.002242 -0.004037 -16.797501 -38.944115 10.450665 -5.967980 37.754307 -13.600375 -2.435139 -2.943366 -0.878483 -0.000388 -0.002764 0.006976 
-87.523369 0.000000 -31.460035 -47.555790 -0.000000 0.000000 6.857945 -13.366436 9.962105 -3.861239 1.849007 0.264013 -7.537786 3.956671 0.187981 -7.401260 4.027329 -0.087337 -1.128521 0.933812 0.933591 -0.792757 16.625986 -4.634314 -5.149850 -0.272399 -8.695261 -18.021227 -6.012895 -47.138134 -113.268822 -2.837657 -5.479351 -5.079558 22.565010 3.503863 -2.732064 0.300120 10.542135 -1.801867 39.738991 40.787598 72.951073 -2.981899 6.171532 4.946433 13.482817 -11.725286 24.251980 6.479441 -9.927547 4.020500 60.791153 9.291333 -2.577808 -9.279197 4.529256 0.000017 -0.002283 -0.004135 -20.142088 -36.343063 13.390504 -2.669724 26.247475 -8.620445 -1.261828 0.267107 2.200231 -0.000392 -0.002704 0.007236 
-89.587250 0.000000 -25.468784 -49.881096 -0.000000 0.000000 7.900127 -13.230927 10.589147 -4.209201 1.668098 0.384660 -8.307105 3.533396 0.409795 -8.217382 3.626135 0.148535 0.160866 1.582699 1.328662 0.618023 16.001329 -6.734454 -4.724462 -0.234234 -7.256782 -19.704990 -3.644425 -44.845074 -117.189056 -2.896092 -5.508690 -5.672823 20.524611 2.761380 -2.329377 0.383838 9.118939 -7.111391 42.937782 37.972736 76.451843 -3.354102 7.706249 6.237786 12.789076 -12.287694 24.877666 7.347551 -8.602725 -3.984463 63.928360 0.927998 -4.090029 0.197088 -0.022943 0.000002 -0.002291 -0.004120 -21.370255 -34.126606 14.667323 -0.601143 17.030064 -5.831382 -0.809649 4.046182 7.254597 -0.000402 -0.002661 0.007533 
-91.607735 0.000000 -19.532475 -52.256378 -0.000000 0.000000 8.687118 -12.893702 11.988667 -4.262698 1.421467 0.245225 -8.418846 3.001840 0.086233 -8.348268 3.144696 -0.159498 0.121682 2.411536 2.509413 1.289633 14.864909 -8.332969 -4.640457 -0.250511 -6.287418 -21.364126 -0.783286 -41.652695 -119.758949 -2.947087 -5.447046 -6.065362 18.646708 1.670529 -2.338377 0.444976 7.600726 -11.456755 45.931797 36.593090 78.602379 -3.679409 8.703844 6.801950 13.066773 -11.622538 24.474041 6.739583 -8.768876 -14.487842 68.125534 -10.467237 -6.551271 5.184244 -3.799012 -0.000007 -0.002265 -0.004068 -20.258083 -33.119030 14.101529 0.350470 10.673502 -4.447517 -0.552596 6.322896 9.870086 -0.000404 -0.002646 0.007602 
-93.620148 0.000000 -13.709572 -54.642143 -0.000000 0.000000 9.152353 -12.889691 13.676118 -4.052094 1.276106 -0.030169 -8.048668 2.675475 -0.502477 -8.010212 2.905365 -0.735015 -0.772654 3.080596 3.852864 1.383717 13.918489 -9.375256 -4.777256 -0.235375 -5.543893 -21.738247 2.354501 -39.423046 -120.883110 -2.883139 -5.406691 -6.904044 17.602934 1.458501 -2.982925 0.471507 6.371321 -14.398156 49.046970 36.469353 80.080399 -3.947982 9.307523 7.454122 12.959944 -10.901341 24.342613 5.400506 -9.501229 -24.422482 72.823433 -20.996418 -7.302102 4.400085 -7.463879 -0.000016 -0.002224 -0.004009 -19.412344 -31.897125 13.660183 1.228051 7.718114 -4.255238 0.031522 7.790510 10.129636 -0.000406 -0.002670 0.007455 
-95.616806 0.000000 -8.029967 -57.014248 -0.000000 0.000000 9.286469 -13.268776 15.492979 -3.688419 1.380618 -0.303350 -7.389734 2.856287 -1.092307 -7.397391 3.158884 -1.346689 -1.732726 3.954855 4.601879 1.149839 13.018150 -9.886478 -5.258885 -0.212096 -5.161201 -21.307663 5.127925 -38.096367 -120.237251 -2.719707 -5.317800 -8.150128 17.541311 2.849382 -3.485913 0.533624 5.451026 -15.387396 50.662235 36.930172 80.725731 -4.237121 9.765593 8.073853 12.842359 -10.742859 24.052753 3.224413 -10.125476 -32.313633 77.867950 -29.647415 -6.468614 1.925894 -10.155276 -0.000016 -0.002242 -0.003939 -18.135054 -31.258720 13.133436 2.372074 9.105143 -4.942095 1.080478 10.275235 9.054515 -0.000403 -0.002637 0.007262 
-97.539001 0.000000 -2.449132 -59.358150 -0.000000 0.000000 9.320735 -13.933911 16.745003 -3.163251 1.708411 -0.447898 -6.442401 3.492142 -1.491880 -6.509360 3.832868 -1.790269 -2.775739 3.835428 4.218193 0.233045 12.049517 -9.332922 -6.053874 -0.143626 -4.933499 -20.129414 6.600859 -36.512531 -117.998070 -2.701828 -5.339043 -8.732561 19.309082 3.743481 -3.787025 0.545061 4.631847 -13.773621 51.458237 39.363781 79.598358 -4.154316 9.580805 8.432754 11.262936 -11.063977 23.807213 -0.440241 -9.661864 -45.360157 82.921455 -43.716679 -4.638361 -1.583723 -10.700068 -0.000011 -0.002253 -0.004110 -16.714043 -31.911058 12.609009 4.341035 13.938162 -5.458332 3.009625 16.058599 3.743886 -0.000388 -0.002587 0.007121 
-99.400108 0.000000 3.018298 -61.672379 -0.000000 0.000000 8.808534 -14.658495 16.806452 -2.636958 2.158726 -0.302258 -5.407240 4.493024 -1.358150 -5.502764 4.879224 -1.725262 -3.651077 3.291302 4.307509 -0.247844 11.157906 -8.914610 -6.980270 -0.034557 -4.786953 -18.618113 7.074317 -35.837543 -114.587738 -2.927720 -5.718022 -9.600327 21.329731 4.272322 -4.437782 0.496878 4.554349 -10.049597 51.611366 42.522255 76.899948 -3.706220 8.382085 8.511701 9.379734 -11.624652 23.817684 -5.473995 -8.055816 -94.270538 86.673744 -92.621040 -2.980035 -4.375272 -11.533839 0.000017 -0.002314 -0.004418 -13.611763 -33.887043 12.876661 5.200901 22.228045 -6.084506 2.755790 21.558390 -6.967790 -0.000360 -0.002561 0.006792 
-101.232674 0.000000 8.431544 -63.944393 -0.000000 0.000000 7.920846 -14.575440 15.767743 -2.242344 2.608306 0.141514 -4.560061 5.418786 -0.523260 -4.615347 5.785455 -0.929316 -3.785464 2.712164 4.953953 0.302326 10.640367 -9.451882 -7.223165 -0.004330 -5.288198 -16.554022 6.759771 -35.622192 -108.484779 -3.268968 -5.966133 -9.581617 24.799530 4.859221 -4.825044 0.407774 6.053787 -4.236853 50.942402 44.415012 71.347939 -3.415735 7.760875 7.348219 8.374738 -10.592149 23.731482 -11.749495 -5.202419 -158.887482 86.193619 -156.792038 -1.919691 -6.957019 -11.218787 0.000047 -0.002309 -0.004874 -7.944199 -37.444988 14.274353 2.904472 32.763714 -8.985445 -0.600866 20.523201 -15.931168 -0.000333 -0.002591 0.006501 
-103.028572 0.000000 13.687481 -66.171288 -0.000000 0.000000 7.169897 -14.249372 14.212037 -2.098656 3.031743 0.596125 -4.072150 6.247742 0.528895 -4.021574 6.564426 0.198042 -3.921532 2.345132 5.887614 0.938818 10.153776 -10.200322 -7.200616 -0.057233 -6.595529 -15.030992 7.251711 -34.659153 -101.422890 -3.261880 -5.585949 -8.812267 27.982191 4.835895 -4.763717 0.298957 9.223730 4.301096 49.037766 45.207863 63.596764 -2.981884 6.385323 5.700578 8.676945 -8.768353 22.918901 -18.100439 -1.387472 178.463516 84.992378 -178.026001 -2.084371 -9.069912 -8.961664 0.000062 -0.002159 -0.005099 -2.589376 -41.989071 15.770162 -2.204218 43.721222 -13.318352 -2.300792 15.743415 -18.554762 -0.000317 -0.002732 0.005987 
-104.741058 0.000000 18.783110 -68.388542 -0.000000 0.000000 6.728765 -13.902601 12.269838 -2.044336 3.262433 1.019002 -3.728773 6.773866 1.617575 -3.558745 7.046276 1.402259 -4.289584 2.374291 6.623831 1.200062 9.598669 -10.508262 -6.983187 -0.025626 -8.138086 -14.628819 8.174690 -34.410763 -93.589218 -2.840321 -4.757219 -7.084336 30.800631 4.816775 -4.043940 0.138073 13.169410 14.384276 46.978252 46.168808 54.170795 -2.291605 4.067572 4.247518 9.111873 -6.989275 20.904657 -23.715387 3.133860 172.959351 86.018417 177.540939 -2.671479 -10.325421 -6.663458 0.000054 -0.001912 -0.005189 0.552635 -44.146481 17.563850 -6.676719 51.150990 -16.300020 -2.238733 10.966537 -16.809305 -0.000318 -0.002966 0.005229 
-106.404388 0.000000 23.729362 -70.550499 -0.000000 0.000000 6.327882 -13.598338 11.454468 -2.045411 3.463933 1.244685 -3.590822 7.222995 2.237681 -3.354897 7.419971 2.105361 -4.316487 2.292584 7.079053 1.643502 9.156812 -10.633662 -6.921992 -0.055950 -9.555613 -15.427803 8.267592 -35.718758 -86.397133 -2.278956 -3.445256 -5.342780 31.965187 5.008729 -2.515065 -0.139794 16.013264 23.578207 44.289593 47.483261 45.717381 -2.089867 1.328629 2.753145 10.834323 -4.637609 17.408428 -27.813164 6.748255 89.110046 88.886879 94.262787 -1.985607 -10.757873 -6.172615 0.000047 -0.001721 -0.004989 3.168152 -45.243633 16.905140 -9.089211 57.223927 -17.688414 -1.036559 6.402308 -14.288151 -0.000320 -0.003157 0.004404 
-108.043526 0.000000 28.537373 -72.651428 -0.000000 0.000000 2.884439 -11.557476 15.309708 -2.037841 3.290088 1.097709 -3.646215 6.790089 1.843290 -3.510633 7.004837 1.707520 0.526105 2.911924 6.410824 5.770091 8.495229 -14.220743 -5.159958 -0.115105 -8.163329 -6.963863 12.862997 -37.108269 -91.083145 -2.112797 -3.365425 -4.426966 32.826233 2.245054 0.159901 0.137802 10.921772 15.880563 44.784908 36.482574 46.439003 -1.135785 1.847133 2.230666 8.453564 -5.775454 18.104116 -29.212708 4.615446 81.442978 85.174889 86.203865 0.374843 -10.209970 -3.616162 0.000009 -0.001881 -0.004657 3.092441 -47.147026 11.743744 -13.427579 61.266273 -22.284182 -0.668255 0.298837 -12.912571 -0.000361 -0.002918 0.005473 
-109.240845 0.000000 33.898651 -74.359962 -0.000000 0.000000 1.913606 -10.598763 15.432202 -1.842248 3.516354 1.209432 -3.230448 7.293797 2.139621 -3.135267 7.482393 2.018128 -0.092615 1.859593 5.138611 4.460612 7.490203 -12.379637 -5.192943 -0.163728 -8.270378 -4.196671 16.147778 -37.916981 -88.176033 -2.076176 -3.065671 -3.867861 32.878136 2.674783 1.646136 0.249354 10.912966 21.243279 41.149616 36.490402 48.696659 -1.060996 1.443223 2.116559 10.514526 -5.286194 15.352499 -33.117813 6.219182 42.628662 80.358444 48.867584 1.941498 -7.940567 -2.574336 0.000025 -0.002045 -0.004527 4.423753 -48.331963 9.508080 -16.153183 66.420761 -24.288605 0.883995 -2.640914 -13.674947 -0.000341 -0.002707 0.005781 
-110.376587 0.000000 39.128899 -75.981567 -0.000000 0.000000 0.817671 -9.278078 15.894135 -1.415710 3.773362 1.228739 -2.418420 7.771849 2.241129 -2.386843 7.932442 2.140163 -0.975624 0.732886 3.999257 2.768270 6.093881 -10.214037 -5.030776 -0.224567 -8.306507 -1.707611 20.448498 -38.059013 -88.505104 -2.004138 -3.177940 -3.783588 30.821285 3.359351 2.497470 0.372972 10.376678 22.438482 36.704086 34.433647 54.072857 -0.953747 1.658478 2.574846 12.622885 -5.789807 12.984777 -35.765495 8.255988 24.278210 71.729645 31.410423 3.069667 -6.083343 -1.502984 0.000040 -0.002238 -0.004436 6.114902 -49.972095 6.363162 -19.890221 70.966553 -27.969742 2.787220 -5.816235 -14.501775 -0.000330 -0.002531 0.006241 
-111.411652 0.000000 44.180847 -77.522636 -0.000000 0.000000 -0.764708 -7.502921 16.726437 -0.902748 4.024015 1.154163 -1.411152 8.170495 2.178719 -1.388658 8.302379 2.104015 -2.029724 -1.003188 2.056308 0.082103 4.405877 -7.208351 -4.359665 -0.261735 -8.244343 0.853745 24.477160 -38.480068 -92.310936 -2.016016 -3.553942 -4.400074 27.113144 4.199636 3.490189 0.507014 9.251302 21.655695 32.395409 32.313572 61.571495 -1.202523 2.621671 3.851225 15.216356 -7.540183 11.127792 -36.309052 10.477572 13.890537 60.666203 22.414351 3.501800 -4.805223 -2.633143 0.000033 -0.002380 -0.004410 8.370769 -52.056137 2.539913 -23.454926 74.522278 -31.334902 4.525171 -7.602232 -15.620927 -0.000344 -0.002435 0.006831 
-112.362419 0.000000 49.042015 -78.954941 -0.000000 0.000000 -3.236385 -5.340499 17.976427 -0.396144 4.319647 0.919919 -0.382152 8.600675 1.794157 -0.306394 8.697811 1.742985 -3.080611 -2.587410 -1.164139 -3.904817 2.769115 -2.891839 -3.243061 -0.360214 -8.006316 4.257874 28.448305 -38.599110 -97.499435 -2.059490 -4.006742 -5.207358 25.088554 4.309347 4.715416 0.789387 7.510289 19.881828 28.133591 30.125788 70.855263 -2.056971 4.119658 4.738975 18.108385 -8.872494 8.717947 -34.704224 12.388683 7.409145 49.228577 15.181069 3.058146 -1.177575 -4.685085 0.000020 -0.002562 -0.004381 11.572464 -53.788460 -2.003306 -24.978056 77.094101 -32.769356 6.169326 -8.068682 -16.349531 -0.000363 -0.002272 0.007542 
-113.257553 0.000000 53.714596 -80.271721 -0.000000 0.000000 -6.044582 -2.823474 19.064875 0.225394 4.597147 0.698042 0.883466 8.971613 1.485298 0.990000 9.021829 1.480745 -3.816776 -3.949055 -5.625573 -8.904538 1.608987 2.465801 -1.685129 -0.513703 -7.734801 8.255040 32.152500 -38.045853 -102.071022 -2.210007 -4.288465 -5.736941 24.859159 4.433404 6.049591 1.102761 5.901832 17.628618 22.692465 28.141584 78.092339 -3.249147 7.263967 5.155795 20.817957 -9.757809 3.111630 -31.279621 15.609375 3.255550 39.109600 10.429680 2.817958 2.279916 -6.896097 0.000003 -0.002668 -0.004480 14.002802 -55.571762 -5.899294 -24.326267 79.524910 -32.261517 7.409139 -6.861356 -17.068836 -0.000386 -0.002157 0.008187 
-114.102348 0.000000 58.126385 -81.507828 -0.000000 0.000000 -8.685120 -0.259581 19.998156 0.813631 4.813809 0.474698 2.155958 9.258415 1.102270 2.302697 9.238587 1.145642 -4.243115 -5.314228 -9.799542 -13.726472 1.171221 7.712490 -0.460651 -0.540098 -7.025840 13.191758 35.158157 -36.733345 -105.283119 -2.134228 -4.234834 -5.574016 25.463724 4.242886 6.981411 1.246509 4.714950 15.013236 16.445381 26.013691 86.019356 -5.039766 10.431359 5.946700 21.388676 -10.951024 -4.267475 -27.161264 18.102112 0.324796 31.111654 6.751138 2.444644 3.542638 -9.710627 -0.000023 -0.002604 -0.004737 16.432707 -58.320030 -9.694605 -23.165604 82.833763 -31.186495 7.673243 -3.403565 -17.917791 -0.000411 -0.002134 0.008703 
-114.890228 0.000000 62.264107 -82.723793 -0.000000 0.000000 -11.097852 2.018849 20.171516 1.417842 5.007493 0.435319 3.494052 9.493233 1.074451 3.697541 9.390100 1.153488 -4.328489 -6.465168 -14.202739 -18.376181 2.228604 12.499674 0.813860 -0.502946 -6.520793 17.822489 37.010151 -35.688324 -108.936707 -2.178068 -4.466515 -5.662431 25.932806 4.669642 7.499398 1.241434 3.873325 13.724075 10.138283 24.823336 92.454712 -5.841922 11.437722 6.909367 20.238976 -13.137576 -11.107771 -23.401443 20.283188 -1.874554 26.736773 3.843400 1.861525 2.094939 -12.300640 -0.000054 -0.002455 -0.005041 19.521032 -61.080505 -13.931258 -21.943743 85.776314 -29.930136 7.937522 -0.995766 -18.371786 -0.000436 -0.002185 0.008872 
-115.603195 0.000000 66.169067 -83.943428 -0.000000 0.000000 -12.945448 3.747751 20.055721 1.803130 5.299044 0.558535 4.397314 9.901518 1.331002 4.638781 9.719110 1.407611 -5.598826 -6.955706 -18.314165 -24.108744 3.175731 16.820505 1.877632 -0.477667 -6.045731 20.736341 38.422764 -36.685410 -112.368462 -2.251758 -4.655537 -6.170770 25.532490 5.588988 7.778703 1.100086 3.533980 12.633077 4.701786 24.162458 97.037003 -6.491045 12.229806 7.487102 20.613775 -15.154147 -14.873619 -20.861383 22.057165 -3.606497 25.104448 0.639746 1.626828 -1.098301 -18.005657 -0.000071 -0.002353 -0.005347 22.752317 -64.175194 -18.458103 -34.028488 88.514305 -41.692150 8.427388 0.754666 -17.339373 -0.000456 -0.002276 0.009030 
-116.181854 0.000000 69.794418 -85.183922 -0.000000 0.000000 -14.830227 4.949197 19.384010 2.017386 5.679193 0.693897 4.938015 10.505092 1.630984 5.203372 10.234162 1.725828 -7.258077 -7.263201 -21.669827 -29.393768 4.639245 20.855795 2.533519 -0.474093 -5.723763 22.966908 39.310371 -37.771122 -114.938393 -2.226393 -4.679321 -6.578598 24.764349 6.236457 8.152081 0.909328 4.209082 12.831478 -0.334926 24.333509 100.442123 -6.747690 12.533696 8.911770 21.157566 -16.901672 -15.020400 -19.932831 22.773846 -5.658539 26.095922 -1.560786 2.718468 -5.857846 -25.599314 -0.000087 -0.002323 -0.005369 25.416674 -66.997612 -22.000856 -15.346518 89.951538 -22.239578 8.966270 1.456936 -14.523046 -0.000475 -0.002334 0.009162 
-116.624428 0.000000 73.117134 -86.482269 -0.000000 0.000000 -16.668224 5.411594 18.382326 2.193707 6.134487 0.884349 5.347234 11.260170 2.052678 5.605784 10.888339 2.175519 -8.550752 -7.409852 -24.572720 -33.343559 6.676578 24.100908 2.913095 -0.474233 -5.927458 24.421612 39.147549 -38.553200 -116.324005 -2.110705 -4.651834 -6.575430 24.757780 6.519208 8.648242 0.684255 5.412112 13.304507 -5.495297 25.533520 102.928703 -7.055684 12.862065 10.304430 22.210308 -18.741337 -12.167193 -19.687351 23.196447 -8.131701 28.612604 -3.572117 4.005057 -10.708376 -33.781403 -0.000093 -0.002400 -0.005325 27.682737 -70.020447 -24.800400 179.282516 86.654900 173.253159 9.102081 1.263179 -11.772119 -0.000490 -0.002306 0.009390 
-116.986588 0.000000 76.184387 -87.855118 -0.000000 0.000000 -18.642681 5.523540 17.531635 2.171273 6.600577 0.955341 5.417928 12.127630 2.278816 5.734677 11.709287 2.442004 -10.001492 -7.421273 -25.931070 -35.799587 7.885384 26.776257 3.032589 -0.507588 -6.540794 25.004642 37.570049 -39.287594 -116.228340 -1.881236 -4.440431 -6.417446 25.414402 6.562980 9.370761 0.588836 6.519724 14.115261 -10.029672 27.352911 104.233582 -7.206288 13.033687 10.793183 24.044470 -20.005577 -7.581118 -21.649912 22.740925 -10.272057 34.203720 -4.338359 5.771523 -16.886007 -37.723896 -0.000086 -0.002533 -0.005173 29.620363 -72.075348 -26.798586 -174.780014 84.227646 179.678802 8.545858 0.133981 -10.141457 -0.000492 -0.002240 0.009649 
-117.337799 0.000000 79.051880 -89.265144 -0.000000 0.000000 -19.529175 5.403443 17.468294 2.040960 7.103467 0.819963 5.118881 13.096757 1.974485 5.438546 12.640604 2.140420 -11.099516 -8.151871 -26.443644 -37.485260 8.695803 28.690456 2.963919 -0.503386 -7.983330 23.741747 33.733135 -39.844315 -114.889442 -1.699173 -4.268928 -6.375439 25.544094 7.091148 9.967575 0.368414 8.281422 14.880372 -13.638676 29.690052 103.949684 -7.227663 13.073709 10.763411 25.858616 -20.799997 -3.743989 -25.065273 21.120329 -12.459297 40.481228 -4.681140 5.521810 -22.548519 -37.441254 -0.000072 -0.002626 -0.005077 31.492140 -72.645561 -29.268524 -167.308914 82.646431 -173.049591 7.718928 -1.215169 -9.015911 -0.000488 -0.002197 0.009793 
-117.699287 0.000000 81.683815 -90.697632 -0.000000 0.000000 -19.582844 5.361759 17.988871 1.832223 7.565851 0.628040 4.593869 14.016309 1.480774 4.917801 13.547774 1.622829 -12.282891 -8.920105 -26.270565 -38.795315 8.813244 29.916883 2.431053 -0.453987 -9.772032 20.678734 28.138420 -40.226208 -112.372421 -1.504966 -3.999517 -6.231672 25.864349 8.298724 10.152512 0.088474 9.925720 14.556797 -16.596622 33.125233 102.655746 -7.230727 13.019451 10.282896 28.395464 -21.308426 -1.751394 -27.717791 19.131088 -14.220839 45.762665 -5.377300 5.309457 -26.752409 -36.892174 -0.000055 -0.002638 -0.005112 34.906998 -72.613724 -34.508785 -160.930374 81.369324 -167.114380 6.775083 -1.595986 -7.520963 -0.000471 -0.002193 0.009713 
-118.057594 0.000000 84.074821 -92.162254 -0.000000 0.000000 -19.348753 5.488966 18.593916 1.631040 7.985975 0.480144 4.124239 14.875399 1.078888 4.468309 14.397657 1.181287 -13.535630 -9.619034 -25.932552 -40.041676 8.623305 30.916866 1.544220 -0.449376 -11.650513 16.653624 21.730888 -40.086273 -108.587898 -1.361537 -3.717432 -5.879042 26.820221 9.151764 10.164670 -0.225803 11.563091 13.660680 -18.531488 36.606537 100.366951 -7.048116 12.660742 9.697913 30.612045 -21.523424 0.070625 -29.713026 16.983194 -16.040375 49.791252 -7.072612 5.411601 -30.172947 -37.208294 -0.000029 -0.002633 -0.005196 37.663063 -72.453125 -39.241852 -155.260086 80.013367 -161.837723 5.712502 -2.706315 -5.906624 -0.000444 -0.002200 0.009510 
-118.415192 0.000000 86.225594 -93.690041 -0.000000 0.000000 -19.126392 5.474049 18.935280 1.400684 8.392179 0.447336 3.664743 15.722925 0.920957 4.018917 15.216944 0.968038 -14.469741 -10.278249 -25.299744 -40.870674 7.909272 31.438156 0.479528 -0.543865 -13.475829 11.876451 14.360255 -38.993385 -103.700256 -1.226770 -3.320024 -4.886656 28.142895 8.956113 10.240338 -0.524169 13.162473 12.288290 -19.589220 39.214325 97.223595 -6.823891 12.241072 9.344097 31.823215 -21.351410 1.226761 -30.878519 15.689166 -17.936680 53.072510 -9.134028 5.896950 -33.401077 -37.795261 -0.000009 -0.002578 -0.005254 38.648735 -71.753677 -41.315437 -149.867676 79.251450 -156.629730 4.651284 -5.577164 -4.145904 -0.000419 -0.002242 0.009234 
-118.738045 0.000000 88.141296 -95.309875 -0.000000 0.000000 -18.995090 5.399600 18.965923 1.141969 8.749152 0.461675 3.183526 16.497719 0.895903 3.550581 15.972607 0.886533 -15.162140 -10.518067 -24.467264 -41.228344 6.835553 31.705969 -0.719203 -0.685778 -15.126464 6.626440 7.312433 -38.137066 -98.664642 -1.136011 -2.795381 -3.818929 30.039532 8.437121 10.321265 -0.779708 14.677607 10.679411 -19.673910 41.442799 93.571007 -6.527753 11.709466 8.950503 32.602116 -20.809395 2.418931 -31.756601 14.885556 -19.647814 55.843960 -10.888518 6.271592 -35.841831 -38.575253 0.000013 -0.002505 -0.005319 38.674107 -71.575562 -41.904350 -143.409134 78.653137 -150.155182 3.613652 -9.223218 -3.282946 -0.000391 -0.002293 0.008914 
-119.003616 0.000000 89.809433 -97.046837 -0.000000 0.000000 -18.350189 5.357120 18.660896 0.859252 8.993199 0.479831 2.593479 17.038927 0.891921 2.927074 16.495192 0.814640 -15.761284 -10.073953 -23.788725 -41.630352 5.583405 31.942415 -2.098171 -0.830497 -15.968150 2.616587 1.550398 -37.080662 -94.660233 -1.052775 -2.293454 -2.705247 31.683561 7.768580 10.068418 -0.942702 15.786057 9.583783 -18.298887 43.725746 90.428360 -5.604141 10.431685 8.907975 32.337734 -20.101643 3.236245 -32.489071 14.807752 -20.985958 58.105591 -12.233446 7.006118 -37.067307 -39.731331 0.000036 -0.002453 -0.005294 37.521389 -72.295273 -40.928905 -135.776764 77.781303 -142.813065 2.369229 -12.386539 -3.946122 -0.000369 -0.002335 0.008522 
-119.199562 0.000000 91.275116 -98.868576 -0.000000 0.000000 -17.293247 5.477767 18.198864 0.494847 9.221841 0.456809 1.769322 17.537683 0.804846 2.063642 16.983536 0.674639 -16.031559 -9.676965 -22.615322 -41.641769 3.676016 31.874151 -3.954707 -0.936753 -15.740071 -0.684067 -5.667896 -36.446796 -91.418213 -1.090653 -1.923454 -1.685656 33.610912 7.268883 9.303952 -0.984660 16.604654 8.133790 -15.998076 45.283669 88.032257 -4.859221 9.553469 9.073462 31.397329 -18.825914 3.847346 -32.999435 14.910548 -22.153120 59.762703 -13.468524 7.444626 -37.477367 -40.434753 0.000055 -0.002416 -0.005370 35.473785 -73.601364 -38.673267 -127.113121 77.209496 -134.369583 1.660369 -14.894624 -5.817127 -0.000353 -0.002393 0.008240 
-119.334015 0.000000 92.510872 -100.765656 -0.000000 0.000000 -16.205343 5.892190 17.810665 0.203458 9.397706 0.393024 1.120938 17.918316 0.658840 1.396823 17.358528 0.481419 -15.655214 -9.759358 -21.546299 -41.229862 1.788218 31.678476 -5.282720 -1.000901 -15.308461 -2.761737 -12.491633 -36.814030 -90.484146 -1.380246 -1.955175 -1.214259 34.700706 6.928401 8.667437 -0.960066 17.126106 6.377054 -13.107079 45.626255 87.647285 -4.811702 9.363154 9.171962 30.397326 -18.096176 4.255415 -33.504501 14.838230 -22.175865 60.621655 -13.635875 7.869851 -37.593262 -40.490925 0.000055 -0.002353 -0.005463 30.940933 -74.912346 -33.940331 -118.946648 76.503799 -126.601318 0.905794 -16.008953 -7.441822 -0.000357 -0.002497 0.008130 
-119.448593 0.000000 93.542892 -102.702309 -0.000000 0.000000 -14.289706 4.813345 13.412441 1.296144 8.855283 0.493068 3.090718 16.970097 1.165219 3.358121 16.540897 1.034746 -15.244490 -4.919865 -12.836063 -32.963921 -6.168190 27.696419 -8.119039 -0.827833 -16.880121 -15.331081 0.501425 -38.236713 -64.550186 -1.445740 3.165230 -3.213679 28.226404 7.551043 12.295506 -0.914371 13.970910 37.005005 -13.112257 40.481770 89.647919 -2.278401 4.635900 8.745328 33.901058 -8.334561 4.058331 -29.828449 16.705000 -28.146200 62.526302 -17.447493 6.458562 -39.102016 -42.175301 0.000258 -0.002669 -0.006047 33.296726 -76.188080 -36.226585 -147.885971 75.358986 -153.537979 1.867663 -10.743624 -7.941666 -0.000119 -0.002133 0.005259 
-119.534340 0.000000 94.575455 -105.042374 -0.000000 0.000000 -13.283624 5.385425 12.718183 1.078262 8.868186 0.531385 2.652948 16.994463 1.242183 2.929276 16.559704 1.108813 -15.993072 -4.798543 -12.585210 -33.700996 -5.763002 28.320621 -8.796196 -0.793482 -15.988663 -15.676260 -3.148011 -36.272476 -65.477119 -1.334769 2.596866 -3.389442 28.140270 7.970928 11.820574 -0.882584 14.222904 35.653069 -11.393392 41.511223 90.561615 -2.344359 4.612600 8.983038 33.569237 -8.306164 4.932919 -29.859814 17.304302 -27.569990 62.405483 -16.698448 7.382876 -38.044708 -43.661442 0.000264 -0.002635 -0.006250 31.563169 -77.569328 -34.937889 -145.813889 75.407860 -151.380310 1.407631 -10.374023 -6.703812 -0.000115 -0.002180 0.005164 
-119.570335 0.000000 95.349800 -107.367149 -0.000000 0.000000 -12.403317 5.962896 12.053168 0.855266 8.883144 0.567639 2.213441 17.012133 1.286899 2.494614 16.564480 1.139903 -16.458393 -4.936277 -12.533498 -34.220131 -5.184769 28.876280 -9.317033 -0.727547 -15.085588 -16.203501 -5.965196 -34.621048 -66.871422 -1.289844 1.817409 -3.771627 27.755543 8.640683 11.288942 -0.855144 14.391802 33.558712 -9.827739 42.539185 91.312904 -2.358752 4.593201 9.190621 33.231808 -8.599147 5.813245 -29.633362 18.150686 -26.394938 61.758621 -15.347913 8.313130 -36.881218 -45.037430 0.000271 -0.002619 -0.006417 29.633268 -78.682411 -33.524681 -144.905777 75.142311 -150.280548 0.891906 -9.899723 -5.308217 -0.000109 -0.002208 0.005149 
-119.564568 0.000000 95.847389 -109.664612 -0.000000 0.000000 -11.711087 6.601723 11.464965 0.651615 8.887769 0.605919 1.815009 17.012135 1.322781 2.098831 16.552034 1.160406 -16.565952 -5.182276 -12.745502 -34.517723 -4.712598 29.363630 -9.715050 -0.659314 -14.280319 -16.490957 -8.119383 -33.052227 -68.827194 -1.338912 0.729826 -4.173482 27.659994 9.270830 10.699315 -0.828383 14.587723 30.962858 -8.411786 43.373634 91.989357 -2.345758 4.521946 9.275702 33.018040 -8.948019 6.856043 -29.287207 19.045254 -24.976948 60.629101 -13.656313 9.009268 -35.742916 -46.238224 0.000281 -0.002624 -0.006574 27.164200 -79.699272 -31.724277 -144.251038 74.616302 -149.334381 0.216032 -9.482906 -4.085339 -0.000102 -0.002213 0.005169 
-119.524750 0.000000 96.053291 -111.929733 -0.000000 0.000000 -11.138537 7.308028 11.061160 0.427403 8.857368 0.638140 1.387393 16.942520 1.348447 1.677318 16.475796 1.170878 -16.292265 -5.712477 -13.274755 -34.627159 -4.256896 29.713619 -9.955519 -0.624267 -13.641010 -16.330008 -9.648448 -31.800064 -71.211685 -1.574179 -0.627549 -4.589661 27.793608 9.680664 9.977087 -0.796267 14.873663 28.147867 -6.884627 43.694729 92.594246 -2.256281 4.396822 9.191348 32.712238 -9.301830 8.172030 -28.538380 19.694593 -23.045454 58.922890 -11.519362 9.835035 -34.559490 -47.525383 0.000293 -0.002657 -0.006681 24.756775 -80.622375 -30.065723 -143.058517 73.711525 -147.965256 -0.657825 -9.728463 -3.197236 -0.000094 -0.002197 0.005218 
-119.461761 0.000000 95.953522 -114.170906 -0.000000 0.000000 -10.711820 8.269351 11.007008 0.181596 8.762298 0.623968 0.895741 16.750111 1.277799 1.190227 16.283520 1.079507 -15.787108 -6.332723 -13.706649 -34.410271 -4.087918 29.740633 -9.998621 -0.608998 -13.227134 -15.254387 -10.846960 -31.280235 -74.159851 -2.152532 -2.376674 -4.976437 28.324770 10.100068 9.090113 -0.766219 15.185241 25.206451 -5.437744 43.613003 93.219070 -2.168346 4.314320 8.886030 32.824581 -9.530003 9.736453 -27.370577 19.872276 -20.236790 56.506058 -8.608449 11.034209 -33.123043 -48.882782 0.000304 -0.002691 -0.006828 23.228970 -81.385880 -29.470957 -140.875916 72.453094 -145.606293 -1.779272 -10.461840 -3.225948 -0.000088 -0.002191 0.005313 
-119.379913 0.000000 95.534607 -116.405106 -0.000000 0.000000 -10.428292 9.374933 11.272491 -0.048689 8.614033 0.566768 0.380276 16.464729 1.102326 0.661771 16.003273 0.881355 -15.004135 -6.878889 -14.033768 -33.838421 -4.343834 29.407740 -9.872789 -0.601540 -12.957776 -13.573219 -11.547252 -31.251566 -77.223160 -2.972211 -4.125455 -5.352744 28.846161 10.786526 8.252671 -0.718820 15.324167 22.323523 -4.220654 43.432507 93.752678 -2.107272 4.307414 8.652114 32.722694 -9.743491 11.740292 -25.880890 19.444595 -16.937551 53.619614 -5.420145 12.116066 -31.040030 -49.885422 0.000314 -0.002731 -0.006993 19.259844 -81.990913 -26.964569 -136.879227 71.073692 -141.504913 -3.041894 -11.893043 -3.805619 -0.000083 -0.002192 0.005505 
-119.270302 0.000000 94.791222 -118.626266 -0.000000 0.000000 -10.252055 10.614927 11.938638 -0.282710 8.411734 0.483358 -0.112209 16.088825 0.880956 0.172521 15.634480 0.640094 -14.250666 -7.740764 -14.539799 -33.516617 -4.654333 28.955582 -9.630867 -0.608976 -12.779312 -11.388292 -11.715625 -32.125534 -80.355385 -3.770382 -5.631203 -5.873174 29.143633 11.547215 7.723792 -0.650124 15.007490 19.789518 -2.760731 42.918041 94.320244 -2.152036 4.434277 8.531615 32.538410 -9.866730 14.178760 -23.970495 18.665209 -13.726618 49.779774 -2.522122 12.395048 -28.014284 -50.458340 0.000316 -0.002770 -0.007079 11.880479 -82.209503 -21.224365 -131.874252 70.141441 -136.382736 -4.417353 -12.928669 -4.280676 -0.000082 -0.002179 0.005739 
-119.145775 0.000000 93.729248 -120.816010 -0.000000 0.000000 -10.144089 11.957515 12.781573 -0.483880 8.172745 0.370353 -0.534680 15.631546 0.595762 -0.235258 15.175902 0.334495 -13.460027 -8.606888 -15.438370 -33.458199 -4.654918 28.721054 -9.373545 -0.608173 -12.670195 -9.092582 -10.545496 -33.136292 -83.894623 -4.690488 -7.076093 -6.403674 29.768900 12.028935 7.419554 -0.588930 14.497144 17.978928 -1.190868 42.546558 94.531708 -2.222936 4.610697 8.257256 32.415062 -10.126127 16.609005 -21.395041 17.847443 -10.724783 44.615440 0.217755 11.737297 -24.316080 -50.269703 0.000310 -0.002822 -0.007080 2.204168 -82.015190 -12.937675 -127.605713 70.034180 -131.916855 -5.337872 -14.071715 -4.150471 -0.000086 -0.002145 0.006008 
-119.008972 0.000000 92.361404 -122.965927 -0.000000 0.000000 -9.912518 13.372037 13.869647 -0.697573 7.842618 0.258005 -1.003537 14.968874 0.305838 -0.711175 14.518560 0.021275 -12.518204 -9.188234 -16.818514 -33.661366 -4.337418 28.681263 -8.785460 -0.608872 -12.702474 -7.643861 -7.658319 -34.287823 -86.331451 -4.942432 -7.598378 -7.057178 29.427862 12.224012 7.414526 -0.539430 13.917516 17.646429 0.846910 41.914200 94.363663 -2.244675 4.918155 8.539274 31.335943 -10.726441 18.683561 -18.349945 16.880074 -8.083368 38.782272 2.279263 10.204744 -20.021841 -49.077518 0.000288 -0.002857 -0.006708 -9.022138 -81.165062 -3.264301 -123.934319 70.591309 -128.109726 -5.872374 -16.153685 -2.988343 -0.000107 -0.002118 0.006152 
-118.868935 0.000000 90.713104 -125.094513 -0.000000 0.000000 -9.783244 14.786693 15.175518 -0.900517 7.464726 0.125989 -1.438725 14.194946 0.003218 -1.159910 13.760038 -0.290508 -11.647957 -9.593228 -18.190737 -33.851059 -3.762394 28.686480 -7.855519 -0.628390 -12.985216 -6.975116 -3.723766 -35.610504 -87.425957 -4.861561 -7.580532 -7.494617 29.291056 12.011032 7.640756 -0.515154 13.390770 18.340466 3.133553 41.146652 93.421097 -2.255861 5.201342 8.804965 30.829458 -11.012576 20.215273 -15.501380 15.653985 -5.641679 34.021332 4.223912 8.566974 -15.212840 -47.711575 0.000257 -0.002856 -0.006245 -17.239983 -79.375252 3.465584 -118.865623 71.616905 -123.068909 -6.164698 -18.652355 -1.916535 -0.000134 -0.002101 0.006235 
-118.718445 0.000000 88.819931 -127.210091 -0.000000 0.000000 -10.047028 16.200697 16.273514 -1.015867 7.064399 0.059042 -1.612924 13.357541 -0.150383 -1.349325 12.948359 -0.450309 -10.855855 -9.753374 -19.544472 -33.906406 -3.226951 28.643253 -6.844070 -0.649930 -13.389019 -6.515251 0.082456 -37.616135 -87.565781 -4.811193 -7.420654 -7.586349 29.703053 11.179408 7.911028 -0.539007 13.238252 19.432074 4.891388 40.685734 91.292763 -2.303648 5.338398 8.499776 30.778454 -10.537418 20.789656 -13.328829 14.212384 -3.378376 31.238722 6.419207 6.607237 -9.149699 -45.683620 0.000235 -0.002843 -0.005896 -24.472263 -76.717911 10.135888 -112.727303 72.504242 -117.233635 -6.174713 -22.438105 -1.671326 -0.000156 -0.002097 0.006266 
-118.527206 0.000000 86.701286 -129.324677 -0.000000 0.000000 -10.174281 17.523766 17.242355 -1.131330 6.721992 -0.068421 -1.802698 12.671268 -0.404997 -1.536319 12.297171 -0.700521 -10.255566 -10.316788 -20.516106 -33.952797 -2.483222 28.620384 -5.785406 -0.689409 -14.172107 -6.251806 3.272272 -39.612942 -86.735580 -4.774121 -7.064520 -7.410823 30.084249 10.138277 8.320167 -0.585877 13.329451 20.903622 5.048095 40.690758 88.505188 -2.416858 5.312550 7.812511 31.097754 -9.824004 20.226603 -11.945649 12.506737 -1.575910 30.283972 8.986496 4.688622 -2.669372 -42.482864 0.000219 -0.002818 -0.005676 -27.887861 -73.853714 13.232219 -103.498085 73.496811 -108.007637 -5.449339 -26.767384 -2.748125 -0.000176 -0.002109 0.006350 
-118.308594 0.000000 84.371300 -131.452728 -0.000000 0.000000 -11.118622 18.691061 17.721819 -1.132920 6.507551 -0.135685 -1.739777 12.304068 -0.540395 -1.434531 11.979868 -0.837147 -9.306665 -11.253302 -21.277914 -33.695190 -1.977579 28.550819 -4.631365 -0.693151 -14.883219 -6.503050 5.902077 -42.211033 -84.848167 -4.498139 -6.397429 -7.139704 30.142395 9.200915 9.237345 -0.577101 13.326774 21.767338 3.594210 40.789146 85.843224 -2.525963 5.199414 7.234460 31.355461 -9.406704 19.189135 -12.219848 10.466518 -0.599088 32.862076 11.258975 2.102614 4.194469 -36.406960 0.000202 -0.002773 -0.005460 -29.678751 -70.587257 15.202675 -93.284866 74.249313 -97.779800 -3.451006 -29.084398 -5.974649 -0.000195 -0.002137 0.006393 
-118.104744 0.000000 81.853394 -133.582062 -0.000000 0.000000 -12.523457 19.916782 17.712835 -0.973827 6.378407 -0.186763 -1.325683 12.085930 -0.665171 -0.954697 11.806028 -0.960445 -8.703852 -11.796879 -21.588638 -33.341736 -2.131186 28.474882 -3.651053 -0.658987 -15.216086 -7.067646 8.697826 -45.001617 -82.905151 -4.029693 -5.627969 -7.428072 29.384911 8.393064 10.126292 -0.539533 13.111602 21.819761 0.923737 41.571896 84.311226 -2.455608 4.886565 6.917195 30.839344 -8.842058 16.482708 -13.876345 8.561837 0.318618 38.666790 13.151502 -0.494588 11.310885 -27.521828 0.000197 -0.002732 -0.005186 -29.773100 -67.102898 16.006390 -79.113655 75.427345 -82.815132 -1.609200 -28.883898 -8.703362 -0.000204 -0.002208 0.006175 
-117.905556 0.000000 79.155960 -135.704834 -0.000000 0.000000 -13.815369 20.845711 17.530735 -0.664200 6.321342 -0.254770 -0.650764 11.943442 -0.843630 -0.236854 11.681578 -1.127869 -8.038015 -12.686388 -21.521952 -32.535801 -2.419219 28.002800 -2.916067 -0.608256 -15.467944 -7.806253 10.742722 -47.281883 -80.659492 -3.296807 -4.632341 -7.461285 27.791992 7.091348 10.724491 -0.536133 12.971070 21.031046 -1.907702 41.703823 84.216179 -2.548855 4.860832 7.022568 29.596714 -8.722600 12.492956 -16.140123 7.424757 -0.348472 45.863373 12.744615 -2.427434 16.539511 -18.738731 0.000182 -0.002652 -0.004919 -28.470716 -63.962845 16.170322 -66.306717 75.121422 -69.732460 -1.206067 -27.103502 -9.967671 -0.000219 -0.002326 0.005918 
-117.681908 0.000000 76.262802 -137.819168 -0.000000 0.000000 -14.825063 21.692713 17.327906 -0.332079 6.254245 -0.366741 -0.012925 11.814480 -1.127939 0.422057 11.576614 -1.420502 -7.361630 -13.449873 -21.493906 -31.549522 -2.568510 27.423265 -2.726561 -0.526034 -15.369798 -8.332589 12.280818 -48.780533 -77.685417 -2.509957 -3.566311 -7.028851 25.715168 5.615866 11.155088 -0.524878 12.763857 20.082859 -4.589533 41.206486 85.008507 -2.774700 5.108658 7.368678 27.950989 -8.464567 8.807787 -19.332413 6.840318 -1.810532 54.290588 10.165737 -3.553906 17.452414 -11.654066 0.000167 -0.002576 -0.004712 -25.452198 -60.942196 15.047750 -54.980614 74.792274 -58.574532 -0.856800 -24.741518 -10.550038 -0.000232 -0.002458 0.005689 
-117.415787 0.000000 73.139145 -139.933273 -0.000000 0.000000 -15.582161 22.410698 16.797192 -0.046789 6.169839 -0.428189 0.512824 11.692089 -1.308524 0.957858 11.476138 -1.614231 -6.828245 -14.221138 -21.306137 -30.680429 -2.675773 26.883123 -2.813456 -0.472641 -15.026937 -8.704176 14.037406 -49.886425 -75.154785 -1.922925 -2.750548 -6.537095 23.287304 4.694131 11.300215 -0.478350 12.483932 18.506338 -6.756392 40.685986 86.667213 -2.903570 5.376595 7.855521 26.496090 -8.436151 5.973684 -22.703176 6.411419 -5.736443 61.508228 5.700262 -5.303189 15.950524 -8.810225 0.000155 -0.002540 -0.004527 -23.023682 -57.795471 14.464422 -44.573948 74.144264 -48.581177 -0.368886 -23.278847 -10.423226 -0.000237 -0.002497 0.005533 
-117.077026 0.000000 69.803116 -142.084503 -0.000000 0.000000 -16.322857 23.104902 16.269920 0.209841 6.139410 -0.502183 0.960055 11.674933 -1.474013 1.396927 11.469897 -1.789020 -6.487709 -15.153642 -20.770576 -29.815058 -2.876604 26.265368 -2.747512 -0.469696 -14.959656 -8.782861 16.169497 -50.782917 -73.263969 -1.645476 -2.194793 -5.968085 21.917097 4.510200 11.449360 -0.434667 12.369190 17.258270 -9.192547 40.195633 88.836357 -3.076006 5.719952 8.102801 25.867147 -8.704867 3.975022 -26.810459 5.868187 -7.509458 67.920067 2.521257 -6.024256 12.801367 -8.515123 0.000145 -0.002530 -0.004466 -20.704197 -54.709347 13.757668 -34.431606 72.509674 -38.845058 0.293187 -22.025524 -10.564545 -0.000237 -0.002477 0.005535 
-116.668320 0.000000 66.268044 -144.281113 -0.000000 0.000000 -17.175814 23.895107 15.935947 0.389179 6.125670 -0.596475 1.289513 11.669473 -1.670863 1.731955 11.465692 -1.995724 -6.307150 -15.923149 -19.882330 -28.761143 -3.610018 25.337049 -2.409063 -0.475742 -15.038768 -8.600927 18.739969 -51.638107 -71.683777 -1.601254 -1.982356 -5.628077 20.776230 4.789154 11.581495 -0.382968 12.204929 16.772223 -11.780123 39.786476 91.551201 -3.278483 5.992249 8.098707 26.007057 -8.969938 4.085574 -31.518091 4.256119 -1.115861 73.238571 7.804051 -4.394095 9.380838 -8.223624 0.000146 -0.002520 -0.004583 -18.624632 -51.601265 12.790020 -26.488178 70.496452 -31.307802 1.393959 -22.084740 -10.803204 -0.000232 -0.002484 0.005533 
-116.189552 0.000000 62.530361 -146.544144 -0.000000 0.000000 -21.673218 24.879005 18.096954 0.255002 5.903623 -0.786451 1.380763 11.376625 -2.091635 2.001359 11.234528 -2.404343 -6.392814 -14.788662 -23.916536 -32.263081 -0.734201 28.846306 -0.634250 -0.387005 -13.055164 -2.209004 26.511196 -48.896881 -66.148201 -1.989147 -1.232224 -4.537920 18.517704 8.045669 11.577480 -0.001186 9.966697 12.860887 -17.723207 36.424442 100.344002 -4.334321 7.177193 6.941973 25.233372 -9.326355 10.774331 -37.601311 -3.450669 28.886761 80.485390 36.709988 -0.839078 7.597678 -10.504274 0.000193 -0.002533 -0.005403 -23.024586 -41.010590 16.832809 -22.917665 65.595085 -25.899099 2.893271 -21.028959 -20.009865 -0.000188 -0.002351 0.005757 
-115.457985 0.000000 58.406101 -148.787689 -0.000000 0.000000 -22.128891 25.718088 17.870468 0.511160 5.844427 -0.987119 1.842493 11.277703 -2.461228 2.455118 11.130067 -2.776193 -6.772225 -15.350950 -23.178837 -32.125599 -1.147896 28.356115 -0.255637 -0.348032 -12.506430 -1.812009 30.016642 -50.094257 -67.371460 -2.059897 -1.947755 -4.608782 18.178793 8.399416 11.469220 0.094948 9.071750 11.450972 -21.356268 35.309643 103.793312 -4.482254 7.354983 7.284101 25.063953 -10.186277 14.575672 -44.223824 -8.656891 59.307014 82.316368 66.293640 0.662822 4.550753 -9.681377 0.000193 -0.002470 -0.005668 -20.515568 -36.627907 14.679245 -17.929165 61.906658 -21.640114 3.798203 -20.844887 -20.445831 -0.000190 -0.002425 0.005716 
-114.635658 0.000000 54.050488 -151.043503 -0.000000 0.000000 -22.437784 26.388186 17.656591 0.743486 5.809289 -1.226752 2.264308 11.241326 -2.909735 2.875437 11.085705 -3.226550 -7.045456 -15.980433 -22.545811 -32.069660 -1.605953 27.894432 -0.060966 -0.295610 -11.922981 -1.271298 33.353676 -50.792030 -69.036644 -2.137287 -2.715321 -4.659424 18.487625 8.560313 11.486688 0.206755 7.966928 10.317780 -25.114115 33.829063 107.065720 -4.596640 7.511654 7.469400 25.501648 -10.682106 20.061235 -50.262188 -14.899556 79.708260 82.161232 85.958580 1.401443 1.741046 -8.971336 0.000193 -0.002418 -0.005894 -17.984386 -31.691673 12.492479 -13.296512 57.726357 -17.794205 5.144913 -20.372173 -21.456711 -0.000193 -0.002486 0.005660 
-113.711800 0.000000 49.461922 -153.317505 -0.000000 0.000000 -22.437174 26.760164 17.286274 1.024332 5.794493 -1.420670 2.751665 11.226136 -3.260664 3.324278 11.063823 -3.568026 -6.879109 -16.524862 -22.212646 -31.878475 -2.158492 27.410847 -0.000299 -0.247681 -11.312360 -0.899515 36.187042 -51.217270 -70.858757 -2.149536 -3.377413 -4.804356 18.972822 8.604081 11.584760 0.353987 6.706441 9.624949 -28.885275 32.206043 109.771446 -4.506898 7.546057 7.714932 25.816883 -11.301988 26.789892 -55.623226 -22.259853 82.921539 82.480621 88.417465 0.987428 -1.398644 -8.667708 0.000193 -0.002391 -0.006015 -15.758031 -26.159800 10.851061 -9.354559 52.953136 -14.456008 6.560295 -19.571621 -22.807682 -0.000193 -0.002507 0.005566 
-112.686111 0.000000 44.651978 -155.609894 -0.000000 0.000000 -21.563143 26.950356 16.848045 1.303033 5.754141 -1.589903 3.252239 11.128302 -3.535738 3.784832 10.935963 -3.804162 -6.962573 -17.041983 -21.464897 -31.395437 -2.486540 26.782877 -0.234730 -0.194738 -10.694857 -0.211526 38.110775 -50.737045 -73.282837 -2.128707 -4.111585 -5.080990 18.877995 9.075068 11.436970 0.410845 5.734501 9.137685 -31.928144 30.825779 111.661743 -4.378106 7.546067 8.231183 25.832037 -12.380021 34.374920 -60.100773 -30.844143 61.637535 82.798286 66.320763 0.018002 -3.847445 -8.905015 0.000201 -0.002376 -0.006098 -14.835310 -20.890837 9.614460 -5.602465 47.840290 -11.539119 7.086764 -16.825491 -23.360870 -0.000192 -0.002541 0.005429 
-111.586617 0.000000 39.645706 -157.939438 -0.000000 0.000000 -20.402344 26.924650 16.238287 1.624511 5.736358 -1.762760 3.850219 11.044605 -3.815391 4.354485 10.801173 -4.040955 -7.654892 -17.731497 -20.002991 -30.698936 -2.367336 26.165409 -1.002704 -0.136698 -9.972627 0.723010 39.160110 -50.083256 -75.971169 -2.162837 -4.903734 -5.552047 18.422058 9.528223 10.714642 0.332257 5.241262 8.576032 -33.700165 30.288776 113.212044 -4.316317 7.560661 8.471881 25.859055 -12.842473 42.895691 -63.206692 -40.712578 32.140995 80.811150 35.802467 -0.889313 -5.836362 -9.902364 0.000215 -0.002427 -0.006139 -13.907879 -14.793117 8.449265 -1.422344 41.494850 -8.197155 6.518833 -11.761889 -22.573559 -0.000183 -0.002493 0.005349 
-110.433411 0.000000 34.466305 -160.316803 -0.000000 0.000000 -19.063185 26.784914 15.417387 1.957304 5.741752 -1.957460 4.458434 10.960942 -4.110351 4.937295 10.650287 -4.273582 -8.701667 -18.570213 -18.149763 -29.975739 -2.149920 25.490803 -2.172788 -0.072823 -9.293359 0.953322 39.489197 -50.110313 -78.709236 -2.330544 -5.623347 -6.220809 18.038046 10.006461 9.613663 0.205924 5.132842 8.221907 -34.013741 30.530342 114.252090 -4.209403 7.506112 8.808798 24.821375 -13.075837 51.110291 -64.840927 -49.978802 14.766679 76.493332 17.523371 -1.331180 -7.533917 -11.471527 0.000231 -0.002513 -0.006092 -12.779740 -8.728663 7.899840 2.410956 34.658352 -5.291086 5.066899 -4.740496 -20.254028 -0.000172 -0.002404 0.005285 
-109.205292 0.000000 29.120335 -162.752106 -0.000000 0.000000 -17.265255 26.687235 14.638034 2.164112 5.726183 -2.178670 4.794417 10.794971 -4.445471 5.243986 10.419476 -4.530078 -10.024514 -19.529623 -16.382362 -29.769077 -1.596450 24.926464 -3.516094 -0.004341 -8.823925 1.141631 38.945515 -50.133076 -81.415787 -2.436946 -6.107340 -6.924097 18.138330 10.105124 8.298173 0.045006 5.463398 8.608795 -32.873611 31.341038 114.614204 -3.951468 7.312733 9.295626 23.414827 -13.595491 57.171978 -65.485321 -56.982052 5.622901 70.090797 7.093284 -1.340106 -8.575320 -13.313129 0.000234 -0.002595 -0.005907 -12.176483 -3.406934 7.921961 6.128642 28.676233 -2.939300 4.005220 4.250260 -16.099066 -0.000169 -0.002312 0.005137 
-107.870911 0.000000 23.601770 -165.250320 -0.000000 0.000000 -14.828607 26.296160 13.975695 2.291989 5.736465 -2.352194 4.975946 10.705344 -4.707158 5.379887 10.283615 -4.723409 -10.410299 -20.663242 -15.663713 -29.619659 -0.591974 24.761374 -4.935336 0.076453 -8.895061 0.689625 37.264145 -49.354534 -83.258751 -2.497422 -6.352856 -7.335384 18.670048 10.074041 7.185659 -0.050819 6.061178 9.151763 -30.503971 32.909458 114.410149 -3.722202 7.015052 9.520953 21.906172 -14.305688 59.372231 -65.251587 -59.920338 -1.188014 63.199566 -0.905811 -1.862563 -8.659194 -15.469923 0.000237 -0.002683 -0.005755 -12.121744 1.514950 7.596936 9.748543 22.949591 -0.582131 4.555968 15.253719 -9.339776 -0.000162 -0.002186 0.005105 
-106.494011 0.000000 17.913509 -167.836990 -0.000000 0.000000 -12.567877 25.850245 12.986392 2.477760 5.634884 -2.321708 5.301759 10.442009 -4.608237 5.653583 9.996510 -4.598526 -10.851088 -21.434134 -15.544275 -29.855251 0.570752 24.591732 -6.279215 0.127979 -9.394552 0.154540 34.860870 -48.275658 -84.044289 -2.705603 -6.667665 -7.036222 20.126228 9.013271 6.260592 -0.145907 6.839703 10.631079 -27.155972 33.703545 113.349602 -3.426903 6.612252 9.074072 21.252947 -14.795095 58.084282 -64.025429 -59.126678 -4.600540 56.522831 -4.849492 -1.845095 -8.122490 -17.728449 0.000236 -0.002685 -0.005651 -11.742725 5.249197 6.897668 13.473565 19.880564 0.335266 7.389959 27.527468 2.268870 -0.000158 -0.002184 0.005123 
-105.065742 0.000000 12.090993 -170.542572 -0.000000 0.000000 -10.962750 25.438280 11.540012 2.533797 5.409588 -2.165358 5.438706 9.969737 -4.286613 5.771626 9.525224 -4.265979 -10.794462 -21.253853 -15.160911 -29.302801 0.944041 24.254194 -6.789938 0.014736 -10.291149 0.282102 32.267979 -47.432590 -83.589790 -2.880849 -6.674810 -6.519076 21.362417 8.181918 5.681561 -0.192911 7.824236 12.348465 -22.719604 34.192039 111.451881 -3.090873 6.268600 8.277325 21.738512 -14.324875 55.887524 -62.572273 -56.946995 -4.577027 52.881584 -4.741689 -1.475721 -5.660890 -18.607479 0.000240 -0.002715 -0.005478 -10.404478 6.896943 7.308516 14.909783 20.910652 0.358263 10.899332 34.183151 11.874844 -0.000154 -0.002159 0.005059 
-103.602028 0.000000 6.170398 -173.355759 -0.000000 0.000000 -9.137856 24.633171 10.276585 2.395742 5.257076 -1.955838 5.147367 9.633482 -3.891336 5.436225 9.214299 -3.869251 -10.348401 -21.207979 -14.499513 -28.000126 1.001919 23.561264 -6.516772 -0.206323 -11.379876 0.589193 28.564871 -46.405510 -83.026192 -3.084949 -6.687142 -6.418556 21.643227 8.334165 5.434916 -0.179342 8.885931 13.056558 -18.149504 36.002258 109.425446 -3.033385 6.206124 7.455844 22.261444 -12.617635 54.476284 -59.517342 -55.330654 -2.106429 51.861691 -1.581212 -2.270824 -3.393116 -13.205742 0.000257 -0.002789 -0.005359 -9.225122 6.783092 7.495826 13.830962 26.269133 0.756847 11.275193 35.311008 15.027263 -0.000143 -0.002112 0.004968 
-102.072754 0.000000 0.188405 -176.261246 -0.000000 0.000000 -7.188108 23.407858 9.354926 2.135630 5.238063 -1.827166 4.503366 9.583083 -3.658990 4.765460 9.185721 -3.660859 -10.138296 -21.577826 -12.902783 -26.058699 0.785642 22.417059 -6.143741 -0.444936 -12.658007 -0.019572 24.135187 -45.524803 -82.720871 -3.239476 -6.699426 -5.745931 21.844440 8.546995 5.663375 -0.175739 9.950668 13.209197 -14.180344 37.867550 106.431320 -3.174719 6.325861 7.063698 22.283091 -11.073748 51.220043 -56.058323 -52.368320 3.281321 52.361588 5.171054 -1.964388 -3.772703 0.736134 0.000259 -0.002814 -0.005403 -9.025862 5.259613 7.189953 12.385458 35.148460 0.917337 9.341846 32.329716 14.585608 -0.000141 -0.002064 0.005119 
-100.488571 0.000000 -5.881542 -179.287430 -0.000000 0.000000 -6.147258 21.965195 8.155836 1.864475 5.313389 -1.675045 3.886078 9.675257 -3.346386 4.093044 9.272985 -3.347106 -10.515991 -21.710979 -10.493999 -24.378042 0.053185 20.937225 -5.703336 -0.589836 -13.702448 -0.114249 19.517481 -45.335567 -81.821144 -2.961969 -6.254339 -4.937088 20.411669 9.184322 6.080728 -0.238498 10.624304 13.224980 -10.055964 40.004879 103.353004 -3.309765 6.368884 6.666915 23.342180 -9.351383 45.659809 -53.308598 -47.170376 9.081530 53.669960 12.999621 -0.158748 -10.441144 7.661980 0.000243 -0.002746 -0.005355 -9.963316 2.705969 6.490550 10.953135 46.057381 0.027438 6.994105 28.966076 12.403051 -0.000154 -0.002137 0.005006 
-98.835014 0.000000 -12.061755 177.636597 0.000000 0.000000 -5.383324 20.447287 7.280726 1.468129 5.360983 -1.695964 3.122705 9.792687 -3.398567 3.329079 9.443401 -3.396658 -10.216385 -22.050892 -8.658099 -22.644533 -0.493991 20.036703 -5.039437 -0.625775 -14.747643 -0.389288 14.575452 -44.581841 -80.297478 -2.564211 -5.666749 -4.117328 18.684902 9.543997 6.517097 -0.247795 10.901770 14.269622 -4.892044 41.566757 99.985916 -3.168254 6.093277 6.046640 24.482292 -7.561018 38.693905 -51.280342 -40.817066 13.097384 55.945278 17.137613 2.066032 -16.906061 4.997836 0.000235 -0.002650 -0.005393 -11.821305 -0.964742 4.802822 8.995123 57.101646 -0.865064 5.606620 25.984905 9.885916 -0.000154 -0.002209 0.004734 
-97.054558 0.000000 -18.295158 174.607391 0.000000 0.000000 -3.726100 19.061846 6.882449 0.892672 5.340787 -1.918433 1.998408 9.837321 -3.866869 2.236834 9.554972 -3.876868 -9.948083 -22.204199 -6.873367 -20.910749 -0.513405 19.540901 -4.811597 -0.670075 -15.825966 -1.840762 8.689038 -42.148388 -79.609787 -2.442015 -5.487789 -3.507818 18.114634 9.503436 6.384120 -0.246062 11.157222 14.762376 -0.250534 43.600151 96.534546 -3.114884 5.937853 4.738840 26.386913 -6.245783 32.847683 -48.110100 -34.983707 15.667477 58.250275 20.050165 4.586411 -21.968290 -0.174216 0.000242 -0.002623 -0.005539 -12.921363 -6.054934 3.045544 5.841519 67.235138 -2.624522 3.525754 23.019857 4.609720 -0.000149 -0.002269 0.004607 
-95.152267 0.000000 -24.530132 171.671478 0.000000 0.000000 -1.823284 18.171192 6.683929 0.341202 5.265943 -2.111274 0.886369 9.762334 -4.295012 1.134306 9.516061 -4.320261 -9.440249 -22.145628 -5.248296 -19.172724 -0.525197 18.976751 -4.802708 -0.767210 -16.994263 -4.154942 2.646405 -39.376286 -79.786621 -2.689426 -5.751411 -3.054064 18.878128 8.967612 5.917443 -0.214942 11.618647 13.836610 3.483405 45.351021 92.880165 -3.207729 5.840878 2.974731 28.765200 -5.085923 29.438517 -44.506943 -30.986727 17.384550 59.058033 22.381464 6.096908 -24.675581 -3.423617 0.000258 -0.002660 -0.005665 -12.687088 -12.671400 1.884598 -0.692838 77.175209 -8.126832 2.146286 17.744949 -0.149231 -0.000137 -0.002260 0.004610 
-93.169960 0.000000 -30.760017 168.876572 0.000000 0.000000 0.144898 17.775957 6.408285 -0.027961 5.231291 -2.187284 0.078136 9.755622 -4.495533 0.310374 9.523366 -4.541492 -8.931972 -22.453819 -3.675678 -17.582985 -1.016770 18.174557 -5.462792 -0.856704 -17.572313 -7.201603 -3.852691 -37.676659 -80.184059 -2.917682 -6.005696 -3.013615 20.127527 8.628393 5.241742 -0.253943 12.504526 11.873924 6.562776 46.145630 90.112534 -3.379500 5.610078 1.691173 29.983713 -4.510045 27.326342 -40.799606 -27.884180 17.622757 59.325680 23.154951 6.974026 -27.158535 -5.971169 0.000270 -0.002693 -0.005725 -11.808426 -20.656218 1.968371 -38.485203 85.150375 -45.785702 1.030638 12.724409 -3.668996 -0.000130 -0.002254 0.004640 
-91.134201 0.000000 -37.018021 166.260681 0.000000 0.000000 1.933799 17.698748 5.571091 -0.270061 5.170126 -2.025180 -0.481545 9.673154 -4.192842 -0.291702 9.424475 -4.265624 -8.957938 -22.936916 -2.120117 -16.515823 -1.472364 17.318047 -6.465304 -0.876918 -17.122051 -9.481724 -10.360601 -36.923203 -82.169365 -3.380983 -6.695266 -3.491352 21.050596 8.131215 4.375909 -0.329800 13.283572 9.218870 9.828616 45.769459 88.095642 -3.390876 5.424301 0.843871 30.202536 -4.387931 25.057383 -37.436493 -24.179213 17.115604 59.349285 22.773769 7.385699 -29.451862 -8.148163 0.000265 -0.002664 -0.005846 -11.261698 -29.284161 2.989989 -117.574280 83.455116 -124.900848 0.588830 7.077108 -4.984544 -0.000137 -0.002297 0.004757 
-89.060661 0.000000 -43.311066 163.825226 0.000000 0.000000 3.735070 17.739676 4.375244 -0.528514 5.043345 -1.722279 -1.042074 9.506193 -3.571373 -0.889487 9.242312 -3.666571 -8.697333 -23.295971 -1.156828 -15.465096 -1.750716 16.326014 -7.507274 -0.820252 -16.088440 -11.354526 -16.574774 -36.639740 -85.233253 -3.690470 -7.276776 -4.166914 21.591682 8.283841 3.341468 -0.371666 13.769619 5.828030 13.375691 44.332130 88.118988 -3.493279 5.790825 0.723367 28.693224 -4.443715 22.910757 -33.742908 -20.404470 15.002054 58.433323 20.986528 7.298121 -31.317621 -9.729880 0.000258 -0.002661 -0.005847 -11.996362 -38.310410 5.419129 -129.839508 78.099449 -136.964371 -0.598133 2.140168 -6.655595 -0.000148 -0.002325 0.004945 
-86.940643 0.000000 -49.629555 161.552429 0.000000 0.000000 9.363746 17.774012 1.878409 -0.690516 4.546167 -0.994685 -1.621758 8.710834 -2.065041 -1.700182 8.575526 -2.129012 -6.357505 -26.266626 3.628728 -6.074873 -1.764237 6.317178 -10.171862 -0.575154 -12.393669 -14.592502 -24.417929 -35.975368 -94.037636 -3.815046 -8.023777 -6.417603 19.626993 9.843315 1.189970 -0.062172 11.981614 1.737878 25.722742 42.310829 88.624672 -4.164116 7.442128 2.172572 20.396240 -5.594183 17.092649 -28.864641 -13.824243 5.915531 56.963825 14.070298 1.848968 -29.354355 -5.175853 0.000246 -0.002710 -0.005703 -14.990352 -46.634453 8.738248 -136.065399 74.226883 -142.698975 -1.747908 -2.188428 -4.154995 -0.000160 -0.002262 0.005456 
-84.799576 0.000000 -56.596981 160.631226 0.000000 0.000000 9.644578 18.131813 0.233211 -1.146763 4.293992 -0.540734 -2.515745 8.306149 -1.145527 -2.607442 8.201595 -1.223570 -5.639801 -25.731787 4.251993 -4.090219 -1.570164 4.915733 -10.610773 -0.243263 -9.957758 -13.444546 -28.648397 -35.895042 -99.589622 -4.049647 -8.532732 -8.029777 18.709192 11.386022 0.670949 0.053443 10.587626 -0.475565 31.625803 40.903996 92.575081 -4.147585 7.654642 3.340953 16.422625 -6.554580 16.074507 -23.606388 -9.728438 3.623064 53.246410 12.497275 1.588582 -28.449039 -6.483885 0.000245 -0.002676 -0.005726 -18.141218 -54.764980 13.780662 -127.894127 73.775696 -134.402237 -3.083691 -3.029410 -5.278517 -0.000163 -0.002301 0.005411 
-82.603844 0.000000 -63.682747 159.824036 0.000000 0.000000 9.867209 18.439224 -0.975306 -1.748398 4.034070 -0.162381 -3.663692 7.799319 -0.416448 -3.746590 7.692608 -0.514931 -4.635506 -25.291637 4.889572 -1.683387 -1.064961 3.279721 -10.564272 -0.001186 -7.694033 -12.321075 -30.113503 -35.702515 -104.921600 -4.288560 -8.981546 -9.461340 18.257330 12.633851 0.516048 0.184018 8.917141 -2.699264 37.242977 39.513573 96.561096 -3.984503 7.640706 4.425779 13.156400 -7.373321 15.584886 -17.524454 -6.356460 1.362600 48.074471 10.719154 0.857805 -24.964888 -7.275471 0.000257 -0.002711 -0.005728 -22.440416 -61.311626 19.950277 -111.727486 75.454895 -118.157143 -3.850908 -3.897239 -5.900902 -0.000151 -0.002254 0.005313 
-80.365959 0.000000 -70.849655 159.126587 0.000000 0.000000 9.518772 18.587820 -2.250005 -2.308499 3.828284 0.225582 -4.666835 7.385488 0.325272 -4.714153 7.291466 0.200426 -3.619301 -25.052858 5.652562 0.844301 -0.322658 1.546227 -9.974905 0.178281 -5.850234 -11.387464 -29.525051 -35.629108 -109.785034 -4.492116 -9.289783 -10.706695 17.371664 13.372828 1.044975 0.348308 7.060224 -5.245917 42.101364 38.173729 99.579521 -3.831379 7.657342 5.557234 10.928145 -8.237570 14.983443 -11.266817 -2.852214 -0.583740 42.290722 8.834968 0.040398 -19.702724 -7.295869 0.000262 -0.002676 -0.005736 -26.911283 -65.732155 26.327129 -85.433273 77.699791 -91.252190 -3.594465 -3.875255 -5.701037 -0.000141 -0.002259 0.005135 
-78.101486 0.000000 -78.109688 158.552673 0.000000 0.000000 9.109026 18.582115 -3.289310 -2.843204 3.614248 0.533955 -5.620707 6.971703 0.926533 -5.615065 6.923853 0.789127 -2.690371 -24.626667 6.685831 3.430152 0.508628 -0.233263 -9.002777 0.244790 -4.595953 -10.758727 -26.876961 -35.154518 -114.043037 -4.796963 -9.603884 -12.130579 15.700747 14.228019 1.848149 0.557801 5.433459 -7.903984 46.018757 37.063370 101.857521 -3.670167 7.588228 6.340710 9.001781 -8.652112 14.404384 -4.475517 0.102661 -2.448688 35.670509 6.607246 -0.342458 -10.298342 -7.274696 0.000276 -0.002678 -0.005744 -30.836548 -67.778793 31.296526 -44.259010 76.721817 -48.717133 -2.482070 -3.605663 -4.635453 -0.000127 -0.002233 0.005031 
-75.830330 0.000000 -85.431595 158.112839 0.000000 0.000000 8.163094 17.986988 -4.083036 -3.226881 3.455121 0.812128 -6.282969 6.659522 1.483563 -6.217593 6.620855 1.351273 -2.019315 -24.879591 7.919900 5.913670 2.229768 -2.117133 -7.834922 0.246197 -3.908643 -10.961166 -23.114454 -34.736687 -117.107277 -5.314826 -9.947056 -12.891758 15.135581 14.890037 2.804425 0.747908 4.352563 -10.176813 48.712357 36.549263 103.630081 -3.440593 7.349016 6.304737 8.447530 -8.557530 14.718537 3.194320 2.270318 -4.796239 28.126862 4.855733 -1.420805 5.083407 -7.911974 0.000297 -0.002679 -0.005875 -33.207840 -68.263618 34.672726 -18.218138 70.651443 -22.089371 -1.526206 -2.893733 -1.932840 -0.000108 -0.002214 0.004945 
-73.516678 0.000000 -92.816956 157.792572 0.000000 0.000000 6.688999 16.974964 -4.486312 -3.468869 3.300758 0.913844 -6.708042 6.361552 1.697085 -6.619671 6.317871 1.557185 -1.719203 -24.851643 9.892692 8.571106 4.210599 -4.502649 -6.486506 0.164706 -3.855964 -11.788345 -18.130527 -34.506218 -119.049263 -5.677209 -10.114670 -13.029012 14.991057 14.794162 3.483197 0.819261 4.362866 -11.352790 49.693932 36.662125 104.831223 -3.383691 7.280397 6.298792 7.340427 -8.207307 16.126350 10.289593 4.097705 -6.711367 21.694963 4.041038 -3.078254 19.315643 -10.546349 0.000304 -0.002664 -0.005959 -31.768522 -66.891891 34.602203 -5.969219 61.621979 -9.915433 -0.028789 -3.234911 1.099631 -0.000094 -0.002216 0.004904 
-71.151367 0.000000 -100.243523 157.557083 0.000000 0.000000 4.924147 16.174114 -4.358264 -3.553244 3.094630 0.859272 -6.852833 5.992533 1.587958 -6.755414 5.970251 1.435773 -0.937893 -24.242411 11.823224 11.451443 5.395727 -6.798906 -5.331673 0.061771 -4.431519 -12.870728 -11.817807 -34.467258 -119.943649 -5.898371 -10.132156 -12.496302 15.236242 14.019768 4.232098 0.840935 5.011648 -12.689846 49.174438 36.474857 105.252289 -3.630875 7.351497 5.926970 7.318802 -7.889460 17.637569 15.744835 5.267498 -8.048342 17.946920 3.497751 -4.540132 27.045088 -10.730059 0.000300 -0.002632 -0.005942 -28.834780 -65.223251 32.805851 -0.595895 53.137981 -4.528166 1.367431 -4.752342 2.824583 -0.000095 -0.002223 0.005029 
-68.776184 0.000000 -107.733238 157.403732 0.000000 0.000000 3.225589 15.804687 -4.092790 -3.610913 2.937466 0.803555 -6.923268 5.661454 1.481369 -6.792667 5.643680 1.330811 -0.192153 -24.086332 12.984144 13.360247 5.780958 -8.156002 -4.632883 -0.059983 -5.495960 -13.827692 -5.297688 -34.931313 -119.400017 -5.844681 -9.887347 -11.868538 14.746151 12.544442 4.344187 0.739405 5.833916 -13.961507 47.733871 36.754463 104.723824 -3.692929 7.340478 5.399986 7.580918 -7.343131 16.204556 18.230631 3.995227 -9.163308 20.353395 3.514565 -4.535232 28.044149 -7.179962 0.000294 -0.002633 -0.005834 -25.963112 -64.227966 30.910265 0.547226 46.405228 -2.377488 1.166163 -6.510837 4.984859 -0.000104 -0.002249 0.005012 
-66.391899 0.000000 -115.318008 157.317444 0.000000 0.000000 2.218197 15.078243 -4.354661 -3.648522 3.075577 0.866849 -7.011421 5.841472 1.662516 -6.901450 5.805206 1.539827 0.677765 -24.052471 13.226850 14.529654 6.361700 -9.741365 -4.451880 -0.109105 -6.261468 -14.324501 -0.410219 -35.930912 -117.133957 -5.718550 -9.721459 -10.899641 14.785150 11.345363 3.611033 0.514684 6.825102 -13.982464 44.702682 37.760117 103.639786 -3.805020 7.543069 4.965202 7.758586 -6.962281 11.808162 18.416168 1.976847 -8.453555 28.312902 3.440796 -3.466854 24.394054 -2.859431 0.000283 -0.002573 -0.005819 -25.597723 -61.985516 30.644365 -0.046551 41.957634 -1.887380 -0.468111 -8.009404 7.851351 -0.000116 -0.002305 0.004952 
-64.024483 0.000000 -122.940300 157.338379 0.000000 0.000000 1.516719 14.153882 -4.383115 -3.382920 3.353086 0.859170 -6.550286 6.288369 1.724607 -6.500980 6.242279 1.622186 0.851465 -25.089443 12.647844 14.490816 6.783308 -10.314513 -4.269710 -0.172438 -7.156990 -14.317581 4.586962 -38.252590 -113.857315 -5.420966 -9.520568 -10.077480 15.880387 9.811260 2.275833 0.211889 8.452465 -12.668778 41.076237 39.723419 101.982971 -3.741783 7.333617 4.565275 8.357529 -7.010834 8.771070 16.544985 0.145395 -5.816262 39.337803 3.830312 -2.626196 19.086994 -1.841207 0.000271 -0.002528 -0.005757 -26.779047 -59.338974 31.057873 -0.572010 41.916874 -2.522754 -0.824255 -8.897866 8.189115 -0.000125 -0.002339 0.004850 
-61.627739 0.000000 -130.586929 157.461349 0.000000 0.000000 0.362785 12.953767 -4.764830 -2.975922 3.707955 0.926366 -5.733787 6.948765 1.957945 -5.702458 6.908442 1.892190 0.402733 -25.788948 12.522738 14.244551 6.952331 -10.926524 -4.613425 -0.138966 -7.814375 -14.397437 9.183277 -42.072403 -109.597168 -5.155328 -9.350885 -8.965858 17.220732 8.047382 0.936806 -0.023278 10.323838 -9.622987 36.621864 42.669338 100.063179 -3.575770 7.041954 4.464741 9.278879 -7.475051 9.111943 13.401707 -0.148782 -1.481602 51.287708 5.935693 -1.780249 16.986870 -4.131764 0.000264 -0.002484 -0.005773 -28.815699 -55.163555 32.783646 -0.663210 43.628361 -4.094631 -0.634901 -7.369933 7.566708 -0.000127 -0.002356 0.004689 
-59.201771 0.000000 -138.199219 157.686737 0.000000 0.000000 -0.921197 11.649606 -5.125793 -2.414294 3.958935 1.046726 -4.635919 7.496049 2.204123 -4.610206 7.486880 2.150536 0.114493 -25.480539 12.013124 13.846137 6.516201 -11.443406 -5.061722 -0.084032 -8.572001 -14.950785 12.189208 -46.058479 -104.801575 -5.142015 -9.461598 -8.011257 19.300041 7.006614 0.011797 -0.167264 12.259656 -6.086922 31.554737 46.556721 98.168854 -3.308908 6.658383 4.231603 9.726319 -8.447590 11.263717 9.474818 0.617537 3.831575 62.656334 10.310898 -0.761535 17.135252 -5.721427 0.000266 -0.002401 -0.005939 -29.589420 -50.160683 33.080524 -0.309113 46.447815 -5.575448 0.951770 -6.425251 3.000693 -0.000121 -0.002440 0.004529 
-56.771152 0.000000 -145.834595 157.991943 0.000000 0.000000 -2.054068 10.399607 -5.242516 -1.836705 4.161136 1.229810 -3.479869 7.930770 2.518730 -3.463798 7.929350 2.466541 -0.120304 -25.271013 11.052235 13.105212 6.061222 -11.640909 -5.283097 -0.137757 -9.799250 -14.960878 13.747240 -49.534580 -98.792580 -4.910894 -9.406889 -7.133599 21.751543 6.901752 -0.847014 -0.245005 14.626847 -3.329750 25.819378 48.142784 97.174446 -2.960872 6.050825 3.165230 9.914587 -8.572845 13.605800 4.809798 1.862320 12.224549 72.703484 18.196686 -0.168376 15.163959 -4.237446 0.000290 -0.002394 -0.006140 -27.074976 -47.003555 31.427717 -2.239165 51.137554 -8.153490 1.542852 -9.602290 -3.037143 -0.000102 -0.002483 0.004364 
-54.345940 0.000000 -153.508362 158.323029 0.000000 0.000000 -3.538970 9.689949 -5.965184 -1.293371 4.362463 1.559128 -2.318840 8.316451 3.193784 -2.290225 8.300364 3.167228 0.982651 -25.724361 9.032672 12.494691 5.589517 -11.471360 -4.765952 -0.242670 -11.370253 -14.069917 14.362379 -51.512028 -91.869301 -4.685972 -9.098199 -6.169024 23.770569 7.697359 -0.661526 -0.360986 17.068422 -0.390597 18.378796 47.750828 96.295639 -2.644023 5.630803 1.521476 10.686181 -8.200952 15.491025 -1.717658 3.191961 40.120296 81.250320 46.537273 0.503945 11.401438 -2.453846 0.000309 -0.002418 -0.006394 -23.985661 -44.051224 29.861530 -4.911518 55.830536 -10.988100 1.910551 -15.582745 -5.531681 -0.000085 -0.002473 0.004326 
-51.958996 0.000000 -161.214920 158.638016 0.000000 0.000000 -5.272418 9.804786 -6.833497 -0.823255 4.351321 1.915462 -1.305687 8.251545 3.924641 -1.246638 8.228833 3.931243 2.261991 -26.403728 6.649407 11.649850 5.461549 -10.796246 -3.588068 -0.355394 -13.159426 -12.322976 15.286532 -52.918697 -85.952103 -4.733675 -8.824532 -4.982769 25.274231 7.943007 0.407366 -0.514252 19.045553 3.763274 11.288239 46.551983 95.992584 -2.387220 5.335194 -0.304539 11.532036 -6.859357 16.784311 -10.210057 3.923155 102.842995 81.883636 110.546753 1.239145 8.741439 -1.348459 0.000334 -0.002501 -0.006592 -21.050362 -40.894268 28.678579 -6.617030 58.033722 -12.471545 1.800411 -20.110575 -6.294693 -0.000057 -0.002373 0.004322 
-49.516018 0.000000 -168.954453 158.925400 0.000000 0.000000 -6.224100 10.388479 -7.234041 -0.435853 4.134561 2.131443 -0.525196 7.883184 4.408188 -0.472504 7.875782 4.428169 3.433668 -26.533175 4.103130 10.520658 5.478762 -9.693209 -2.293124 -0.339010 -14.429109 -10.435587 16.887154 -53.924347 -82.237488 -4.823293 -8.581544 -3.875166 25.143452 8.486328 2.189428 -0.714827 19.621607 8.656053 4.448571 46.013615 95.859474 -2.461458 5.275741 -0.579921 12.619082 -5.585366 16.421215 -19.522009 3.071305 124.819679 76.667244 133.465317 2.260788 5.773021 -0.226147 0.000353 -0.002576 -0.006783 -18.575716 -36.839840 26.590681 -6.643321 58.327427 -12.847775 1.799747 -23.418056 -5.597681 -0.000037 -0.002300 0.004362 
-47.035030 0.000000 -176.720642 159.213608 0.000000 0.000000 -6.335968 10.842834 -6.584689 -0.100950 3.917299 1.993193 0.068427 7.548358 4.163156 0.125518 7.557627 4.200821 3.987356 -26.147469 2.086302 9.081842 5.113889 -8.441891 -1.303392 -0.242384 -14.800941 -7.669433 19.743708 -53.175884 -81.069633 -4.542324 -8.400849 -3.803949 21.757299 9.284391 3.743741 -0.890074 19.057701 14.063791 -2.009017 46.132965 96.664398 -2.527213 5.237664 0.476308 14.009287 -4.872902 15.263906 -29.498369 0.706771 129.728058 72.142059 138.866241 3.159950 2.178728 1.404633 0.000361 -0.002623 -0.006759 -16.085857 -31.481611 23.168280 -5.896188 56.346481 -12.708801 1.614932 -27.406822 -4.396233 -0.000034 -0.002269 0.004326 
-44.524853 0.000000 -184.552460 159.513779 0.000000 0.000000 -6.410027 10.951906 -5.379787 0.321780 3.705807 1.727291 0.856111 7.220015 3.609006 0.904519 7.233719 3.660598 3.901914 -25.045910 0.582359 7.283210 4.498785 -6.867292 -0.468473 -0.164055 -14.399100 -4.857433 23.506544 -51.273182 -82.652092 -4.865398 -9.207292 -4.204895 17.839561 9.508835 5.477132 -0.895604 17.106493 17.890627 -8.048141 46.450108 98.905762 -2.477590 5.188005 2.119374 14.622844 -5.187523 14.890779 -38.966492 -1.974810 127.467018 70.266670 137.275665 3.904620 0.045711 2.671329 0.000361 -0.002674 -0.006745 -13.901772 -25.605236 19.008574 -4.858242 53.652348 -12.026220 1.204260 -30.911795 -2.713047 -0.000041 -0.002283 0.004369 
-41.973305 0.000000 -192.490967 159.836121 0.000000 0.000000 -6.358925 11.042298 -4.068041 0.849821 3.437732 1.354589 1.820790 6.712256 2.868196 1.839806 6.716074 2.951080 3.014615 -24.019276 0.121870 5.552121 4.678561 -5.675543 -0.137134 -0.106990 -13.324291 -2.565195 27.943161 -48.677349 -84.966812 -4.860867 -9.617110 -4.896905 14.249846 9.616597 6.594944 -0.731814 14.598694 20.029240 -13.185751 46.024384 102.381371 -2.727624 5.639266 3.954364 14.957529 -6.146698 15.670050 -47.529247 -6.092951 119.311501 71.340164 129.327957 4.593734 -0.843662 2.254173 0.000348 -0.002653 -0.006698 -12.816957 -18.854311 14.756879 -3.255202 50.151379 -10.851853 1.030191 -32.080418 -1.448870 -0.000058 -0.002352 0.004438 
-39.335880 0.000000 -200.525848 160.186829 0.000000 0.000000 -5.698365 13.689184 -2.149781 0.814586 3.805659 0.863920 1.588307 7.253683 1.704815 1.573206 7.212323 1.725920 1.929587 -24.448532 1.366088 5.655572 2.132517 -5.856032 -1.479319 -0.007759 -11.828626 -2.301215 29.569466 -45.844883 -86.997437 -4.525694 -8.936580 -3.699702 16.413580 8.853818 6.411808 -0.655845 13.513618 13.538967 -17.113115 47.085613 102.509811 -3.114865 6.301674 4.858150 16.354815 -8.308712 16.909060 -50.864063 -8.969480 125.371254 72.229347 133.858139 4.596498 -1.280558 0.781744 0.000288 -0.002443 -0.006372 -12.865238 -21.995173 11.273930 -3.176163 52.714401 -10.878718 -0.870217 -31.021133 3.004851 -0.000113 -0.002543 0.004544 
-37.330036 0.000000 -208.338379 160.782471 0.000000 0.000000 -4.981831 13.852445 -0.831262 1.290581 3.612460 0.540790 2.483764 6.840240 1.062600 2.446279 6.795662 1.088931 0.178619 -23.774702 1.383047 3.378132 2.392717 -4.728762 -1.833346 0.129219 -10.136930 -0.256483 33.738045 -44.363194 -90.273727 -4.394813 -9.009445 -4.514710 13.587134 9.305836 6.514308 -0.487283 11.171093 14.148830 -18.653349 46.022301 106.829590 -3.480186 7.015754 6.641459 16.586868 -9.638585 18.696720 -57.212807 -13.190792 109.682259 74.739738 117.902115 5.288445 -2.141623 1.376793 0.000267 -0.002366 -0.006321 -12.761861 -15.740994 7.443757 -1.231965 48.322483 -9.227744 -0.424296 -28.364176 4.341086 -0.000133 -0.002616 0.004603 
-35.268822 0.000000 -216.250320 161.371552 0.000000 0.000000 -4.349971 13.826054 0.318133 1.874802 3.460956 0.245759 3.597541 6.510877 0.467373 3.537713 6.463624 0.500960 -1.591856 -23.096996 0.992266 0.713149 2.756962 -2.841770 -2.506488 0.289533 -8.336145 1.597801 38.077782 -42.900856 -93.204491 -4.366621 -9.077623 -5.495067 11.840807 9.773627 6.141446 -0.341928 9.319401 14.200044 -18.684896 44.672039 110.710121 -3.792903 7.499662 7.681067 16.639523 -9.950897 20.983164 -61.654583 -17.652571 83.994957 76.942200 91.489281 5.039036 -2.648143 1.469164 0.000258 -0.002386 -0.006264 -12.832062 -8.893300 4.065834 1.074765 42.209759 -7.227293 0.867952 -21.389782 4.091446 -0.000142 -0.002576 0.004761 
-33.203793 0.000000 -224.223145 161.938492 0.000000 0.000000 -3.692280 13.520967 1.326975 2.484447 3.306921 -0.033341 4.777782 6.176166 -0.078665 4.703949 6.126199 -0.027875 -3.592120 -22.530699 0.521375 -2.322368 3.288447 -0.572744 -3.396490 0.505629 -6.708171 3.505346 41.966309 -41.770302 -95.501503 -4.286701 -9.037055 -6.137552 10.552987 9.727681 5.151061 -0.325412 8.063681 14.103127 -17.207918 43.289707 113.794205 -3.980191 7.768039 8.698132 16.319899 -10.140011 23.580324 -64.020828 -21.622650 47.463486 75.935310 54.482800 3.888636 -2.646132 1.006475 0.000244 -0.002385 -0.006150 -12.991413 -1.575365 1.052492 2.771476 35.820747 -5.448436 1.789571 -11.376866 3.964214 -0.000150 -0.002517 0.004821 
-31.162340 0.000000 -232.222229 162.471481 0.000000 0.000000 -3.213127 13.194916 2.061382 2.940727 3.117626 -0.261043 5.605858 5.816351 -0.467665 5.486981 5.789884 -0.377169 -4.874804 -22.079113 -0.729024 -5.329886 4.372181 1.794394 -4.035863 0.714658 -5.731063 6.651965 44.135246 -40.302612 -97.692917 -4.353346 -9.057767 -6.644409 9.643537 9.714124 4.027817 -0.377265 7.482439 14.832074 -14.300206 41.750271 116.518692 -4.141068 7.864482 9.901334 15.519663 -10.733040 22.963486 -64.380653 -21.969389 20.133606 69.214951 26.554274 2.459349 -3.542331 -1.550322 0.000232 -0.002355 -0.006089 -13.669769 4.828101 -2.287908 4.455936 29.799393 -3.369340 2.457664 2.344737 4.752616 -0.000160 -0.002527 0.004797 
-29.138683 0.000000 -240.249771 162.978821 0.000000 0.000000 -2.560199 12.726014 2.387415 3.282987 2.928858 -0.377647 6.242803 5.486704 -0.658856 6.094762 5.484096 -0.540444 -4.916771 -22.145180 -2.975051 -7.849308 5.843824 4.088380 -4.372764 0.810092 -5.441016 9.298073 44.891506 -38.942524 -99.066223 -4.482050 -9.246902 -7.069151 8.715384 9.579831 3.219421 -0.389023 7.010457 14.860456 -10.729260 40.956928 118.663177 -4.137259 7.711211 10.190117 14.880492 -10.852262 21.340776 -62.690300 -21.380108 7.034140 59.134430 13.338256 1.063492 -3.554247 -4.560029 0.000227 -0.002322 -0.006158 -15.661732 10.811083 -5.253305 6.774869 24.702646 -1.644124 4.208863 16.759216 7.665777 -0.000161 -0.002554 0.004786 
-27.153709 0.000000 -248.287231 163.433899 0.000000 0.000000 -1.943157 12.222562 2.317734 3.452356 2.720119 -0.383040 6.588464 5.118052 -0.689620 6.448550 5.126033 -0.565964 -4.009789 -22.059380 -5.784350 -9.903543 7.157266 6.473875 -4.570187 0.776631 -5.910472 11.354226 44.816624 -37.610184 -99.786949 -4.696582 -9.529389 -7.270357 7.439642 9.171387 2.381714 -0.427493 7.399604 15.325055 -6.557982 40.845753 120.504395 -4.355906 7.699181 9.606615 14.538578 -9.679270 19.707428 -60.596050 -20.172852 0.174917 49.545792 6.599952 -0.360661 -4.947693 -6.917306 0.000235 -0.002385 -0.006129 -16.438871 15.429241 -6.579956 7.963008 21.737198 -1.573564 5.189277 24.341286 9.825840 -0.000150 -0.002504 0.004867 
-25.149654 0.000000 -256.340027 163.831299 0.000000 0.000000 -1.124509 11.805234 2.056807 3.595500 2.542953 -0.370156 6.826844 4.791414 -0.685283 6.683592 4.805929 -0.561973 -4.241213 -21.462618 -6.908439 -11.255128 7.541679 8.084749 -4.490023 0.617905 -6.808412 12.057658 43.457405 -37.868298 -100.140213 -4.904061 -9.636842 -7.648221 7.603196 8.784159 1.814095 -0.415197 7.924378 15.950865 -1.605612 40.827309 121.316040 -4.290583 7.498415 9.243648 13.586141 -8.701331 17.533119 -58.747566 -18.847517 -1.881902 40.940247 4.275698 -0.191561 -6.586372 -8.522710 0.000257 -0.002468 -0.005981 -15.861403 18.418549 -6.128011 8.180786 23.381554 -2.382501 4.301962 23.956501 7.812205 -0.000130 -0.002442 0.004786 
-23.127880 0.000000 -264.414917 164.126419 0.000000 0.000000 -0.474552 11.486434 1.905016 3.636590 2.552675 -0.431583 6.921362 4.770909 -0.798369 6.791895 4.761124 -0.665319 -4.834046 -21.460642 -6.620394 -11.510363 7.806449 8.902949 -4.021514 0.378421 -7.928865 11.978329 40.329323 -39.208012 -100.073532 -5.082812 -9.619434 -7.559604 8.646775 8.272255 1.634378 -0.343673 8.363099 16.601477 3.065161 40.935410 120.334198 -4.336923 7.531981 8.970962 13.347608 -7.882816 15.716164 -57.283535 -18.115606 -1.759766 34.283188 3.704900 1.380831 -6.987073 -11.288517 0.000277 -0.002600 -0.005871 -13.010024 19.331177 -4.523254 7.657980 30.380892 -2.446324 3.182785 20.007572 3.930142 -0.000121 -0.002363 0.004946 
-21.081690 0.000000 -272.554993 164.304184 0.000000 0.000000 0.265155 10.763051 1.884919 3.394571 2.788809 -0.524628 6.472163 5.233207 -0.987638 6.366527 5.199593 -0.879443 -5.263129 -21.971643 -5.872274 -11.372317 7.821654 9.052993 -3.464873 0.142687 -9.510468 10.940678 35.515896 -40.811882 -99.246544 -5.197408 -9.689963 -7.186867 10.142301 8.925532 1.887254 -0.280558 8.628740 17.002598 7.213169 41.077896 118.071014 -4.408622 7.604026 8.381072 13.430775 -6.176134 16.446470 -55.342461 -18.781662 -1.247303 30.970907 3.077282 2.502007 -6.968987 -12.888405 0.000288 -0.002683 -0.005920 -10.420511 18.265253 -2.705266 6.054562 40.795475 -2.416571 2.523803 17.418968 1.283909 -0.000115 -0.002301 0.005049 
-18.979557 0.000000 -280.722900 164.399826 0.000000 0.000000 1.478247 9.554356 1.928653 2.858520 3.155747 -0.605373 5.489663 5.924458 -1.146875 5.409400 5.882546 -1.067072 -5.610332 -22.442196 -4.907161 -10.965577 7.961542 8.949372 -2.564151 -0.114221 -11.592584 8.112027 30.051584 -42.757526 -97.668404 -5.222321 -9.768289 -7.167724 10.721766 9.985130 2.209552 -0.232888 9.084813 17.314812 10.441304 42.256893 114.989250 -4.164361 7.390921 7.776203 14.059756 -5.071790 19.664770 -52.634853 -21.405762 -1.034087 33.323158 4.297470 2.805691 -5.762194 -12.908740 0.000298 -0.002763 -0.005922 -9.231169 15.880805 -1.161090 3.414830 52.286751 -3.340566 1.972962 14.692330 1.336283 -0.000108 -0.002250 0.005007 
-16.847454 0.000000 -288.866516 164.440231 0.000000 0.000000 3.233244 8.083778 2.463934 2.306517 3.468574 -0.772523 4.359850 6.580004 -1.523163 4.242219 6.533206 -1.472521 -6.053165 -22.842596 -3.706768 -10.484581 7.954185 8.672128 -2.005009 -0.241449 -13.300720 4.701234 24.526045 -45.173595 -96.145760 -5.174830 -9.673018 -6.735377 11.729880 10.578518 2.436670 -0.240249 9.883585 16.994484 12.532615 44.457825 110.690750 -4.158701 7.387576 7.024493 15.551377 -4.633720 22.379038 -48.137978 -24.032927 -1.365105 36.149277 5.378670 0.622800 -2.919477 -9.323007 0.000290 -0.002739 -0.006013 -10.047152 12.921175 -0.863914 -1.078938 62.886669 -6.608693 1.378748 13.474676 2.874839 -0.000111 -0.002239 0.005082 
-14.720659 0.000000 -296.996155 164.394058 0.000000 0.000000 5.176499 6.364860 3.418098 1.676596 3.777254 -1.093052 3.067863 7.232811 -2.169302 2.943790 7.164656 -2.147946 -6.603759 -22.457859 -2.142924 -9.742950 7.469674 8.227747 -1.658148 -0.384535 -14.984229 1.610158 18.519157 -47.208347 -94.805786 -4.993065 -9.276690 -6.218108 11.516435 10.865102 2.637008 -0.289628 10.669365 16.380842 14.405974 46.501793 105.005577 -4.207242 7.476334 6.203468 17.906967 -4.458313 23.767099 -44.066402 -25.969517 -1.036166 41.451458 6.897890 -1.382729 -2.943223 -2.191095 0.000264 -0.002640 -0.005932 -11.912050 9.820013 -2.178644 -9.127665 71.362144 -14.039780 0.246582 13.381124 2.305097 -0.000134 -0.002300 0.005156 
-12.564048 0.000000 -305.092224 164.266113 0.000000 0.000000 6.925554 4.890382 4.760769 1.089981 3.997062 -1.506984 1.827064 7.686629 -3.042196 1.709752 7.618543 -3.054181 -7.240541 -21.890512 -0.068386 -8.690860 6.876225 7.597970 -1.612016 -0.502221 -16.959614 -1.533443 12.384727 -48.304520 -93.864525 -4.674551 -8.642246 -4.411839 11.885338 9.875848 2.842976 -0.339406 11.498290 16.099823 15.916140 48.466797 98.496292 -4.401608 7.774637 5.267957 20.478174 -3.725917 22.804041 -40.723186 -26.194101 -0.556303 47.372574 7.475646 -2.831267 -7.114119 4.214260 0.000223 -0.002507 -0.005853 -13.841253 5.442187 -4.194070 -29.555252 79.121895 -34.544361 -0.877161 11.169020 1.293582 -0.000168 -0.002392 0.005314 
-10.465298 0.000000 -313.176880 164.033630 0.000000 0.000000 8.412556 4.345179 6.372562 0.573910 4.060232 -1.995068 0.712167 7.795636 -4.130715 0.578735 7.750255 -4.192905 -8.112458 -22.123945 2.170697 -7.947485 7.157834 7.158699 -2.394225 -0.692121 -19.057652 -6.263357 5.924343 -47.417877 -93.047447 -4.101504 -7.703827 -3.193114 11.964400 8.916037 2.386696 -0.368663 12.729868 15.479779 17.109802 50.349621 92.665825 -4.403325 7.860832 3.962460 23.433565 -3.430223 21.358812 -37.096428 -26.551918 0.245088 51.577282 8.350570 -3.815395 -13.665132 5.554577 0.000195 -0.002454 -0.005733 -14.734977 -1.411193 -6.320357 -86.821976 82.884315 -92.734428 -1.083372 6.887191 -0.097764 -0.000192 -0.002446 0.005482 
-8.378722 0.000000 -321.278534 163.704529 0.000000 0.000000 9.483055 4.498950 7.452184 0.148610 4.084851 -2.329256 -0.183560 7.818586 -4.900028 -0.339270 7.812242 -5.000442 -8.330935 -22.702061 3.496063 -7.384777 7.225760 6.603179 -3.995546 -0.935315 -20.430950 -12.100098 -0.648195 -46.358810 -93.065239 -3.608519 -6.980432 -2.384110 13.058246 8.172816 1.720133 -0.371013 14.038297 13.628166 18.026718 51.136734 88.142303 -4.507184 7.893361 2.393676 25.839205 -3.546603 19.500231 -33.113350 -26.296694 1.599950 52.921436 9.851533 -3.390555 -19.785198 4.389316 0.000171 -0.002414 -0.005616 -14.046805 -10.162235 -7.606017 -131.920090 78.635826 -138.283096 -0.694490 3.176285 -2.080103 -0.000218 -0.002501 0.005630 
-6.296601 0.000000 -329.398621 163.271790 0.000000 0.000000 9.595848 5.086938 7.645364 -0.129113 3.961562 -2.415345 -0.671063 7.576784 -5.124508 -0.791819 7.599108 -5.253400 -8.031746 -22.711069 4.143614 -6.668875 6.986693 5.814855 -5.837162 -1.163894 -20.159933 -16.595366 -6.430962 -45.877491 -93.922394 -3.400856 -6.516409 -2.405313 15.870078 7.580334 0.886274 -0.306556 14.826127 11.460938 20.047003 50.923012 85.295273 -4.756581 8.269102 1.004465 26.172007 -3.462341 17.995207 -29.062439 -24.808949 2.893319 52.967392 10.866039 -2.563558 -24.621550 3.768923 0.000146 -0.002395 -0.005437 -12.326364 -19.823799 -6.828845 -142.431564 74.154160 -149.287750 -0.629326 1.386832 -3.485889 -0.000248 -0.002531 0.005884 
-4.219226 0.000000 -337.590363 162.771454 0.000000 0.000000 9.394675 5.477550 6.933876 -0.438929 3.682575 -2.216451 -1.162924 7.128929 -4.734897 -1.233580 7.183375 -4.882135 -7.151360 -21.671776 4.481316 -5.458459 6.920156 5.058910 -7.391132 -1.204731 -18.652077 -19.802391 -11.765165 -45.881241 -95.867844 -3.348027 -6.355636 -3.456909 17.550709 7.274870 0.217505 -0.208212 14.669855 9.348362 23.614658 50.006641 84.431786 -4.842221 8.693252 0.699263 23.692888 -3.650484 16.095520 -23.886530 -21.878872 3.734891 51.875198 11.512565 -1.889060 -28.112963 2.796089 0.000138 -0.002422 -0.005259 -11.000528 -29.466486 -4.583744 -143.586868 72.344078 -150.946457 -0.826210 -0.297963 -3.679777 -0.000261 -0.002529 0.006000 
-2.185536 0.000000 -345.883118 162.231064 0.000000 0.000000 8.878112 5.753204 5.518678 -0.814544 3.382604 -1.804777 -1.780725 6.643922 -3.902525 -1.817406 6.701465 -4.072867 -5.756936 -20.313511 4.569786 -3.730244 6.762554 3.990145 -8.562897 -1.054601 -16.318932 -21.607582 -16.627943 -45.920055 -99.259438 -3.119785 -6.247226 -4.369999 18.496971 6.503685 -0.211809 -0.123615 13.903714 7.143577 27.881931 48.250462 85.653938 -4.872606 9.087927 1.116783 20.204168 -4.350604 14.788110 -17.631868 -17.637640 2.931622 48.889751 10.952912 -1.176922 -29.585800 0.838404 0.000132 -0.002387 -0.005092 -10.190338 -38.519337 -0.960902 -137.682281 72.564545 -145.263870 -1.920819 -1.610278 -3.702287 -0.000273 -0.002580 0.005999 
-0.151329 0.000000 -354.251587 161.676743 0.000000 0.000000 8.532687 6.315609 4.497315 -1.382930 3.018468 -1.471731 -2.819621 5.909438 -3.281001 -2.800146 5.952469 -3.477830 -3.523550 -19.493435 4.229959 -1.240308 7.189727 2.261888 -8.879467 -0.841193 -14.165825 -22.769125 -19.324772 -45.301556 -103.556419 -2.935989 -6.363047 -5.254195 18.831730 6.515110 -0.470509 -0.054883 12.636681 4.950416 32.136311 45.807053 87.584450 -4.796953 9.403949 1.934579 16.600046 -4.904579 14.207692 -11.194028 -14.405695 1.361258 45.035542 10.104943 -0.794399 -29.236612 -1.019195 0.000131 -0.002364 -0.005002 -10.499720 -45.917789 2.635393 -121.444611 74.864281 -128.969360 -3.392442 -2.187885 -3.384546 -0.000279 -0.002609 0.006056 
1.917117 0.000000 -362.638550 161.116318 0.000000 0.000000 4.311709 11.024162 2.687617 -1.461773 3.015633 -0.819082 -2.819523 5.845523 -1.863527 -2.731829 5.823197 -1.993563 4.406912 -20.681734 -4.165743 -1.843724 5.420432 5.015007 -5.777466 -0.680254 -9.322693 -21.791180 -25.788961 -42.554760 -114.690948 -2.238500 -4.851516 -4.427598 20.326530 5.925892 2.450712 0.308714 10.387698 -0.288817 35.172775 43.252537 77.761040 -3.312306 8.210705 7.276775 12.323908 -15.763634 11.431367 -8.211120 -10.486871 -0.146331 45.223946 7.505313 -2.336251 -27.785463 2.185670 -0.000084 -0.002044 -0.003980 -16.930231 -55.479717 13.674550 -80.264793 71.079529 -90.534294 -6.568664 -7.749314 -5.272495 -0.000506 -0.002914 0.007929 
4.653607 0.000000 -371.063385 160.799561 0.000000 0.000000 3.628826 10.665348 1.201669 -2.261246 2.797886 -0.339104 -4.328187 5.430444 -0.915155 -4.225781 5.405783 -1.077360 6.226327 -19.643909 -3.506747 1.148491 6.143366 3.081503 -5.283864 -0.586353 -7.199508 -21.150969 -26.907681 -43.036324 -117.473473 -2.323534 -5.054834 -5.590783 20.079306 6.989269 3.452631 0.516888 8.536135 -2.544689 39.106808 41.344257 81.563820 -4.026434 9.654218 7.738711 11.958263 -15.506226 11.118020 -0.132955 -6.982078 -1.541658 39.358944 5.692512 -2.546904 -20.372021 1.691634 -0.000073 -0.002075 -0.004092 -19.582615 -58.219948 18.310926 -53.752621 70.511734 -62.793716 -6.030312 -6.535423 -4.518023 -0.000502 -0.002905 0.008010 
7.374327 0.000000 -379.587646 160.489609 0.000000 0.000000 2.736761 10.015442 -0.371437 -2.974886 2.626882 0.166878 -5.628405 5.091844 0.091140 -5.486682 5.046720 -0.073364 8.257085 -19.022905 -2.830742 4.304594 7.444739 0.804058 -4.331196 -0.599400 -5.568355 -21.407650 -25.320040 -42.410938 -120.323189 -2.270466 -5.048851 -6.706437 19.120373 6.943797 4.554978 0.745465 7.184395 -5.437775 41.510483 39.372505 84.579224 -4.479217 10.521466 8.200184 11.290321 -15.323604 11.608529 7.241559 -3.275833 -3.700169 33.228310 3.873087 -2.236579 -7.007517 0.905127 -0.000063 -0.002123 -0.004029 -22.213978 -58.375179 23.269094 -29.860044 65.373238 -37.738827 -4.797593 -5.980195 -3.922037 -0.000493 -0.002853 0.008163 
10.100719 0.000000 -388.162720 160.194412 0.000000 0.000000 1.606267 9.150764 -1.373475 -3.466412 2.445812 0.528170 -6.557512 4.781791 0.820233 -6.398084 4.739102 0.656169 10.078034 -19.128958 -1.732335 7.427172 9.450315 -1.791180 -3.156072 -0.631877 -4.953199 -21.830423 -22.485695 -40.917236 -122.774010 -2.208112 -4.980499 -6.948928 18.797729 6.594831 5.604528 0.883412 6.695621 -8.076632 42.710003 37.330566 86.921227 -4.788038 11.048701 7.871069 11.549380 -14.575942 14.011277 14.130030 0.099786 -6.239284 27.909243 2.640129 -2.450457 8.568357 -1.843870 -0.000057 -0.002130 -0.004049 -23.162331 -56.587334 26.048452 -13.993726 55.771183 -22.025721 -3.554666 -5.212574 -1.842059 -0.000485 -0.002845 0.008148 
12.856634 0.000000 -396.802795 159.904617 0.000000 0.000000 0.362779 8.600842 -1.672969 -3.745445 2.236924 0.696509 -7.143299 4.428213 1.170964 -6.990260 4.412346 1.018355 11.161998 -19.336334 0.318132 10.509935 11.175364 -4.784756 -2.045105 -0.694525 -5.109566 -22.017420 -18.073738 -39.951664 -125.529732 -2.380103 -5.066645 -7.003420 18.243389 6.511488 6.572081 1.031377 6.560829 -10.102655 43.250706 36.216774 88.619865 -4.977496 11.323444 7.320557 12.657747 -13.838402 16.347565 19.157581 2.136772 -8.328162 24.582546 2.149662 -3.745346 19.994141 -4.402974 -0.000053 -0.002114 -0.004083 -22.135406 -54.624062 26.220829 -6.038393 45.896275 -13.632289 -2.709967 -5.674642 0.657474 -0.000475 -0.002839 0.008101 
15.636386 0.000000 -405.487762 159.629852 0.000000 0.000000 -0.755004 8.125473 -1.214068 -3.719972 2.117482 0.723080 -7.139124 4.200728 1.245320 -7.010599 4.202072 1.104093 11.580042 -19.366606 1.756355 12.409187 11.534365 -6.476234 -1.406188 -0.752705 -5.782373 -23.227158 -12.471152 -39.562061 -127.103165 -2.525676 -5.094706 -6.944784 16.338303 6.500916 7.248194 1.110161 6.821759 -12.353818 42.762836 35.529415 89.294540 -5.210891 11.407995 7.009451 13.239135 -13.435258 15.834792 21.631355 1.473235 -9.586192 27.278639 2.094032 -4.449380 22.002468 -2.509693 -0.000053 -0.002090 -0.004121 -19.927959 -53.636147 23.961159 -2.319670 37.610126 -7.912995 -1.949283 -5.534593 2.997248 -0.000469 -0.002838 0.008070 
18.370575 0.000000 -414.215515 159.388321 0.000000 0.000000 -1.515066 7.474165 -0.806778 -3.654419 2.205897 0.685270 -7.070992 4.290451 1.183407 -6.985398 4.296203 1.052558 11.757665 -19.553659 2.888872 13.764587 11.654116 -8.014250 -1.079858 -0.716778 -6.513111 -23.760324 -6.916358 -40.038151 -127.883865 -2.605508 -5.106719 -6.769100 15.162244 6.070266 6.968747 0.998744 7.534535 -13.597186 40.434273 35.731808 89.341942 -5.408878 11.348162 6.220834 14.766783 -13.105419 12.599111 21.439917 -0.564884 -9.310313 35.235722 1.807261 -4.109418 20.162487 0.494547 -0.000061 -0.002024 -0.004236 -18.658747 -51.669350 22.624144 -1.435220 31.170017 -5.672470 -2.468575 -4.835525 5.681544 -0.000469 -0.002842 0.008021 
21.082111 0.000000 -422.929993 159.154388 0.000000 0.000000 -1.931478 6.554645 -0.547171 -3.370062 2.477718 0.630198 -6.583642 4.746874 1.139975 -6.560015 4.763178 1.038352 11.126889 -20.279564 3.652226 14.141349 11.766004 -8.952746 -1.182516 -0.607509 -7.043579 -24.419155 -1.521746 -41.895981 -127.217293 -2.719937 -5.156216 -6.428426 16.155022 5.582296 5.824539 0.710535 8.717164 -13.850258 36.632153 36.722500 89.186249 -5.617705 11.511810 5.887375 15.249002 -13.091626 10.044952 19.296131 -1.869815 -7.623139 45.441654 1.121157 -3.623585 17.199448 2.617424 -0.000070 -0.001958 -0.004290 -19.231812 -49.508942 23.001570 -1.404963 29.628834 -5.847229 -2.845801 -4.693737 7.599625 -0.000471 -0.002845 0.008007 
23.803135 0.000000 -431.570801 158.916046 0.000000 0.000000 -2.908674 5.456114 -0.393553 -2.922960 2.827427 0.630667 -5.730044 5.383356 1.187702 -5.752882 5.396816 1.098737 10.988161 -21.126499 3.540233 14.271434 11.750522 -9.456991 -1.375814 -0.554610 -7.674510 -24.376047 3.386029 -44.922123 -125.344551 -2.789736 -5.210679 -5.947817 17.526356 4.460905 4.644047 0.472649 10.099642 -12.153791 32.457985 38.691662 88.418098 -5.664816 11.629135 5.739697 15.397904 -13.940431 9.670039 15.853580 -2.477944 -5.082772 56.663773 1.675552 -3.329915 15.345286 2.473408 -0.000079 -0.001969 -0.004215 -20.730066 -46.105804 24.360748 -1.552596 31.298281 -7.092812 -2.899304 -4.834692 7.493297 -0.000473 -0.002792 0.008113 
26.521530 0.000000 -440.178864 158.659164 0.000000 0.000000 -4.235163 4.294621 -0.530741 -2.263254 3.119622 0.665095 -4.434164 5.959159 1.298682 -4.476236 5.978568 1.226654 10.692282 -21.654348 3.404134 14.131315 11.424161 -10.149716 -1.518941 -0.503287 -8.147865 -23.918377 7.890440 -48.088318 -122.373077 -2.791193 -5.252173 -5.145239 18.830124 3.424994 3.687839 0.228312 11.755139 -9.358911 27.898888 41.186409 87.707428 -5.718101 11.835582 5.790184 15.512624 -15.000182 10.661480 11.675714 -1.692543 -2.294757 66.944328 2.230123 -3.101017 12.865893 1.872591 -0.000096 -0.001906 -0.004152 -21.513294 -42.161179 25.142492 -1.738779 33.857323 -8.178329 -1.864373 -3.340824 6.141963 -0.000479 -0.002815 0.008125 
29.247225 0.000000 -448.768860 158.348129 0.000000 0.000000 -5.264654 3.049216 -1.296878 -1.622310 3.403878 0.811547 -3.137171 6.537182 1.598605 -3.185946 6.563734 1.551450 10.299887 -21.689224 3.470929 14.054300 10.766507 -11.181022 -1.799256 -0.388228 -8.681514 -23.203678 11.522615 -50.706608 -118.430710 -2.831064 -5.369500 -4.168758 20.655478 2.540321 3.006263 -0.040226 13.864140 -6.161472 22.498030 43.537437 86.974617 -5.674573 11.916276 5.989338 15.355002 -15.575176 12.176465 6.097692 0.209500 2.044962 76.529121 5.529537 -2.695399 9.407130 2.403252 -0.000108 -0.001762 -0.004181 -21.138386 -37.903122 24.711227 -2.061954 37.009323 -9.077617 0.109662 -3.604580 1.863049 -0.000483 -0.002949 0.007897 
31.970205 0.000000 -457.326355 158.002228 0.000000 0.000000 -6.182205 2.030663 -2.321289 -0.969829 3.674008 0.992659 -1.809983 7.043018 1.986699 -1.867587 7.066059 1.976940 10.506160 -21.856628 2.957874 13.961087 10.388844 -11.808607 -1.789371 -0.297784 -9.464252 -21.506559 14.993159 -51.900867 -113.407921 -2.889912 -5.369304 -3.229307 24.056179 1.404158 2.678301 -0.286068 16.383528 -2.446928 16.854689 44.956974 85.997635 -5.679094 11.881512 5.741901 15.415544 -15.272688 13.363038 -1.375126 1.950831 19.077856 84.693520 22.954420 -2.095611 5.137819 3.690102 -0.000111 -0.001628 -0.004365 -20.124567 -33.891735 24.122082 -2.516024 40.750580 -10.460790 1.802447 -6.770497 -2.570468 -0.000487 -0.003101 0.007698 
34.717793 0.000000 -465.872437 157.638428 0.000000 0.000000 -6.965129 1.587453 -3.144178 -0.434960 3.855881 1.204243 -0.735593 7.409714 2.416378 -0.783082 7.426821 2.435176 11.231334 -21.545116 1.558770 13.326974 9.992126 -11.778650 -1.248842 -0.259640 -10.340349 -19.542080 18.088646 -52.018032 -108.139709 -2.885290 -5.083697 -1.866802 27.933563 0.504155 3.592791 -0.517841 18.234043 1.618462 11.432063 45.673294 84.790024 -5.700174 11.760009 5.303040 16.385864 -15.413971 13.534293 -10.808581 3.299930 105.296158 86.006386 109.713722 -0.951422 0.456595 4.652768 -0.000109 -0.001597 -0.004472 -18.381132 -30.294472 23.275612 -3.419847 44.507038 -11.970195 2.661813 -11.431049 -3.588350 -0.000490 -0.003174 0.007618 
37.496941 0.000000 -474.403442 157.284912 0.000000 0.000000 -7.182724 1.744938 -3.768642 -0.106607 3.843763 1.462723 -0.082475 7.446675 2.922876 -0.151469 7.482955 2.951699 12.081367 -20.965656 -0.335146 12.446465 9.624446 -11.213047 -0.276306 -0.273593 -11.283072 -17.434011 21.317350 -52.070312 -103.718201 -2.757826 -4.559679 -0.327035 29.907198 -0.436949 5.169132 -0.730886 19.269077 5.429213 7.097555 45.773632 85.020309 -5.716916 11.717772 5.188330 16.534128 -14.408155 12.256382 -21.203630 3.924910 128.956451 82.094254 133.645050 0.309463 -4.358206 4.876953 -0.000099 -0.001665 -0.004448 -16.351181 -26.530733 22.098568 -4.470418 46.403866 -13.481493 2.071771 -15.766162 -2.194521 -0.000480 -0.003111 0.007663 
40.286629 0.000000 -482.962036 156.973831 0.000000 0.000000 -6.981965 1.888080 -4.154012 0.309757 3.758050 1.650135 0.731833 7.328739 3.307667 0.641334 7.371164 3.360039 11.972490 -20.862890 -1.020972 11.589214 9.705116 -10.729545 0.716356 -0.279784 -11.580194 -14.527854 25.430000 -51.263062 -101.608719 -2.649688 -4.252108 0.829326 29.049576 -1.564084 6.763523 -0.816870 19.136694 9.012574 2.883965 46.629772 86.827782 -5.580017 11.776693 6.034445 15.941980 -13.699782 9.978333 -31.571964 4.826278 122.507072 80.155411 127.687103 2.004028 -6.511498 4.747373 -0.000098 -0.001757 -0.004309 -14.584176 -21.468031 20.326485 -4.297588 46.324375 -13.696309 1.358513 -20.041315 0.081933 -0.000480 -0.003027 0.007713 
43.079723 0.000000 -491.567566 156.745407 0.000000 0.000000 -6.393116 2.075492 -4.392032 0.751342 3.518072 1.738493 1.612639 6.859183 3.569540 1.505732 6.900894 3.677538 11.532039 -20.438278 -1.507208 10.484691 10.082239 -10.225037 1.517901 -0.303389 -11.375737 -11.365786 30.296034 -49.836590 -101.633362 -2.599986 -4.236951 1.341905 25.459768 -2.128277 7.461964 -0.766519 18.599932 11.008758 -0.350290 47.732555 90.794640 -5.618974 12.038125 7.496851 14.980583 -13.677032 8.349047 -41.026924 4.523068 102.335457 79.581314 108.384521 3.731451 -7.165609 3.488375 -0.000093 -0.001867 -0.004063 -13.678656 -15.826394 17.842089 -3.633308 44.830692 -13.649400 0.138208 -22.602371 2.958377 -0.000481 -0.002949 0.007783 
45.912422 0.000000 -500.233551 156.644257 0.000000 0.000000 -5.442758 2.091234 -4.275206 1.286902 3.219558 1.780484 2.607852 6.302320 3.737201 2.473370 6.358068 3.857344 10.034922 -19.651703 -1.762213 8.585981 10.719253 -9.535556 1.682993 -0.313071 -10.625842 -7.935473 35.350414 -48.124218 -103.309303 -2.543806 -4.506472 1.096272 20.800356 -1.428570 7.323666 -0.599509 17.678490 11.797529 -2.800348 49.325745 95.833702 -6.080460 12.464408 8.867764 14.284607 -14.241557 7.573022 -47.254116 3.791184 68.512161 77.959396 74.865013 5.006370 -8.170620 1.349536 -0.000089 -0.001915 -0.003948 -13.415917 -9.527103 15.165437 -2.581536 42.955811 -13.450904 -0.397430 -23.466753 4.494585 -0.000486 -0.002948 0.007852 
48.779324 0.000000 -508.931396 156.670120 0.000000 0.000000 -4.665105 1.839092 -3.907635 1.808681 2.867242 1.697496 3.595414 5.609971 3.633962 3.463408 5.692924 3.764592 8.244937 -18.334736 -2.197632 6.081485 11.985723 -8.172163 1.531838 -0.281158 -9.196148 -3.719965 40.080154 -46.026127 -105.860893 -2.605536 -4.934573 0.098835 16.533600 -0.403759 6.826384 -0.398463 16.196085 12.766644 -3.859471 50.486752 100.863251 -6.605762 12.894332 10.189345 13.680130 -14.413606 7.692091 -51.443077 2.486720 41.098156 72.322754 47.262844 5.818169 -8.834380 -0.173276 -0.000076 -0.001976 -0.004035 -13.440526 -2.407770 11.957685 -0.786541 39.902676 -12.060912 0.197230 -20.585169 4.594699 -0.000478 -0.002905 0.007891 
51.677368 0.000000 -517.628479 156.802750 0.000000 0.000000 -3.895159 1.113151 -3.457100 2.408203 2.503995 1.568353 4.750028 4.871251 3.397224 4.624635 4.988555 3.548528 7.270860 -16.599955 -3.136853 3.837837 13.007911 -6.704073 1.506331 -0.252642 -7.730652 0.731542 44.169334 -43.030441 -109.113907 -2.495544 -5.175622 -0.968534 12.638763 0.496759 6.275353 -0.226414 14.716001 13.046737 -3.540460 50.997673 105.863380 -7.298707 13.369927 11.546225 13.644408 -14.171475 9.431919 -53.033207 -0.299045 23.962725 63.971188 29.759481 5.510176 -8.126335 0.286911 -0.000074 -0.002017 -0.004002 -13.348722 5.486320 8.131715 0.973899 35.332333 -10.046077 0.717930 -13.630412 4.694765 -0.000476 -0.002844 0.007856 
54.606640 0.000000 -526.287720 157.026398 0.000000 0.000000 -3.401896 0.302045 -2.844355 2.934600 2.080971 1.391796 5.828856 4.038241 3.017447 5.726643 4.194507 3.176065 6.394806 -15.187357 -4.382097 1.575014 14.029602 -5.018471 1.598987 -0.156872 -6.344479 5.444471 47.738205 -39.515217 -112.040779 -2.229955 -5.203499 -1.996235 9.584201 1.366770 5.644476 -0.178739 13.542901 12.650300 -2.497212 50.679596 110.145691 -7.939651 13.728542 12.335376 13.780431 -14.039277 11.024380 -52.474915 -2.529034 11.442420 53.585571 17.123184 3.708693 -5.300786 -0.233319 -0.000081 -0.001967 -0.003964 -13.351165 13.284058 3.823874 2.559143 30.725857 -7.554428 1.483828 -4.003543 4.014397 -0.000474 -0.002853 0.007688 
57.571793 0.000000 -534.961609 157.319885 0.000000 0.000000 -1.217542 1.042562 -2.040466 2.728879 1.678369 1.349975 5.347304 3.272870 2.855666 5.251668 3.429774 2.982337 4.621312 -13.688260 -2.952757 1.283870 14.095971 -5.725953 0.679989 -0.065611 -6.406299 3.942974 44.328636 -37.684090 -105.782852 -2.122087 -5.076097 -1.136899 9.239983 0.516149 5.750805 -0.189680 12.264977 20.061924 -0.628029 48.399857 106.707825 -6.609217 12.436336 10.675292 13.033456 -10.809191 15.441020 -51.673496 -7.589335 9.643732 56.667725 15.370197 2.593227 -6.086054 -1.595842 -0.000014 -0.002055 -0.004017 -13.017578 14.632489 4.789021 3.373708 27.601526 -6.316928 2.460261 -7.972052 0.901728 -0.000410 -0.002857 0.006643 
60.205956 0.000000 -543.447388 157.781525 0.000000 0.000000 -1.163958 0.706941 -1.373601 3.338574 1.274882 1.179126 6.572197 2.513178 2.518811 6.508753 2.715525 2.681874 4.464144 -12.406767 -5.240076 -0.791065 14.725892 -3.646540 0.999260 0.011467 -5.405782 8.520067 47.002380 -35.023312 -108.686790 -1.926973 -5.035199 -1.879480 7.370994 1.700809 5.253028 -0.168632 11.258231 19.664103 1.972438 48.178661 110.616150 -7.078246 12.614485 11.301666 13.243201 -11.110647 14.725351 -50.370159 -7.890143 2.209892 44.236320 7.444673 0.268932 -4.188044 -3.185760 -0.000023 -0.002043 -0.004019 -15.156340 20.513577 -0.724746 5.709466 24.040884 -3.515035 3.234476 4.872279 2.688773 -0.000414 -0.002858 0.006601 
62.846893 0.000000 -552.003113 158.342194 0.000000 0.000000 -0.957604 0.277605 -0.709451 3.870664 0.996447 1.007649 7.574211 2.004966 2.193197 7.512817 2.243345 2.377975 4.290992 -11.003118 -8.434954 -3.467616 14.895650 -0.445794 1.434061 0.015088 -5.166613 14.082840 48.577072 -31.167309 -110.142258 -1.683657 -4.709980 -2.070610 6.536846 2.531119 4.984230 -0.104554 10.666525 18.906757 4.824955 46.880131 112.903961 -7.623897 12.910814 11.852813 13.452150 -11.355340 13.484962 -48.731365 -8.212965 -1.289997 32.536705 3.699715 -1.081467 -4.700977 -4.681834 -0.000047 -0.002072 -0.003828 -18.849136 24.167530 -5.493533 9.038309 24.320366 -2.232555 5.157119 13.245247 6.819147 -0.000438 -0.002838 0.006790 
65.498329 0.000000 -560.565674 159.002487 0.000000 0.000000 -1.677450 0.272885 -0.211734 4.270886 0.662744 0.864634 8.347631 1.388885 1.908187 8.281325 1.649380 2.109814 4.418665 -8.896823 -11.633500 -5.716503 14.837006 2.777357 2.466811 -0.052673 -4.963099 20.103727 48.945351 -27.551359 -111.028709 -1.400312 -4.372117 -1.965060 5.747535 2.881532 5.293068 -0.063791 10.270691 19.165033 8.066786 45.339016 113.807587 -8.178352 13.277297 12.634710 13.417952 -11.893888 10.647470 -47.579437 -7.204804 -2.114212 21.929453 1.567165 -0.815522 -5.246397 -5.751116 -0.000078 -0.002031 -0.003645 -20.201786 25.976177 -8.533906 10.716776 27.063421 -2.099043 6.432299 15.613441 8.243153 -0.000465 -0.002859 0.006952 
68.172379 0.000000 -569.096619 159.737854 0.000000 0.000000 -2.911868 -0.102808 0.011302 4.591911 0.529011 0.756001 8.957887 1.130653 1.675411 8.873839 1.420813 1.894527 4.271400 -7.005187 -13.940609 -7.476785 14.985422 5.565116 3.658204 -0.129434 -4.749032 25.155951 48.494362 -25.943583 -112.014496 -1.286819 -4.195116 -1.633571 5.624797 2.805353 5.815764 -0.056109 9.872097 19.389662 10.328049 44.596268 113.287155 -8.362416 13.429845 12.861699 13.074476 -12.094023 5.698921 -46.747711 -4.539546 -1.161976 15.101251 1.051066 0.146705 -5.060886 -5.910151 -0.000099 -0.001976 -0.003587 -19.713762 26.596226 -10.538190 9.755238 33.534351 -2.770754 6.097612 14.323381 7.046027 -0.000491 -0.002941 0.007114 
70.820877 0.000000 -577.544678 160.552292 0.000000 0.000000 -4.286302 -1.035252 -0.387540 4.657978 0.598556 0.734898 9.095752 1.232372 1.688949 9.011918 1.517409 1.930924 4.173435 -5.879424 -14.910872 -8.284126 15.649978 6.878110 5.054424 -0.265624 -4.462321 29.722956 46.847881 -25.263855 -113.244637 -1.332288 -4.054182 -0.959462 7.115389 3.014866 6.571677 -0.040142 9.438449 19.435587 12.028601 44.165100 111.840195 -8.380236 13.507013 13.386435 12.704224 -13.116023 2.624996 -45.916416 -2.705009 -0.761487 12.311092 0.966429 0.366093 -4.109391 -5.524978 -0.000125 -0.001893 -0.003617 -18.395903 27.046242 -11.028905 7.476611 41.085552 -4.682301 4.765453 13.020284 4.682624 -0.000526 -0.003065 0.007281 
73.435455 0.000000 -585.916443 161.424988 0.000000 0.000000 -5.172772 -2.509276 -0.866170 4.461070 0.771887 0.786183 8.776071 1.575435 1.818386 8.709226 1.856035 2.069319 4.094670 -5.203229 -14.696000 -8.117373 15.869823 7.350884 6.615359 -0.406340 -4.531119 32.422054 44.860081 -26.576283 -114.635498 -1.450728 -3.998349 0.182248 9.797835 2.853512 6.824835 -0.077660 9.583899 18.470346 13.044216 43.678970 109.597595 -8.407870 13.597713 13.169006 12.710069 -13.489185 3.126900 -44.074028 -3.287942 -1.434658 11.743331 0.974882 -0.149436 -0.673033 -5.802135 -0.000139 -0.001847 -0.003703 -15.892709 26.844641 -9.967807 2.373321 49.158482 -9.082939 2.088409 11.500184 2.084738 -0.000548 -0.003159 0.007512 
76.047363 0.000000 -594.199158 162.341263 0.000000 0.000000 -5.051278 -4.451540 -0.755740 4.091362 1.064825 0.772254 8.073679 2.167243 1.769451 7.971989 2.420909 2.006263 4.446128 -4.694401 -14.118932 -7.229809 16.124521 7.059136 8.241425 -0.544355 -5.414124 31.928024 42.052525 -29.857870 -114.920738 -1.523569 -4.039090 1.161486 12.866172 2.521033 6.908448 -0.117448 10.151011 17.245342 13.883465 44.702953 105.530365 -8.173234 13.493134 12.837017 14.127443 -13.641050 7.132798 -42.405651 -6.548755 -2.363941 15.873651 1.356183 -1.302550 4.937778 -6.904644 -0.000145 -0.001836 -0.003758 -14.446098 24.937716 -8.864534 -7.879185 57.450890 -18.153883 -1.458506 9.652682 -0.350719 -0.000568 -0.003261 0.007674 
78.644852 0.000000 -602.378601 163.320892 0.000000 0.000000 -4.286398 -5.879248 0.091755 3.545162 1.312959 0.512580 6.956705 2.750106 1.213154 6.834975 2.992296 1.425765 4.847858 -4.804376 -12.705682 -5.857158 15.761798 6.088128 9.574320 -0.604251 -7.061279 29.251923 37.214905 -33.916969 -113.822723 -1.558456 -4.142228 1.428327 14.600867 3.243835 6.807508 -0.128227 10.830895 16.866817 14.376007 47.621647 99.603241 -7.546385 12.984937 12.491048 16.358387 -13.770829 10.416640 -41.722038 -10.632350 -2.932023 23.443941 1.494276 -2.819488 11.107892 -5.481479 -0.000152 -0.001863 -0.003747 -14.592456 21.466574 -8.475896 -21.822855 63.169815 -32.440456 -4.791903 6.406600 -0.700682 -0.000579 -0.003265 0.007788 
81.221199 0.000000 -610.445923 164.334137 0.000000 0.000000 -2.901257 -7.144387 1.970495 2.988578 1.644503 -0.060009 5.754702 3.458675 0.017104 5.578894 3.673693 0.194354 4.703957 -5.485247 -10.963286 -4.805128 15.410263 5.189662 10.114216 -0.451022 -9.660030 25.139757 30.654222 -37.445450 -111.291672 -1.574347 -4.275578 1.881628 15.555452 3.908572 6.124422 -0.241041 12.166337 15.968157 13.325142 50.067806 92.139694 -6.673977 12.230193 11.360340 19.042099 -13.773118 12.706445 -41.544258 -15.394239 -2.931045 32.480061 1.614657 -2.919312 12.332733 -1.137169 -0.000157 -0.001893 -0.003624 -16.439455 16.768644 -9.982697 -37.894791 67.191124 -49.085564 -6.671191 2.751844 -0.197511 -0.000586 -0.003246 0.007769 
83.748978 0.000000 -618.396667 165.336121 0.000000 0.000000 -1.677714 -7.891447 4.193015 2.353499 2.037773 -0.639386 4.423952 4.213476 -1.208302 4.253126 4.404596 -1.061935 4.200164 -7.525192 -8.671216 -3.923968 15.176989 3.526991 9.757261 -0.064234 -13.557580 19.694630 22.658119 -40.154507 -106.921478 -1.386634 -3.941051 3.291029 18.242247 3.786612 4.480130 -0.382556 14.592004 14.808659 11.950015 50.896721 84.917931 -6.059029 11.169018 9.237265 22.398790 -14.026381 13.919854 -42.005848 -19.774279 -2.151745 42.684551 2.159027 -2.502976 7.648839 2.476829 -0.000160 -0.001875 -0.003608 -17.980398 10.670268 -12.383082 -55.137589 70.208595 -67.549919 -6.374848 -0.298410 -1.956843 -0.000583 -0.003249 0.007612 
86.284378 0.000000 -626.286194 166.265579 0.000000 0.000000 -1.493794 -7.669242 5.934745 1.970644 2.299971 -1.090907 3.732870 4.709445 -2.161687 3.634745 4.833852 -2.031289 3.477232 -9.766928 -7.161627 -3.626210 15.124804 1.995841 8.708153 0.345527 -17.676228 14.236064 14.732368 -40.884216 -102.704872 -1.276400 -3.615460 5.200316 21.606260 2.551070 2.664318 -0.445798 17.235266 13.639030 9.959149 51.213017 76.020630 -4.205870 7.745338 7.202986 23.204899 -15.127993 14.236464 -41.215183 -22.850962 -0.730853 49.534241 3.777572 -1.837175 0.946340 4.177247 -0.000157 -0.001780 -0.003639 -15.909337 2.366942 -13.480347 -73.607948 72.132561 -86.386711 -5.290412 -2.837553 -3.789460 -0.000568 -0.003296 0.007140 
88.829414 0.000000 -634.159668 167.092621 0.000000 0.000000 -2.454350 -7.510218 7.255774 1.750298 2.331013 -1.328851 3.507343 4.809464 -2.684153 3.558105 4.894855 -2.556524 3.051569 -10.061081 -5.681582 -2.567381 15.298209 0.150871 7.223292 0.390994 -20.087120 8.971633 9.287423 -41.576748 -98.289276 -1.516424 -3.567606 6.128372 25.609509 0.681259 1.563828 -0.391147 18.757599 12.498615 8.735614 52.121910 68.221840 -3.362110 4.130486 5.567072 21.608147 -15.600660 15.212090 -37.040703 -23.888468 0.505401 53.527512 5.543410 -1.867187 -5.442437 5.888687 -0.000138 -0.001744 -0.003778 -11.576163 -7.711496 -13.555552 -92.233231 72.357193 -104.603218 -4.058907 -4.266818 -4.402298 -0.000537 -0.003293 0.006705 
91.353050 0.000000 -642.032410 167.823547 0.000000 0.000000 -4.545579 -7.721968 8.158697 1.718589 2.322576 -1.418225 3.782192 4.930757 -2.906209 4.026686 5.020436 -2.800600 3.300859 -8.175746 -4.916769 -1.267945 15.427630 -0.982810 5.300665 0.173848 -20.318420 3.633723 3.960179 -43.317692 -94.303528 -1.969070 -3.837611 5.822744 29.576624 -0.577990 1.545496 -0.310667 18.315306 10.859016 9.708242 52.792118 63.061543 -3.374586 1.760044 4.672019 19.001236 -15.344738 15.288674 -31.970448 -22.999573 2.487025 56.762852 7.239355 -2.212914 -12.604834 6.144238 -0.000104 -0.001803 -0.003945 -5.688647 -17.777081 -13.373726 -95.553421 72.660004 -108.724571 -3.788542 -4.065808 -3.704761 -0.000500 -0.003211 0.006569 
93.823120 0.000000 -649.907166 168.432480 0.000000 0.000000 -7.236122 -8.422683 8.444354 1.500016 2.366221 -1.392212 3.629463 5.130952 -2.938885 4.012612 5.212856 -2.882539 4.759362 -6.566685 -4.764552 0.416040 15.886885 -1.882346 4.322398 0.100382 -19.645792 -0.032330 0.773501 -46.263882 -93.107140 -2.115303 -3.966649 4.732582 29.382626 -1.249527 2.450012 -0.324036 16.923336 10.317777 12.968163 53.105160 61.306286 -3.363643 1.428061 4.965336 14.915683 -14.724760 14.723475 -26.561897 -21.231792 6.020896 59.614536 10.216736 -1.238997 -18.279703 5.155457 -0.000086 -0.001856 -0.004141 -0.325555 -26.356789 -12.841853 -85.269600 73.503014 -99.356537 -3.532448 -4.464295 -3.643016 -0.000485 -0.003158 0.006639 
96.244743 0.000000 -657.797363 168.980713 0.000000 0.000000 -8.640149 -8.916867 7.930361 0.876297 2.302290 -1.191893 2.519035 4.993052 -2.563682 2.940471 5.059458 -2.575301 6.466557 -5.360507 -4.910559 2.194042 16.526680 -2.878819 4.074299 0.214031 -18.743107 -2.377560 -0.344117 -49.438705 -94.904221 -2.052160 -4.050049 2.987016 27.557262 0.039158 2.969362 -0.334730 15.494822 10.948210 17.794893 52.393909 62.195171 -3.116954 2.536541 5.660641 13.716755 -13.474617 13.425735 -21.175222 -19.690496 9.699327 61.167175 13.885004 0.225675 -21.957632 4.788049 -0.000079 -0.001830 -0.004241 2.584782 -33.352814 -10.841169 -65.051414 72.948647 -79.201424 -3.864525 -4.560656 -3.298853 -0.000480 -0.003148 0.006595 
98.687355 0.000000 -665.699646 169.505997 0.000000 0.000000 -8.401948 -9.378300 7.102033 -0.158574 2.266657 -1.139677 0.395693 4.852419 -2.462313 0.776193 4.925761 -2.521136 8.202907 -5.070987 -4.694142 4.033477 16.941151 -3.734600 3.587476 0.200771 -17.361443 -4.062356 0.135872 -51.229958 -98.823296 -1.862988 -4.235921 1.130823 24.137180 3.142052 3.354161 -0.276345 13.939883 12.443119 21.901188 50.711365 66.804466 -3.407408 4.378794 6.864310 13.526715 -12.899064 12.412973 -17.623934 -17.987139 12.581223 64.315414 16.389828 0.822312 -20.442852 6.139450 -0.000083 -0.001788 -0.004337 1.230975 -37.869862 -7.576482 -36.136448 67.871788 -50.473820 -3.058065 -4.779660 -4.338755 -0.000481 -0.003153 0.006638 
101.115822 0.000000 -673.644897 170.031113 0.000000 0.000000 -7.522460 -9.626415 5.745565 -1.161777 2.130576 -0.941943 -1.707735 4.494885 -2.061671 -1.409391 4.574013 -2.150405 10.219639 -4.247434 -4.544347 6.284849 17.357880 -4.625330 3.042807 0.042355 -15.586156 -5.896601 1.137879 -51.490849 -103.812180 -2.270901 -5.141473 -1.420236 21.689861 5.545835 3.764684 -0.092893 12.619427 11.658165 25.956598 48.465382 72.517990 -4.004271 6.958689 7.241332 14.386198 -11.956442 12.172935 -15.499680 -15.775395 14.360919 68.313881 18.260540 1.008781 -14.009854 8.537517 -0.000054 -0.001942 -0.004417 -1.399246 -41.253426 -3.987168 -18.142172 59.794388 -31.185863 -1.248826 -5.987728 -4.447949 -0.000458 -0.003010 0.006929 
103.464874 0.000000 -681.563904 170.534485 0.000000 0.000000 -6.380493 -10.406094 4.236754 -1.966353 2.124085 -0.562411 -3.391026 4.411277 -1.349987 -3.143925 4.516354 -1.464481 11.340272 -4.156233 -3.716939 8.150462 17.835775 -5.474309 2.336081 -0.110994 -13.724513 -8.787393 2.584090 -51.231926 -108.741722 -2.786703 -5.825978 -3.419046 21.987354 6.143100 3.771286 0.127782 11.525738 8.949995 30.676960 46.327137 77.917458 -4.693950 9.050983 6.893214 15.405578 -10.868889 12.019670 -12.801505 -12.212146 11.016623 72.445877 15.540897 0.598303 -3.183581 9.771764 -0.000022 -0.002083 -0.004503 -4.723685 -41.740139 -0.529168 -5.846848 49.126400 -18.193193 0.871309 -4.223922 -2.223566 -0.000427 -0.002862 0.007198 
105.766884 0.000000 -689.391541 170.988525 0.000000 0.000000 -5.153173 -11.017933 2.821086 -2.524062 2.159600 -0.274059 -4.603249 4.472326 -0.793175 -4.394593 4.615633 -0.908159 11.766592 -3.754574 -2.479756 9.491553 17.688616 -6.423316 1.752503 -0.209506 -11.820376 -12.874456 4.568099 -50.572472 -113.100403 -3.055249 -6.079005 -4.485650 22.951242 5.453990 3.750135 0.339041 10.351061 4.528450 34.766804 45.211838 82.672096 -5.374117 10.506495 6.907313 16.238359 -11.126469 11.130219 -11.321997 -8.305972 2.269349 76.518837 7.751441 0.031246 8.023034 9.542249 -0.000003 -0.002191 -0.004476 -4.795263 -39.537422 0.114623 1.499993 36.726814 -9.992646 1.943148 0.027151 1.663338 -0.000406 -0.002687 0.007465 
108.026001 0.000000 -697.122375 171.405212 0.000000 0.000000 -4.822088 -8.828638 2.895812 -2.513405 2.583171 -0.273097 -4.736335 5.208353 -0.883570 -4.610446 5.267039 -1.011854 12.603146 -5.412194 -5.638537 7.842721 15.501486 -3.830889 1.381758 -0.155108 -11.857345 -20.529203 5.185007 -50.956577 -116.087883 -2.451288 -5.066525 -4.653381 24.632271 2.872411 5.100292 0.150686 11.755581 0.980429 26.973463 44.979443 83.189873 -5.190875 11.156922 7.982251 18.827181 -14.632331 10.833812 -11.645528 -5.043191 0.639723 76.995049 6.347876 -1.276638 7.981656 4.776039 -0.000059 -0.002101 -0.003992 -8.110867 -40.155426 1.869557 -0.199670 31.014507 -9.413347 -0.705370 0.290499 2.873112 -0.000457 -0.002714 0.007966 
110.703918 0.000000 -704.290161 171.711411 0.000000 0.000000 -3.826434 -9.546333 1.526481 -2.472168 2.697402 -0.170975 -4.762318 5.467632 -0.610712 -4.704132 5.548475 -0.716364 12.583439 -4.502830 -4.894969 8.501071 14.505185 -4.505268 0.785330 -0.145600 -10.951330 -23.183023 6.243974 -50.123428 -118.426064 -2.444592 -4.986702 -5.427197 24.084488 2.235152 4.950216 0.245918 11.446438 -1.747949 27.825417 45.269653 84.967224 -5.121264 11.186126 7.955004 19.175152 -14.285425 8.741098 -13.161463 -3.155915 9.744738 81.326576 15.467611 -1.139070 7.543656 4.792398 -0.000047 -0.002106 -0.004060 -5.757019 -38.129887 0.486182 1.030042 24.615471 -6.482836 -0.683396 1.710701 4.197478 -0.000444 -0.002676 0.008001 
113.417305 0.000000 -711.371155 172.018311 0.000000 0.000000 -3.153925 -10.347198 0.792732 -2.167200 2.844979 -0.137435 -4.260827 5.723513 -0.444452 -4.298481 5.812235 -0.497961 12.153447 -3.749689 -4.658771 8.494229 14.064573 -5.056159 0.266226 -0.189008 -10.658582 -24.452660 6.372917 -50.433441 -119.527130 -2.402639 -4.886167 -6.153277 24.160036 2.091598 4.263582 0.286002 11.744134 -3.277750 27.333170 45.958374 85.670914 -5.010569 10.828844 7.805738 18.770779 -13.698952 6.906168 -14.685863 -2.659887 30.643389 83.847565 35.560673 -0.673763 3.338366 6.372772 -0.000045 -0.002127 -0.004047 -4.851992 -37.081997 -0.136473 0.065539 22.599869 -6.243741 -1.055855 2.346936 5.658240 -0.000439 -0.002646 0.008104 
116.129387 0.000000 -718.320740 172.318008 0.000000 0.000000 -3.011022 -11.159957 -0.028874 -1.656448 3.073284 -0.100565 -3.282273 6.151869 -0.283502 -3.371737 6.249828 -0.284356 11.601787 -3.816178 -4.715175 7.908807 14.040708 -5.098245 0.082205 -0.222327 -10.764098 -23.944805 5.775033 -51.753227 -119.884399 -2.480676 -5.055583 -6.842549 25.109123 2.545640 3.608331 0.267465 12.425196 -2.919506 25.458509 47.735554 85.820221 -4.851959 10.355548 7.636739 19.171043 -13.733132 5.801913 -17.435307 -2.226428 68.068420 84.735146 72.187546 0.453480 1.023401 7.630072 -0.000042 -0.002138 -0.004050 -5.435294 -36.715248 0.696211 -0.297339 24.854181 -6.950635 -1.093212 4.649258 7.387611 -0.000435 -0.002623 0.008090 
118.826439 0.000000 -725.159241 172.638092 0.000000 0.000000 -2.586286 -11.909356 -1.022847 -1.031730 3.354261 0.034999 -2.155509 6.686939 0.055211 -2.306606 6.787263 0.090928 10.970169 -4.774114 -5.159664 6.790355 13.909933 -4.642497 0.061537 -0.229490 -10.974537 -22.806456 5.065882 -53.091320 -119.677063 -2.527750 -5.148900 -7.057115 26.926674 2.728157 3.224025 0.174001 13.412034 -1.662327 22.717964 49.753605 85.611893 -4.920709 10.336407 7.581944 19.795923 -14.144119 5.139155 -21.254759 -1.498269 103.650536 84.896461 107.078735 0.266772 -1.748228 7.335330 -0.000066 -0.002065 -0.004091 -8.716279 -35.986771 3.175232 0.578752 28.718687 -8.138685 0.067556 8.829415 8.762478 -0.000453 -0.002673 0.008092 
121.464516 0.000000 -731.870483 173.001663 0.000000 0.000000 -2.250328 -13.036503 -2.053056 -0.366195 3.772341 0.298769 -0.954559 7.509277 0.617919 -1.184341 7.610255 0.661476 10.435266 -6.591921 -6.170814 5.459490 13.631589 -3.948383 0.264265 -0.202190 -11.838455 -20.838924 3.825811 -54.193707 -118.008408 -2.629039 -5.245915 -7.193886 29.016747 3.136237 3.305211 0.007554 14.734597 -0.026680 19.435898 50.515453 85.229904 -5.261916 10.435541 6.671009 21.728464 -13.900269 3.738732 -25.388180 -0.529761 131.517197 84.581299 134.939102 -0.843173 -4.365566 5.559386 -0.000087 -0.001962 -0.004262 -11.636736 -36.196953 5.171516 -0.105199 37.371216 -9.784393 1.154450 10.839633 8.443873 -0.000465 -0.002761 0.007928 
124.058472 0.000000 -738.398193 173.440765 0.000000 0.000000 -2.886305 -14.516866 -3.267966 0.321003 4.227020 0.607929 0.412184 8.451632 1.295224 0.138851 8.543324 1.357878 9.940503 -8.315848 -7.103731 4.245614 13.610947 -3.298592 0.771979 -0.104472 -13.222644 -16.798824 3.109906 -55.459412 -114.659187 -2.509920 -4.997319 -6.139377 32.057205 3.413060 3.995152 -0.224415 16.654354 3.387532 15.994139 48.928780 84.077019 -5.486268 10.278604 6.294032 22.460447 -13.712617 3.202583 -29.965361 0.449614 145.135117 84.686951 149.005936 -2.054303 -6.444201 3.515808 -0.000102 -0.001866 -0.004481 -14.258325 -35.093292 7.798169 -2.473423 45.834251 -12.198186 0.959427 6.228305 6.464677 -0.000484 -0.002917 0.007795 
126.627029 0.000000 -744.784851 174.001556 0.000000 0.000000 -3.221508 -15.711807 -4.640693 0.962120 4.523894 0.921367 1.733530 9.085235 1.993017 1.476695 9.165128 2.052808 8.963295 -9.282875 -7.365217 3.057979 13.729403 -2.785695 1.530979 0.031364 -14.796562 -12.257650 3.347766 -56.514847 -109.945961 -2.238626 -4.590133 -4.848406 34.066124 3.473395 4.896367 -0.514393 18.376795 7.054097 12.618629 46.845406 82.949989 -5.496876 9.896502 6.070275 23.167940 -13.147182 3.064308 -35.000469 1.263914 145.207550 86.129852 149.616257 -2.644133 -8.611733 1.150812 -0.000112 -0.001752 -0.004611 -15.922400 -33.625237 9.616222 -5.956241 53.375629 -15.268266 0.741702 -0.524264 5.286298 -0.000496 -0.003081 0.007572 
129.182358 0.000000 -751.112671 174.688873 0.000000 0.000000 -2.979002 -16.519800 -5.994721 1.540897 4.609218 1.222472 2.959798 9.255885 2.663989 2.739547 9.329831 2.733329 8.041574 -9.410471 -7.776386 1.773501 14.312807 -2.205982 2.556054 0.150661 -16.076920 -9.064173 4.507408 -57.074722 -105.049187 -1.927117 -4.166683 -3.681506 35.048473 3.701570 6.066636 -0.765697 19.201157 9.507287 8.914294 45.313984 81.907372 -5.167314 9.355005 5.830923 23.643644 -12.704969 3.652050 -39.078178 1.048679 71.179832 88.136482 75.330643 -1.933841 -9.832372 -1.580053 -0.000113 -0.001695 -0.004751 -18.716976 -30.923044 12.028992 -9.344966 58.418613 -18.559538 0.678055 -6.579767 4.428673 -0.000502 -0.003179 0.007398 
131.737427 0.000000 -757.374268 175.496490 0.000000 0.000000 -2.869945 -17.110952 -6.951486 1.944028 4.594477 1.381031 3.799180 9.204668 3.016212 3.605491 9.255578 3.084819 7.772672 -8.537043 -8.731790 0.532894 14.605801 -1.297906 3.761815 0.214335 -16.934122 -5.732029 6.951202 -56.846844 -100.595276 -1.809022 -3.701986 -2.423541 34.969017 3.859262 7.308490 -0.908758 19.093304 10.879908 5.173660 44.333420 81.914177 -5.092598 9.289082 5.073514 24.790539 -12.437062 5.453442 -42.242950 -0.132268 13.632627 81.944481 17.595362 -0.972081 -9.493491 -3.580871 -0.000113 -0.001719 -0.004853 -20.249754 -26.877743 12.746229 -13.758504 61.302364 -22.579174 -0.540506 -10.641299 3.781964 -0.000507 -0.003178 0.007474 
134.239502 0.000000 -763.556458 176.442169 0.000000 0.000000 -3.014094 -17.354546 -7.653181 2.352576 4.443151 1.428579 4.624704 8.815277 3.097071 4.456014 8.825541 3.148979 6.963511 -6.958481 -9.176488 -0.696116 14.723633 -0.370826 4.655085 0.360883 -17.150404 -1.840657 10.942790 -54.996094 -97.975060 -1.817121 -3.399838 -1.342546 33.669243 3.780202 8.040619 -1.007564 18.482128 10.700751 1.318954 43.430275 82.716957 -5.328118 9.739727 4.482243 26.489803 -12.180682 10.285413 -44.745621 -3.440027 5.390873 73.178200 9.138588 -0.651914 -7.348775 -4.815952 -0.000111 -0.001727 -0.004966 -22.167891 -23.800898 13.258670 -20.439913 64.959038 -28.489162 -1.454483 -13.174695 1.667497 -0.000514 -0.003222 0.007532 
136.684601 0.000000 -769.665344 177.577759 0.000000 0.000000 -3.175601 -17.413212 -8.257977 2.709842 4.205372 1.377633 5.354431 8.203704 2.937104 5.208135 8.174883 2.970308 5.845873 -5.396676 -8.923362 -1.506980 14.810069 0.535206 5.115123 0.367032 -16.607121 2.421270 16.558628 -51.556084 -97.717964 -1.927690 -3.428472 -0.818498 31.825142 3.654027 7.732627 -0.910506 17.674919 9.851502 -1.511480 43.326344 84.760368 -5.598789 10.288692 4.243572 28.125713 -11.925044 16.378746 -45.302628 -7.525531 2.172547 63.358456 5.873471 -1.075488 -5.381934 -5.616143 -0.000097 -0.001809 -0.004853 -24.022175 -21.324753 13.814926 -28.729752 68.526619 -36.174553 -2.130314 -12.360204 -1.641347 -0.000508 -0.003181 0.007524 
139.129059 0.000000 -775.723145 178.942566 0.000000 0.000000 -3.302725 -17.326530 -8.872156 3.023105 3.976620 1.210645 5.940661 7.568225 2.535166 5.788805 7.489836 2.557749 4.658072 -3.621251 -8.088408 -2.151677 14.978907 1.153565 5.149955 0.245317 -15.138258 7.122134 22.005346 -47.242546 -99.549339 -2.263950 -3.786186 -0.850364 29.958254 3.436793 6.871720 -0.652051 16.461502 8.441914 -3.356013 42.872555 86.954010 -5.649643 10.632252 4.491831 29.581999 -12.315345 22.068598 -43.782021 -11.578601 0.558755 52.611580 4.353077 -1.766318 -3.452796 -6.774343 -0.000093 -0.001906 -0.004620 -25.275625 -19.031635 14.079573 -37.125645 71.626244 -43.695923 -2.802764 -5.752741 -5.246313 -0.000505 -0.003052 0.007622 
141.545197 0.000000 -781.686890 -179.478271 -0.000000 0.000000 -3.307972 -17.271235 -9.578702 3.036200 3.758348 1.013622 5.970016 7.052285 2.107930 5.819434 6.978159 2.153863 3.974672 -1.556259 -7.272321 -2.186140 14.859221 1.701390 5.068608 0.122457 -13.244991 12.454874 25.107498 -43.303501 -101.870087 -2.476542 -4.156847 -1.431324 27.381546 4.216447 5.792930 -0.467698 15.106050 4.845663 -4.029603 40.101273 89.246788 -5.603012 10.945458 4.821121 30.501308 -12.930206 26.752665 -41.052597 -14.572375 -0.121856 43.888054 4.950993 -1.133600 -2.067929 -9.684109 -0.000088 -0.001921 -0.004480 -26.765387 -17.982395 14.045559 -46.884430 74.575897 -52.628044 -4.567168 4.531157 -8.367954 -0.000496 -0.002981 0.007574 
143.921951 0.000000 -787.519409 -177.738907 -0.000000 0.000000 -2.507927 -17.137455 -10.473452 2.614599 3.479096 0.820998 5.161983 6.494661 1.703793 5.032514 6.430372 1.748169 3.907060 0.200582 -5.931419 -1.218248 14.188284 1.724082 4.748934 0.039023 -11.656555 17.678745 26.596031 -39.838402 -103.397491 -2.665407 -4.514896 -1.641299 25.474556 4.786211 4.257040 -0.354550 13.883670 0.645252 -5.168958 36.390163 89.817604 -5.411779 11.119600 4.801198 31.373161 -13.539459 29.637777 -38.236176 -16.602936 -0.029045 38.028557 5.834601 -0.961087 0.935229 -10.022672 -0.000077 -0.001892 -0.004496 -27.920839 -17.973635 13.945648 -66.802834 77.697929 -71.334564 -6.649764 12.339691 -9.587201 -0.000477 -0.002919 0.007410 
146.275909 0.000000 -793.238708 -175.888565 -0.000000 0.000000 -1.411216 -17.076715 -11.477203 2.175905 3.275795 0.688435 4.195493 6.133101 1.366582 4.062536 6.086927 1.393631 4.034914 1.422886 -4.256897 0.085966 13.612567 1.035543 4.611698 0.030974 -10.707710 21.232643 27.016911 -37.759861 -104.249817 -3.064101 -5.031254 -1.087076 24.360388 4.947442 2.708949 -0.328087 13.248587 -3.763528 -7.483663 33.419025 90.121498 -5.593854 11.065197 4.276881 32.455219 -15.190772 31.255920 -35.180069 -17.924597 1.907014 33.788490 7.199462 -1.023897 3.356488 -2.690433 -0.000067 -0.001889 -0.004559 -28.792356 -19.660034 13.404758 -90.980629 78.296066 -95.157722 -7.124180 13.600664 -8.073555 -0.000464 -0.002872 0.007413 
148.596176 0.000000 -798.896912 -173.940704 -0.000000 0.000000 -0.622779 -17.152739 -12.512054 1.683360 3.153085 0.532626 3.167520 5.970667 1.052562 3.040438 5.916611 1.074888 4.238613 2.044846 -2.333796 1.480210 13.338725 -0.062127 4.719533 -0.002268 -9.881170 23.450476 26.037878 -36.007854 -104.699913 -3.027577 -4.994957 0.027254 24.110222 4.885123 1.746440 -0.305758 12.761285 -6.536559 -10.192411 30.698515 88.591339 -5.393202 10.810466 3.937709 32.785332 -17.274565 32.700172 -32.961834 -19.376440 5.251447 32.967564 9.571216 1.135502 4.584105 11.653515 -0.000079 -0.001927 -0.004415 -29.087984 -22.257215 12.973077 -101.436798 75.398018 -105.594063 -7.984186 10.565390 -7.541807 -0.000482 -0.002854 0.007508 
150.846283 0.000000 -804.469666 -171.865112 -0.000000 0.000000 0.374705 -17.033270 -13.421636 1.105943 3.151018 0.439124 1.872190 6.040644 0.878004 1.687209 6.006095 0.885284 4.758197 1.895791 0.848573 4.105340 13.111890 -2.679730 4.743130 0.004604 -9.380715 23.650625 23.391251 -35.892616 -104.746269 -2.890845 -4.695484 1.177630 25.502733 4.058473 0.751896 -0.310506 12.491147 -8.275098 -12.824233 28.919067 85.913048 -5.203408 10.387623 3.783469 32.238949 -19.299427 32.959126 -32.366531 -20.885763 10.443458 36.091034 14.301242 3.220582 1.544613 26.857655 -0.000096 -0.001864 -0.004422 -28.986851 -26.151592 12.168952 -102.686081 72.147629 -107.615822 -8.844168 6.775721 -9.317371 -0.000506 -0.002928 0.007542 
153.034317 0.000000 -809.835999 -169.550827 -0.000000 0.000000 1.215881 -17.217497 -13.291769 0.515731 3.342639 0.167334 0.608142 6.413026 0.257994 0.434239 6.325723 0.262386 5.689794 1.811836 4.524648 7.478477 12.500238 -6.186924 4.194603 -0.084476 -9.245350 22.158941 18.876598 -35.259083 -104.405067 -2.948360 -4.743898 1.856636 25.496683 5.167517 -0.367621 -0.376447 11.823158 -8.820656 -14.168886 26.937710 81.501770 -4.143624 8.724916 3.679305 30.117739 -20.787376 31.216415 -32.733311 -22.262156 16.222618 40.756290 19.364166 4.028310 -2.275713 31.879629 -0.000090 -0.001829 -0.004550 -28.272409 -30.904381 10.422194 -101.266998 69.854347 -108.011818 -8.683224 3.390738 -11.753652 -0.000505 -0.002944 0.007468 
155.148697 0.000000 -815.056030 -167.037521 -0.000000 0.000000 1.958236 -16.900606 -12.314356 0.152462 3.560501 -0.377666 -0.178568 6.832368 -0.895117 -0.312900 6.668235 -0.868952 6.364704 1.326715 7.860336 10.167989 11.748453 -8.571341 3.574441 -0.202227 -10.261187 18.621059 12.492509 -34.091805 -102.809105 -2.791160 -4.535204 2.744646 25.832325 6.257012 -1.671743 -0.420337 11.701974 -9.670940 -14.604919 25.895863 74.223793 -2.896111 5.827737 3.474088 27.414103 -22.946524 27.214069 -35.531998 -22.717127 21.237120 46.458260 23.409143 4.110562 -5.777994 30.711670 -0.000075 -0.001826 -0.004580 -26.034809 -35.388065 7.206752 -93.353340 69.301323 -101.791840 -7.920929 1.297062 -13.648638 -0.000490 -0.002905 0.007317 
157.162399 0.000000 -820.146179 -164.393494 -0.000000 0.000000 5.763466 -15.671610 -13.615664 -0.070754 4.021337 -1.282150 -0.803345 7.716808 -2.578240 -0.970522 7.541620 -2.501096 5.544320 -2.041728 8.539380 9.722270 10.536128 -6.954926 0.116095 -0.377322 -12.685616 5.440671 4.833862 -36.208241 -102.858948 -2.948041 -4.908628 0.531416 24.578676 9.198384 -0.364949 -0.182272 10.887914 -6.010208 -6.624950 22.213297 66.250183 -2.449807 2.303348 3.213351 24.850349 -22.653408 20.043955 -44.896976 -21.069351 24.389542 63.143211 27.662994 3.937539 -3.200888 21.626055 -0.000032 -0.002243 -0.004556 -19.590685 -38.964333 4.584887 -96.600006 74.245667 -105.980164 -2.836986 -1.655705 -5.545570 -0.000424 -0.002416 0.007521 
159.526993 0.000000 -825.215149 -161.855438 -0.000000 0.000000 6.670409 -14.828879 -12.455668 -0.340408 4.188706 -1.882946 -1.365026 8.021328 -3.794963 -1.490243 7.829165 -3.684877 6.931108 -2.103728 8.920300 11.521300 10.162227 -7.835318 -1.217496 -0.683205 -13.511832 -1.891167 -1.918279 -34.550407 -100.582176 -2.761783 -4.737723 0.611961 26.152193 9.677556 -0.495662 0.019280 10.935845 -6.625561 -2.840309 22.414637 57.621250 -2.903503 -1.614641 2.252568 22.728851 -22.019672 16.144495 -47.222015 -21.031719 31.912558 68.846046 34.498100 4.258750 -5.036186 19.985348 0.000002 -0.002497 -0.004150 -12.466076 -41.706436 -0.653484 -66.019211 74.407188 -76.318649 -2.148229 -3.072855 -4.695287 -0.000385 -0.002156 0.007646 
161.835403 0.000000 -830.065796 -159.241135 -0.000000 0.000000 7.275365 -13.801782 -11.566997 -0.652975 4.295484 -2.290230 -1.904483 8.283574 -4.701416 -1.937491 8.126999 -4.607795 8.041437 -1.204669 9.125630 12.983386 8.958248 -8.745270 -2.506393 -0.967340 -14.132340 -8.556505 -8.191491 -34.482006 -98.174706 -2.976379 -4.863982 0.501299 27.383913 10.219918 -0.233844 0.236065 11.073905 -6.769772 4.071588 23.417160 51.280785 -4.067808 -4.797965 1.340612 19.975172 -20.484812 14.042565 -48.640423 -20.644190 39.525188 73.373611 41.504295 3.630399 -6.593730 19.265924 0.000033 -0.002664 -0.003879 -3.784843 -42.414944 -7.264982 -37.624699 70.398720 -47.820534 -1.656792 -2.911346 -4.023979 -0.000359 -0.002023 0.007726 
164.073776 0.000000 -834.722900 -156.529968 -0.000000 0.000000 8.030517 -12.324989 -11.457963 -0.987082 4.349411 -2.371683 -2.521985 8.374999 -4.966280 -2.523535 8.230289 -4.903314 8.603992 -0.542847 9.878593 14.157082 8.354969 -10.239066 -3.539112 -1.081735 -14.004589 -12.726621 -14.128477 -36.307796 -94.958809 -3.339346 -4.767035 0.540981 29.733950 10.382838 0.144911 0.341469 11.423789 -6.098134 10.299927 24.951431 41.973812 -3.912587 -4.491212 0.725931 14.771401 -17.326624 12.920126 -50.137154 -19.174267 50.609505 77.442566 52.697781 2.526932 -8.577228 17.630949 0.000058 -0.002646 -0.004109 2.290594 -41.213539 -12.111874 -19.682785 62.323818 -29.802027 -0.779472 -3.164407 -2.428055 -0.000345 -0.002106 0.007618 
166.280090 0.000000 -839.184875 -153.754593 -0.000000 0.000000 8.817191 -10.493118 -12.151356 -1.337319 4.533962 -2.272827 -3.157033 8.629386 -4.832675 -3.138016 8.440989 -4.794716 9.765941 -0.427448 11.055960 16.378624 7.545397 -12.539448 -4.195474 -1.060385 -13.414124 -15.357816 -20.240387 -40.025219 -91.976265 -3.483569 -4.541148 0.765918 33.146698 10.194178 0.624542 0.388358 12.259573 -4.812643 16.177700 27.857189 34.817886 -3.118182 -3.920993 -0.045937 10.568845 -14.271689 12.820034 -51.785713 -16.382954 61.249512 80.707939 63.107979 0.986141 -9.913369 16.613331 0.000076 -0.002576 -0.004408 7.660017 -37.708961 -16.000570 -8.679734 52.049744 -18.130077 0.598111 -2.081661 0.130964 -0.000336 -0.002227 0.007365 
168.433624 0.000000 -843.475220 -150.980209 -0.000000 0.000000 10.193855 -8.386913 -13.458784 -1.816109 4.790097 -1.961854 -4.074897 8.969201 -4.259967 -4.083103 8.714553 -4.270238 11.370444 -0.091660 11.635039 18.709118 6.071443 -14.922265 -4.786351 -0.948081 -12.191427 -16.939405 -24.969322 -45.660969 -91.521103 -2.972757 -3.830151 0.805475 34.435833 9.649235 0.880282 0.362476 12.628143 -3.106706 22.334055 31.670504 31.199104 -2.346131 -3.593014 -0.103820 8.876702 -11.939415 11.190367 -54.368267 -12.700411 77.285065 84.780075 78.767906 -1.679779 -10.245651 17.086161 0.000053 -0.002400 -0.004279 14.350416 -31.320473 -19.735989 -1.193574 42.051769 -9.728362 1.580671 1.023264 4.560493 -0.000362 -0.002428 0.006827 
170.444489 0.000000 -847.535522 -148.211899 -0.000000 0.000000 11.980181 -6.084176 -15.003098 -2.178999 5.050224 -1.623935 -4.827802 9.305841 -3.649627 -4.925218 8.981799 -3.704449 12.873496 0.554595 12.602407 21.357197 4.515193 -17.231619 -5.324522 -0.832009 -10.615315 -19.307375 -27.585930 -50.561436 -93.483719 -2.582020 -3.540862 0.583802 35.063347 9.026114 0.859692 0.377479 12.556670 -2.769550 26.717222 35.915699 31.389759 -2.189606 -3.107349 0.203412 9.773065 -10.094610 6.939541 -57.935886 -7.622080 135.397858 88.379120 137.193390 -4.426909 -7.603558 16.934572 0.000024 -0.002310 -0.004112 19.595694 -25.353241 -22.195457 3.236891 34.290741 -5.047873 2.595658 4.406498 10.579293 -0.000389 -0.002521 0.006637 
172.310425 0.000000 -851.302429 -145.484543 -0.000000 0.000000 14.286516 -3.621400 -15.712239 -2.547895 5.132176 -1.528522 -5.674771 9.297421 -3.564080 -5.885612 8.917104 -3.650800 14.166150 1.282437 13.082844 23.304022 3.264605 -18.796595 -5.504646 -0.859491 -9.486361 -23.990761 -28.038239 -53.165691 -97.074562 -2.522988 -3.749722 0.247679 35.658279 8.339792 0.420084 0.444661 12.352127 -3.397165 30.370533 40.363983 32.729092 -1.895511 -2.346155 1.249475 10.141754 -9.342926 2.139041 -62.871975 -2.805512 -154.338821 83.346596 -152.367569 -6.673629 -4.815278 16.172262 -0.000001 -0.002343 -0.003912 22.079536 -21.481066 -23.225752 5.782913 31.427544 -2.962604 3.301739 4.527460 19.923462 -0.000409 -0.002485 0.006896 
174.022919 0.000000 -854.802307 -142.831787 -0.000000 0.000000 17.628698 -1.485726 -15.720968 -2.971626 5.215512 -1.627880 -6.685936 9.326642 -3.896901 -7.023380 8.909554 -4.023298 14.733446 1.813640 14.209094 25.039732 2.499658 -20.239614 -6.336763 -0.952800 -8.694742 -30.805042 -28.141901 -52.530869 -100.822105 -2.425169 -4.115119 -0.548123 35.358364 6.914703 -0.038165 0.486995 12.746208 -3.158406 33.511677 45.637577 33.021866 -1.749031 -1.503668 1.642399 10.472761 -8.092731 -3.391256 -68.192116 2.121273 -151.421631 77.697792 -149.586395 -7.369534 -2.632320 14.483617 -0.000026 -0.002442 -0.003617 20.607800 -19.721300 -22.998928 6.032775 33.489162 -3.163571 -0.726264 -2.218027 33.429802 -0.000429 -0.002424 0.007297 
175.649139 0.000000 -858.088989 -140.199326 -0.000000 0.000000 20.989443 0.099561 -15.451266 -3.154379 5.490586 -1.795300 -7.297204 9.743986 -4.309858 -7.775558 9.283695 -4.463398 14.767619 1.599011 15.130717 26.322260 1.603316 -21.652601 -8.106963 -0.916823 -8.110676 -39.676140 -28.218424 -49.967346 -103.691353 -2.229348 -4.365721 -2.403674 34.377441 5.947506 -0.531985 0.452434 13.916041 -0.741102 35.604321 52.089188 31.949335 -1.411023 -0.904426 1.565331 11.244662 -6.751255 -11.945826 -72.061836 10.587297 -151.823044 74.056175 -149.125854 -8.970770 -0.448709 12.599381 -0.000045 -0.002448 -0.003345 15.004144 -19.518631 -22.149311 7.593916 36.662128 -2.192768 -5.949809 -10.370848 44.297962 -0.000437 -0.002451 0.007544 
177.205597 0.000000 -861.251282 -137.545731 -0.000000 0.000000 23.620193 1.168375 -15.235839 -3.041531 5.793647 -1.950851 -7.299659 10.323334 -4.609040 -7.916220 9.860785 -4.733137 14.336870 0.883701 15.563316 26.990660 0.314384 -22.643566 -10.028387 -0.716212 -7.716372 -48.501713 -27.985584 -46.513084 -105.312225 -1.931749 -4.390344 -4.103654 33.755993 5.113914 -0.690090 0.369856 15.616938 4.274749 36.679008 59.344479 30.603434 -1.144363 -0.458447 1.758919 11.162845 -5.692242 -22.384253 -74.110550 20.725819 -151.966843 71.618385 -147.915573 -11.382208 -0.205096 11.434885 -0.000071 -0.002279 -0.003355 9.223604 -19.611025 -20.894278 9.688964 39.973709 -0.914698 -9.458364 -18.099680 48.529945 -0.000451 -0.002621 0.007565 
178.698105 0.000000 -864.253235 -134.866776 -0.000000 0.000000 25.008789 1.715816 -15.285030 -2.784547 6.170450 -1.957068 -6.902347 11.152487 -4.538138 -7.603877 10.701431 -4.593997 13.754004 -0.197009 15.563606 27.257715 -0.865844 -22.978985 -11.610909 -0.633999 -8.136104 -53.814449 -28.400066 -45.165516 -106.472832 -1.646810 -4.205720 -5.317136 34.490501 3.522581 -0.496180 0.283044 17.299191 9.987234 36.695930 63.827320 29.789495 -1.053178 0.064299 1.910740 10.540497 -4.245034 -33.840321 -74.934013 31.273355 -151.594696 69.138138 -146.203979 -13.536180 -0.903338 9.637145 -0.000093 -0.002096 -0.003410 3.950633 -20.194267 -19.647255 11.801949 43.239349 0.705980 -10.856871 -24.682852 49.926476 -0.000460 -0.002776 0.007498 
180.142365 0.000000 -867.059143 -132.139786 -0.000000 0.000000 25.131107 1.857221 -15.504715 -2.427113 6.665600 -1.796188 -6.190995 12.264362 -4.119489 -6.909879 11.807353 -4.100601 13.600688 -1.186984 14.786900 27.487585 -1.871907 -23.046888 -12.965803 -0.738624 -9.025798 -56.099934 -28.441093 -45.448410 -107.499550 -1.476915 -4.017301 -6.657467 34.959705 2.652433 0.481217 0.203607 18.663509 16.841692 34.912491 65.844383 28.445818 -0.865452 0.490098 1.658276 9.928688 -2.184981 -41.791180 -74.919083 38.976868 -151.029160 67.525932 -144.773087 -14.576601 -0.912700 6.927892 -0.000092 -0.002092 -0.003326 0.340595 -21.353319 -18.136574 14.304505 47.725975 2.396177 -12.107929 -29.724079 51.015022 -0.000453 -0.002740 0.007542 
181.491638 0.000000 -869.614136 -129.345734 -0.000000 0.000000 24.314249 1.647963 -15.579578 -1.950082 7.105696 -1.678960 -5.156879 13.211827 -3.786048 -5.834054 12.741193 -3.707172 13.496765 -1.897024 13.635965 27.193251 -3.062333 -22.783585 -13.817421 -0.827270 -10.034452 -57.604568 -27.169823 -45.992500 -107.956398 -1.414527 -3.917353 -7.864529 35.819027 2.024508 1.888944 -0.047527 19.681391 23.970543 32.622116 65.882706 26.831604 -0.783894 0.501212 1.313160 10.384772 -0.143781 -47.087227 -74.649780 44.129139 -151.190933 67.054016 -144.221588 -14.865087 -0.522390 4.707406 -0.000091 -0.002082 -0.003322 -1.839951 -22.338484 -16.577711 16.305578 51.726521 3.401055 -12.726460 -32.428009 51.549034 -0.000445 -0.002718 0.007451 
182.699661 0.000000 -871.866577 -126.517708 -0.000000 0.000000 23.011169 1.361945 -15.597898 -1.467937 7.453861 -1.571349 -4.104568 13.957045 -3.492087 -4.716513 13.475004 -3.367537 13.530832 -2.213966 12.452506 26.659216 -4.248031 -22.495188 -13.794379 -0.883361 -11.240766 -58.151669 -24.187393 -46.615276 -107.550240 -1.567434 -3.990393 -8.918565 36.759026 1.553132 3.812797 -0.469731 20.096340 29.798752 30.547951 63.402046 24.829611 -0.871280 -0.205064 0.558170 12.746455 1.405926 -48.977585 -74.408234 45.626991 -154.012253 67.322227 -146.508041 -14.169044 0.049336 4.027853 -0.000081 -0.002015 -0.003418 -3.862520 -23.091223 -15.241580 18.099714 54.581902 4.576569 -12.116545 -34.497936 50.516193 -0.000433 -0.002762 0.007079 
183.734375 0.000000 -873.853699 -123.680145 -0.000000 0.000000 21.522209 1.131668 -15.853749 -1.134760 7.740328 -1.378313 -3.310246 14.587602 -3.027888 -3.844590 14.101140 -2.874208 13.779370 -2.011937 11.398577 26.281208 -4.951834 -22.392942 -13.128654 -0.884392 -12.358986 -57.494343 -20.905603 -47.519310 -107.104179 -1.836894 -4.213193 -9.498224 38.309967 0.611224 6.029700 -0.879426 19.910004 32.580410 29.139303 58.640034 23.416765 -1.201452 -1.526319 -0.175554 16.503750 1.592707 -47.632587 -74.303696 44.589394 -158.794174 68.163345 -151.427063 -12.253435 -0.199365 4.515859 -0.000072 -0.001921 -0.003630 -5.021427 -23.417364 -13.871117 19.239105 56.391857 5.805307 -10.598608 -35.346123 48.124840 -0.000431 -0.002873 0.006677 
184.539551 0.000000 -875.575256 -120.827080 -0.000000 0.000000 20.009741 0.930036 -15.997052 -0.868243 8.014760 -1.241541 -2.697576 15.181252 -2.709813 -3.169721 14.715155 -2.535310 14.400647 -1.806276 10.251215 26.334141 -5.366702 -22.318056 -12.194565 -0.910264 -13.328023 -55.678902 -16.687195 -47.461300 -107.132240 -2.230118 -4.522150 -9.765702 39.844929 -0.019295 8.282776 -1.129384 19.286182 32.780842 25.942572 52.128719 22.639347 -1.443501 -2.776103 -1.548136 20.851212 1.535556 -44.369072 -74.313148 41.986027 -164.950836 68.904747 -158.138245 -10.152217 -1.430708 5.495973 -0.000045 -0.001988 -0.003837 -5.604918 -23.154552 -12.804392 19.782782 57.357445 6.689540 -8.406824 -35.921986 44.731880 -0.000422 -0.002874 0.006673 
185.129959 0.000000 -877.045654 -117.990280 -0.000000 0.000000 18.615494 0.871981 -15.672819 -0.728798 8.157452 -1.179007 -2.331886 15.520687 -2.576098 -2.716120 15.057573 -2.418368 14.524192 -2.004231 9.492112 26.114801 -5.593573 -22.228865 -10.980234 -0.868529 -13.896988 -51.789310 -13.565651 -47.604572 -107.750336 -2.392374 -4.622631 -9.690836 41.273666 -0.433335 9.784803 -1.147211 18.136480 30.878386 22.939827 45.476570 24.604950 -1.586753 -3.760686 -2.147783 23.954491 -0.318180 -39.251987 -74.899696 37.650478 -171.471680 69.403969 -165.268448 -8.215454 -2.682627 6.512818 -0.000040 -0.001974 -0.004095 -5.702967 -22.846336 -12.464982 20.059473 57.859467 7.376843 -6.348481 -35.416489 41.782162 -0.000431 -0.002909 0.006859 
185.503082 0.000000 -878.305420 -115.180656 -0.000000 0.000000 17.117399 1.265390 -15.412079 -0.520722 8.175679 -1.094960 -1.825016 15.645666 -2.420669 -2.116831 15.190978 -2.293108 14.395249 -2.210014 8.793360 25.567032 -5.699870 -22.006252 -9.852516 -0.747289 -13.745080 -47.167923 -11.862254 -47.225296 -108.100731 -2.565001 -4.791429 -9.594882 42.155216 -1.395057 10.402136 -0.988747 16.958134 25.982969 18.916092 38.973598 29.209143 -1.416095 -4.403311 -2.625611 24.812792 -4.154985 -33.406059 -75.462273 33.013218 -177.361359 69.562027 -171.383789 -6.646106 -4.419400 7.775226 -0.000047 -0.001928 -0.004303 -5.615287 -22.618248 -12.177528 18.987387 58.029190 6.891304 -5.356368 -34.502518 40.209007 -0.000447 -0.002971 0.007199 
185.712433 0.000000 -879.328125 -112.412285 -0.000000 0.000000 15.610502 1.960336 -15.449306 -0.338527 8.145080 -0.993867 -1.354373 15.675292 -2.198732 -1.552126 15.227397 -2.080652 14.007806 -2.698863 8.555976 25.081646 -5.599625 -21.896032 -9.012364 -0.671137 -13.431124 -41.604946 -10.608083 -46.159733 -108.604698 -2.789134 -4.977401 -9.506258 42.855015 -1.932678 10.707719 -0.755198 15.721216 20.712233 12.101704 33.102440 35.667503 -1.863903 -4.766876 -2.744561 26.800694 -6.874839 -25.553253 -75.902702 26.881887 175.094803 69.803078 -179.061417 -4.919740 -6.116371 9.443405 -0.000050 -0.001978 -0.004287 -6.259656 -22.078220 -11.591390 17.480633 57.342918 5.631394 -5.071094 -33.552380 39.473564 -0.000455 -0.002930 0.007597 
185.764725 0.000000 -880.092346 -109.709518 -0.000000 0.000000 14.675692 6.563337 -14.228952 -0.705004 8.254620 -0.417447 -1.912141 15.688609 -0.991986 -2.096295 15.109716 -0.934927 15.002897 -5.918140 12.681403 31.211845 -2.684317 -26.829138 -10.586031 -0.868724 -13.286887 -37.702980 -8.451461 -38.437023 -96.914131 -1.637612 -3.758138 -9.095757 34.416607 4.535228 10.309849 -1.109956 16.328291 16.574974 -0.809982 35.144573 62.455429 -1.897975 -2.098262 2.179349 27.566776 -8.433364 -12.910380 -79.774773 20.159422 142.696625 71.780937 147.400345 3.201419 -13.135368 2.646176 0.000049 -0.002192 -0.004254 -9.556239 -22.442389 -14.345487 15.148302 55.318764 3.353866 -9.612673 -35.460003 43.929382 -0.000354 -0.002808 0.006687 
185.343872 0.000000 -880.186157 -107.167656 -0.000000 0.000000 13.617897 7.565663 -14.304148 -0.476296 8.198830 -0.260000 -1.378638 15.551929 -0.659624 -1.541555 14.972684 -0.615430 14.767051 -6.738948 13.272950 31.671240 -1.974700 -27.460428 -10.067479 -0.796057 -13.441749 -35.852974 -6.305174 -39.119675 -96.860565 -1.819228 -3.966258 -8.874124 34.370464 4.784760 10.548627 -1.064011 15.433821 14.243141 -5.343078 33.357094 66.802383 -1.992213 0.049490 1.861821 29.834930 -8.321169 -3.489216 -80.025253 11.114614 139.546951 71.459717 144.383759 3.557675 -13.942293 4.149237 0.000049 -0.002156 -0.004549 -10.368970 -20.895424 -14.315381 14.247064 52.202152 2.976057 -10.155333 -34.199654 44.653744 -0.000353 -0.002843 0.006831 
184.765701 0.000000 -880.075256 -104.651054 -0.000000 0.000000 12.923275 8.862265 -14.403309 -0.225242 8.029941 -0.131223 -0.888762 15.183624 -0.401278 -1.072241 14.615844 -0.370854 14.488902 -7.268944 13.846649 31.980963 -1.485957 -27.984346 -9.680832 -0.677685 -13.271701 -33.229282 -3.049534 -39.564602 -97.317619 -1.805246 -3.987542 -8.873595 33.825783 5.112692 10.387462 -0.963547 14.490689 11.873794 -9.564748 32.726681 71.810257 -2.259829 2.426097 1.955076 31.308008 -8.556079 6.226795 -79.783363 1.496377 135.412766 71.071228 140.351669 4.181768 -14.516207 5.400583 0.000052 -0.002149 -0.004646 -11.657902 -19.419024 -14.385801 12.936034 48.828144 2.521517 -10.978622 -32.336380 45.504574 -0.000349 -0.002858 0.006873 
184.040100 0.000000 -879.748901 -102.188896 -0.000000 0.000000 12.372760 10.291778 -14.515572 0.017811 7.799557 -0.057719 -0.463764 14.694158 -0.248545 -0.683598 14.142486 -0.222995 13.966510 -7.786814 14.510564 32.012253 -1.194113 -28.228636 -9.233867 -0.556031 -13.021358 -29.689144 0.334748 -39.933990 -97.914551 -1.954175 -4.141232 -8.871057 33.440529 5.657598 9.879192 -0.843886 13.563507 9.231983 -12.722257 33.133629 77.539780 -3.004375 4.902300 2.246131 32.343819 -8.814484 15.034070 -79.109619 -6.981176 131.242157 70.566696 136.344711 4.762316 -15.019698 6.585254 0.000061 -0.002156 -0.004807 -13.101536 -18.049047 -14.517867 11.400826 45.404034 2.001833 -11.799917 -29.902750 46.339420 -0.000340 -0.002854 0.006895 
183.152374 0.000000 -879.188416 -99.806526 -0.000000 0.000000 11.965068 11.793537 -14.724794 0.267591 7.512274 -0.027606 -0.036261 14.102873 -0.174899 -0.285887 13.573904 -0.139766 13.405711 -8.219153 15.398845 32.019291 -0.784233 -28.377953 -8.673982 -0.437851 -12.815377 -25.564457 3.365591 -40.263927 -98.378098 -2.255614 -4.450270 -8.593045 33.356720 6.329683 9.101390 -0.761557 12.856072 6.344424 -14.359441 34.255413 83.279213 -4.153431 7.095354 2.598865 32.876087 -9.162345 22.273277 -78.128151 -13.428537 127.608582 69.990082 132.858658 5.189790 -15.852885 7.466377 0.000073 -0.002163 -0.005069 -14.725223 -16.480833 -14.663946 9.699831 41.559250 1.277959 -12.370087 -26.928656 47.248871 -0.000330 -0.002868 0.006886 
182.084839 0.000000 -878.350830 -97.491806 -0.000000 0.000000 11.732349 13.242381 -15.117776 0.540606 7.186654 -0.011659 0.460954 13.482170 -0.112471 0.202993 12.960251 -0.058419 12.216676 -8.841979 16.827320 31.942430 -0.496330 -28.356098 -8.183569 -0.350920 -12.643327 -21.324478 5.808537 -40.154423 -98.557823 -2.675013 -5.052587 -8.039371 33.488796 7.597557 8.017409 -0.718152 12.456006 3.832965 -14.722872 36.074558 87.686241 -4.937954 8.242381 3.046276 31.862284 -9.874826 27.297483 -76.701614 -17.790028 124.270325 69.751701 129.457520 5.305576 -16.571444 8.326597 0.000098 -0.002183 -0.005392 -16.732729 -14.722661 -14.609326 7.965386 37.720680 0.457188 -12.437589 -23.534624 47.714031 -0.000300 -0.002811 0.006735 
180.835907 0.000000 -877.243408 -95.239258 -0.000000 0.000000 11.764449 14.689185 -15.642133 0.865288 6.822128 0.023651 1.038640 12.812228 -0.007549 0.763211 12.307547 0.078241 10.428156 -9.403392 18.429144 31.440022 -0.303372 -28.252674 -7.789046 -0.294671 -12.342229 -17.185884 7.642535 -39.460979 -98.704941 -3.189084 -5.882533 -7.631613 32.857246 8.837020 6.630944 -0.722660 12.392467 1.751276 -13.494743 38.370689 90.141563 -4.779529 8.248741 3.629559 30.006628 -10.791255 30.165833 -74.985573 -20.302456 121.618095 70.164886 126.808861 4.723039 -17.303926 9.204575 0.000129 -0.002179 -0.005752 -18.973362 -12.913984 -14.102158 5.884763 34.319706 -0.932547 -11.930675 -19.681032 47.109077 -0.000266 -0.002789 0.006426 
179.418610 0.000000 -875.869751 -93.037605 -0.000000 0.000000 11.920470 16.105663 -16.141993 1.156667 6.469874 0.043163 1.535392 12.188239 0.066666 1.237831 11.718065 0.196798 8.512497 -10.065429 20.042723 30.838722 -0.291646 -28.077845 -7.514233 -0.265947 -12.103689 -13.242908 8.537621 -38.727219 -98.244476 -3.660562 -6.587230 -7.141137 32.350704 9.787621 5.211286 -0.771117 12.720128 0.198855 -11.105066 40.819023 93.210587 -4.706070 7.996763 4.181380 28.601257 -11.487779 31.052845 -72.907921 -21.486055 118.859673 71.351578 124.107689 3.637125 -18.327068 9.752086 0.000159 -0.002188 -0.006095 -20.521315 -11.074019 -13.244431 3.638873 31.756460 -3.027778 -10.562510 -14.608276 45.026886 -0.000236 -0.002780 0.006142 
177.829834 0.000000 -874.228088 -90.880974 -0.000000 0.000000 11.852119 17.555155 -16.618361 1.327086 6.121736 0.070192 1.817723 11.512461 0.154440 1.519115 11.057840 0.335551 7.328892 -10.962295 21.007215 30.604412 -0.290331 -27.621077 -7.150136 -0.279799 -11.891386 -9.941121 8.705750 -38.601776 -97.003426 -3.871313 -7.002093 -6.837990 31.897001 10.592555 3.977779 -0.775341 13.057410 -0.489359 -7.896316 42.720165 95.161179 -4.509378 7.736929 4.850725 27.548561 -11.573725 31.875296 -70.751297 -22.540176 117.412354 73.293823 122.745689 1.486197 -18.169653 11.008277 0.000181 -0.002246 -0.006237 -20.726627 -9.464767 -12.324132 1.770474 30.013414 -5.331964 -8.225187 -8.497051 41.499176 -0.000207 -0.002681 0.005974 
176.152664 0.000000 -872.367371 -88.752884 -0.000000 0.000000 11.622965 18.871954 -16.883783 1.403112 5.857367 0.140073 1.968941 10.978240 0.312837 1.673555 10.522027 0.533532 6.728708 -11.967227 21.230164 30.313074 -0.334123 -27.254444 -6.697002 -0.284786 -11.915471 -7.084181 8.083959 -38.937649 -95.643761 -4.021624 -7.270265 -6.496345 31.870430 11.065142 3.131938 -0.763266 13.370729 -0.365665 -4.544479 43.911579 95.574394 -4.366286 7.526682 5.472838 26.925459 -11.629479 31.660528 -67.840797 -22.888201 113.490372 75.469299 118.729912 -0.145960 -18.432308 11.724881 0.000193 -0.002255 -0.006420 -19.559443 -9.325521 -11.374545 0.460060 30.975548 -7.515575 -5.358661 -1.937512 36.562626 -0.000193 -0.002632 0.005918 
174.412643 0.000000 -870.313660 -86.638939 -0.000000 0.000000 11.513066 19.946440 -16.987301 1.358370 5.694691 0.220193 1.955654 10.648326 0.476186 1.684299 10.192329 0.730712 6.308461 -13.199845 20.992252 29.986629 -0.692899 -26.861832 -6.225787 -0.299423 -12.139045 -4.557717 7.036078 -39.421692 -94.863365 -4.216916 -7.519908 -6.196496 31.367567 11.149976 2.680875 -0.702079 13.497911 0.112663 -1.151163 45.025303 94.888626 -4.318122 7.470630 5.810538 26.610212 -11.489470 31.015894 -64.266281 -22.755629 107.071632 77.424660 112.331993 -1.322468 -18.581675 12.631332 0.000200 -0.002253 -0.006518 -17.234493 -10.387532 -10.002242 -0.813000 35.066502 -9.963965 -2.497688 5.427947 29.996351 -0.000187 -0.002624 0.005899 
172.625412 0.000000 -868.071289 -84.550125 -0.000000 0.000000 11.839443 20.695221 -16.560923 1.193684 5.638176 0.178270 1.713755 10.555162 0.352846 1.490263 10.093570 0.613593 5.845940 -14.424324 21.248528 30.003790 -0.914780 -26.635029 -5.975949 -0.303957 -12.366993 -2.266280 5.652558 -39.863541 -94.628197 -4.244970 -7.635873 -5.860014 30.410166 11.046814 2.294916 -0.658063 13.657517 0.424931 2.194331 46.053177 93.272453 -4.254415 7.391497 5.987454 26.565388 -11.134110 30.387930 -60.215710 -22.743647 98.233345 78.753120 103.471146 -2.053550 -19.059103 13.443585 0.000199 -0.002237 -0.006531 -13.563323 -12.482487 -9.226144 -1.770795 41.702942 -12.177464 -0.356895 12.323467 22.890884 -0.000189 -0.002640 0.005823 
170.732346 0.000000 -865.625488 -82.481720 -0.000000 0.000000 12.504115 21.107582 -15.687471 0.856851 5.691947 0.053049 1.099657 10.670785 0.080849 0.925196 10.203466 0.306689 5.593934 -15.473106 21.538221 30.171263 -1.097137 -26.595263 -5.977683 -0.292790 -12.610995 0.012902 3.483989 -40.360943 -94.392532 -4.249796 -7.665663 -5.446684 29.201532 10.899910 2.121827 -0.655831 13.682119 1.051649 5.547079 46.347565 91.438461 -4.181071 7.341741 5.808523 26.630907 -10.406480 30.243010 -55.904358 -22.585564 85.532669 80.024498 90.545784 -3.041269 -19.919254 14.109758 0.000193 -0.002167 -0.006557 -9.392502 -15.153478 -8.978715 -1.088805 49.978451 -11.318684 1.394341 15.995951 13.767732 -0.000190 -0.002694 0.005699 
168.672150 0.000000 -863.014404 -80.432625 -0.000000 0.000000 13.458395 21.503241 -14.907771 0.452239 5.792987 0.016160 0.323759 10.917109 -0.023906 0.171299 10.446894 0.163213 5.257933 -16.143604 22.045259 30.233410 -1.074534 -26.831949 -6.032263 -0.298004 -12.853298 1.624832 0.010481 -41.031799 -94.018501 -4.283049 -7.663800 -5.099273 27.843534 10.687100 2.098385 -0.622488 13.684584 1.872547 9.016030 46.524124 89.682014 -4.239017 7.258863 5.455219 26.818466 -9.686319 29.341194 -51.664764 -22.248886 69.276611 80.265213 74.199707 -3.688042 -19.740751 15.282616 0.000192 -0.002088 -0.006673 -5.228952 -18.310467 -8.636694 1.436703 59.851482 -7.205533 3.578154 14.783860 6.763639 -0.000188 -0.002745 0.005555 
166.475327 0.000000 -860.251526 -78.352341 -0.000000 0.000000 14.588451 22.122099 -14.173826 0.132130 5.862634 0.023062 -0.341249 11.111596 -0.019917 -0.512244 10.656336 0.154959 5.148133 -16.706469 22.256315 30.286352 -1.293774 -27.126823 -6.079356 -0.346540 -13.289062 2.081083 -4.191341 -40.931995 -94.162384 -4.313125 -7.660422 -5.130556 26.376804 10.469060 1.959059 -0.577080 13.752667 1.804616 12.497109 46.894016 87.789993 -4.340782 7.156624 4.980916 26.928585 -9.000560 27.690716 -47.560898 -21.933382 49.786224 78.723457 55.291943 -4.314971 -20.024687 16.368847 0.000202 -0.002083 -0.006746 -2.545169 -22.286938 -8.085351 4.742537 69.510757 -2.601605 5.410036 10.631799 5.585416 -0.000177 -0.002724 0.005482 
164.144714 0.000000 -857.276245 -76.210953 -0.000000 0.000000 15.695005 22.802750 -13.861010 -0.078224 5.906203 0.210950 -0.740660 11.231661 0.385248 -0.932029 10.792961 0.576938 5.827854 -17.080156 22.269943 30.971521 -1.438968 -27.564768 -6.028642 -0.426681 -13.713638 1.382077 -8.446805 -40.526398 -95.454300 -4.231346 -7.524770 -5.827442 24.528687 10.668548 1.745877 -0.531293 13.908098 0.557955 15.327226 47.465813 86.220177 -4.343189 7.114682 4.455348 26.883551 -8.180695 25.464308 -43.934181 -20.169182 35.436722 76.238525 41.625656 -4.632447 -20.754080 16.839764 0.000213 -0.002177 -0.006577 -2.638120 -26.613344 -5.863631 3.255635 76.863380 -2.898685 5.027804 7.670544 6.796376 -0.000165 -0.002611 0.005504 
161.716736 0.000000 -854.070740 -74.059616 -0.000000 0.000000 16.694084 23.603611 -14.113761 -0.287115 5.845294 0.538254 -1.163742 11.116364 1.081019 -1.391990 10.691784 1.276994 6.397871 -17.561153 22.563360 31.784838 -0.995681 -28.052576 -6.185001 -0.438465 -13.495322 0.989814 -12.488582 -39.869381 -97.409477 -3.994762 -7.216719 -6.584249 23.056326 10.937948 1.098991 -0.517308 14.168386 -1.073330 18.372940 47.106426 85.180809 -4.457920 7.399972 4.212643 26.489260 -7.525836 23.281185 -40.345112 -17.689297 26.559540 73.700714 33.107861 -5.083763 -21.407190 17.129751 0.000212 -0.002243 -0.006344 -5.528076 -32.228405 -1.901738 -21.068766 82.494827 -27.477762 2.619974 4.992198 6.919735 -0.000165 -0.002528 0.005638 
159.222198 0.000000 -850.596130 -71.896423 -0.000000 0.000000 17.767752 24.419416 -14.346770 -0.500475 5.752101 0.818309 -1.671785 10.956485 1.650411 -1.965127 10.553457 1.834794 6.525080 -17.828039 23.275801 32.548439 -0.580084 -28.576773 -6.632956 -0.382428 -12.947657 0.401940 -16.680691 -38.686893 -99.457237 -3.809114 -7.065247 -7.381808 21.837679 10.986599 0.332105 -0.530286 14.303126 -2.211610 21.823055 46.343956 84.824165 -4.516858 7.644686 4.508461 24.897427 -7.132171 21.075315 -36.469280 -15.387363 19.130302 69.767334 25.895493 -5.651096 -21.433098 17.835474 0.000209 -0.002266 -0.006183 -9.574512 -38.325722 2.534905 -65.174728 83.340355 -71.897034 0.385060 1.006662 6.104811 -0.000171 -0.002521 0.005663 
156.674744 0.000000 -846.853088 -69.727234 -0.000000 0.000000 18.779829 25.209135 -14.407082 -0.777709 5.657685 1.055178 -2.254369 10.794875 2.101466 -2.593925 10.399706 2.262564 6.060499 -18.199850 24.029984 32.781067 -0.451378 -28.901865 -7.450077 -0.303609 -12.051417 -0.202994 -21.193897 -36.977165 -101.826622 -3.684897 -7.140131 -8.261757 20.142485 11.256445 -0.472018 -0.533849 14.185429 -2.890089 25.788538 45.650852 85.397774 -4.523764 7.792357 4.999862 22.970373 -6.936592 18.831427 -32.247093 -13.215756 12.824482 64.933372 20.169079 -6.635332 -21.285219 18.705158 0.000208 -0.002259 -0.006121 -14.641751 -44.701706 7.854817 -86.079277 81.601974 -92.698608 -1.023469 -2.781058 5.322207 -0.000176 -0.002574 0.005588 
154.081070 0.000000 -842.865479 -67.537643 -0.000000 0.000000 19.409779 25.967794 -14.211155 -1.136964 5.554764 1.288105 -2.942800 10.592891 2.515332 -3.298571 10.184620 2.640531 5.744988 -18.693138 24.308575 32.739246 -0.322929 -29.215857 -8.382869 -0.225668 -10.831608 -0.578602 -25.923113 -35.134865 -104.191620 -3.630912 -7.368875 -9.326920 17.988735 11.994899 -1.062077 -0.523471 13.739576 -3.448005 29.982197 45.082256 86.821953 -4.430950 7.786367 5.519853 21.143759 -6.732860 17.057285 -27.664093 -11.756464 8.637689 59.904259 16.667101 -7.407344 -21.364519 19.529772 0.000208 -0.002219 -0.006121 -20.470533 -50.951786 14.296132 -85.199936 80.409508 -91.405807 -2.043358 -5.082203 5.663189 -0.000178 -0.002655 0.005450 
151.422195 0.000000 -838.657349 -65.313667 -0.000000 0.000000 19.232531 25.426088 -13.842895 -1.516603 5.645290 1.603246 -3.607106 10.792018 3.082296 -4.048274 10.374654 3.208597 8.779182 -19.949501 14.913875 27.060917 -4.675334 -24.810833 -8.920031 -0.061103 -6.967827 -11.172525 -29.991035 -31.807343 -115.883713 -2.882101 -5.975029 -9.249164 19.332396 11.161806 -0.070635 -0.346485 13.836979 -4.726372 28.561529 46.950066 89.586044 -4.981111 9.807589 8.461045 20.256639 -13.947650 14.086727 -18.061613 -11.914243 -0.764204 50.821678 7.737595 -10.789896 -15.672417 28.862236 0.000023 -0.001947 -0.004894 -34.966518 -60.598351 31.409958 -58.526077 76.111580 -66.013184 -4.259664 -9.976813 8.458986 -0.000369 -0.002954 0.007026 
148.513031 0.000000 -834.305298 -62.797943 -0.000000 0.000000 18.199871 25.536890 -13.542502 -1.782832 5.615446 1.879701 -4.025442 10.700613 3.645291 -4.434784 10.278817 3.739580 9.598895 -20.687298 13.920046 26.857239 -3.832863 -24.673063 -8.791149 0.004840 -6.102644 -12.428219 -32.642605 -31.078926 -116.419899 -2.917658 -6.079549 -9.475395 19.461706 11.963341 0.897985 -0.335263 12.606493 -4.161040 30.574614 46.952362 90.485992 -4.758493 9.809571 9.165791 19.407171 -14.037471 12.372581 -11.781795 -10.989107 -3.962276 44.544819 4.929256 -10.713387 -11.116497 28.903437 0.000024 -0.001938 -0.004756 -43.425259 -63.353565 40.874905 -40.778835 75.081848 -47.217854 -3.830004 -11.580325 11.344247 -0.000366 -0.002964 0.006883 
145.546463 0.000000 -829.724670 -60.200314 -0.000000 0.000000 16.599073 25.629696 -13.203657 -1.937714 5.583332 2.158474 -4.284615 10.584478 4.177621 -4.685083 10.146531 4.217856 10.975117 -21.463261 12.340374 26.742680 -2.849635 -24.167561 -8.366704 -0.004372 -5.563050 -12.618655 -34.223858 -30.962357 -116.524948 -2.893700 -6.063311 -9.594921 20.210945 13.328042 2.226740 -0.242534 11.469707 -2.824015 31.357485 46.746674 91.956291 -4.573372 9.749482 9.532173 18.689581 -13.471699 10.359302 -5.554896 -9.832166 -7.329664 37.608192 1.751869 -10.325469 -4.689398 27.487654 0.000038 -0.002023 -0.004506 -50.654541 -65.321129 49.253059 -24.391466 72.351280 -29.838753 -3.206535 -11.037728 13.988726 -0.000352 -0.002855 0.006849 
142.522659 0.000000 -824.947937 -57.552017 -0.000000 0.000000 14.576676 25.498827 -12.709159 -2.008998 5.593309 2.339616 -4.368048 10.529049 4.480047 -4.742321 10.053133 4.470004 12.439068 -22.597031 11.079118 26.992258 -1.730807 -23.943569 -7.540973 -0.065864 -5.640368 -12.922176 -34.411026 -30.824776 -116.044212 -2.845700 -5.920093 -9.105562 20.382381 14.165758 4.049712 -0.187592 11.014269 -0.870616 30.826008 46.492840 93.098770 -4.594166 9.840189 9.796739 18.069216 -12.562774 8.495169 0.029406 -8.466189 -10.797917 30.920954 -1.238746 -8.660446 3.587610 22.222990 0.000043 -0.002038 -0.004440 -55.186577 -65.650421 55.276348 -13.018570 67.930664 -17.451860 -2.391271 -10.594603 15.282914 -0.000349 -0.002831 0.006809 
139.453934 0.000000 -820.009155 -54.895256 -0.000000 0.000000 12.507215 25.442667 -12.171359 -2.192550 5.554098 2.425572 -4.689766 10.354433 4.590608 -5.044857 9.812405 4.542186 13.329178 -24.020386 10.612205 27.423426 -0.370816 -23.875282 -6.628568 -0.114307 -5.936903 -12.900896 -33.933956 -31.236631 -115.069283 -2.807073 -5.830133 -8.804276 19.967697 14.517338 5.752528 -0.254945 11.233274 1.729698 29.527802 46.686951 93.443672 -4.635720 9.882805 10.000007 17.823727 -11.359151 7.479082 4.629654 -7.872062 -13.502209 25.027071 -2.826535 -6.875512 14.496439 14.223768 0.000050 -0.002009 -0.004477 -56.959095 -64.726395 57.745304 -4.893704 63.089764 -8.700041 -1.634982 -10.292087 16.892981 -0.000346 -0.002871 0.006642 
136.375229 0.000000 -814.948059 -52.228958 -0.000000 0.000000 10.162461 25.330818 -11.510105 -2.361732 5.414237 2.507071 -4.893302 10.007215 4.719837 -5.178114 9.399851 4.648777 13.894068 -24.905233 10.021276 27.410433 0.652657 -23.439764 -5.769630 -0.231861 -6.673455 -13.004420 -31.876099 -32.385738 -114.497154 -3.105666 -6.154255 -9.061300 19.391695 14.664175 7.111197 -0.415741 12.031681 3.858809 27.376747 45.488304 92.360405 -4.562656 9.556310 9.201908 18.561005 -9.827017 7.061499 7.369683 -8.118032 -15.613304 22.286589 -3.473197 -7.715163 26.775372 4.005142 0.000074 -0.002090 -0.004596 -56.551823 -63.456219 56.992844 -0.303861 59.810387 -4.065214 -1.190630 -11.149100 18.819757 -0.000331 -0.002839 0.006634 
133.254288 0.000000 -809.772461 -49.506001 -0.000000 0.000000 7.842868 24.935833 -10.606947 -2.288633 5.284943 2.403822 -4.695313 9.687056 4.491353 -4.937961 9.052474 4.411179 14.748210 -25.372721 8.936472 26.974058 1.114538 -22.619152 -5.014159 -0.442238 -8.056677 -12.956488 -28.252794 -33.599899 -113.878830 -3.234579 -6.148366 -9.545770 18.316578 14.609970 8.038157 -0.543440 12.903847 5.094253 23.988621 44.167614 89.789696 -4.641121 9.553187 8.023751 20.186647 -9.078755 6.049909 7.277371 -9.045782 -16.536980 24.933718 -4.402255 -10.055603 31.837303 -3.498593 0.000079 -0.002196 -0.004595 -54.499233 -61.422119 54.560570 -0.691522 57.224621 -4.762142 -0.888137 -9.611328 17.020002 -0.000334 -0.002782 0.006886 
130.100967 0.000000 -804.420776 -46.690002 -0.000000 0.000000 5.695423 24.193176 -10.013245 -2.036821 5.306988 2.294507 -4.123552 9.695137 4.289627 -4.324474 9.070510 4.231739 16.027035 -25.159643 6.819839 26.082390 0.465204 -21.372757 -4.542260 -0.652761 -9.434793 -13.268327 -24.526022 -34.841301 -112.610657 -3.255666 -6.000763 -9.664508 18.010061 13.992554 8.382731 -0.644404 13.924634 6.253531 19.514271 43.364922 87.617043 -4.878397 9.404192 6.983222 22.311262 -8.867909 5.729811 5.456973 -9.338845 -15.505039 31.677353 -4.707675 -9.177267 30.899948 -4.406224 0.000069 -0.002321 -0.004334 -50.990185 -58.386524 51.149483 -4.165561 55.403217 -8.400334 -0.953075 -7.403413 11.200638 -0.000352 -0.002692 0.007146 
126.938438 0.000000 -798.990234 -43.786369 -0.000000 0.000000 4.363676 22.984083 -9.220941 -1.730751 5.344928 2.193417 -3.434373 9.798883 4.126008 -3.582911 9.227346 4.096361 16.438778 -24.970488 5.066091 24.900993 0.319344 -20.511890 -4.542804 -0.792730 -10.715877 -13.682410 -20.585581 -36.350384 -109.821716 -3.206574 -5.818945 -9.249721 18.217407 12.418840 8.124083 -0.747146 14.943777 7.012172 14.526862 42.603844 85.299911 -4.842586 9.026772 6.564120 23.042870 -8.588616 6.219683 3.405831 -9.098648 -13.041968 40.348522 -3.911122 -6.987898 26.726856 -1.881898 0.000058 -0.002396 -0.004092 -46.810974 -55.586342 46.589951 -9.607658 56.170200 -13.998652 -1.546410 -9.856532 3.485145 -0.000369 -0.002640 0.007262 
123.731255 0.000000 -793.471619 -40.878193 -0.000000 0.000000 2.772470 21.866135 -8.781453 -1.351755 5.253303 2.291602 -2.644834 9.745028 4.369926 -2.759118 9.267962 4.354287 16.550438 -24.231470 2.899538 23.134415 0.055262 -19.876221 -4.747432 -0.743294 -11.380209 -13.907972 -16.325689 -38.318874 -106.352203 -2.953952 -5.442032 -7.896674 19.302200 10.732318 8.204940 -0.888189 15.588549 7.654275 9.322991 40.869423 83.101204 -4.660546 8.581789 6.252216 22.903660 -8.398712 8.959658 -0.014024 -8.012757 -11.204780 51.041000 -2.231311 -5.304163 24.146788 -0.256014 0.000042 -0.002356 -0.003938 -41.207928 -52.591171 40.794849 -12.543951 57.498680 -18.090374 -2.433859 -14.148120 1.634699 -0.000380 -0.002641 0.007105 
120.504044 0.000000 -787.872131 -37.985477 -0.000000 0.000000 1.144819 20.830578 -8.329189 -0.889994 5.188807 2.397947 -1.692040 9.672766 4.598848 -1.784922 9.251962 4.586314 15.977705 -23.746487 1.097968 21.063690 -0.335878 -19.047041 -4.802088 -0.681579 -11.799797 -14.467271 -11.941312 -39.487030 -103.321815 -2.488679 -4.904683 -6.349737 20.483875 8.963564 8.563816 -1.055912 16.296162 8.576552 3.643064 39.068584 80.956291 -4.183646 7.842960 5.755084 22.435770 -8.320768 10.715599 -5.081013 -6.459478 -8.068716 62.214481 0.769583 -3.497961 21.668976 1.043345 0.000026 -0.002247 -0.003892 -33.850903 -49.707806 33.895889 -13.941077 58.237324 -20.127644 -4.127232 -17.526457 3.783017 -0.000390 -0.002705 0.006912 
117.230080 0.000000 -782.162964 -35.166145 -0.000000 0.000000 -0.741579 19.867712 -7.946544 -0.408324 5.189855 2.531889 -0.706060 9.675288 4.879708 -0.797603 9.308322 4.869171 15.283672 -23.660635 -0.451986 19.158848 -1.017511 -17.998981 -4.646450 -0.635433 -12.414035 -14.947581 -7.261670 -40.528526 -100.115852 -2.091773 -4.358297 -4.402328 22.969971 7.349618 9.269573 -1.190849 16.909010 9.692422 -2.242422 37.194611 79.733406 -3.958178 7.448537 5.144108 22.329649 -8.419781 11.427784 -11.455154 -5.928808 -2.791002 73.078049 5.615201 -1.851882 18.356441 3.756378 0.000018 -0.002177 -0.003845 -28.213848 -46.485840 27.988132 -14.265106 59.059639 -20.382706 -5.755054 -19.643351 7.096558 -0.000396 -0.002765 0.006718 
113.903198 0.000000 -776.317139 -32.450405 -0.000000 0.000000 -2.619560 19.405453 -7.477267 0.004022 5.161888 2.612496 0.113549 9.599754 5.069872 -0.005150 9.294244 5.068511 15.015270 -23.666199 -2.093436 17.594425 -1.885109 -16.965275 -4.136489 -0.599851 -13.141036 -14.169813 -1.962245 -41.826782 -96.832520 -2.154954 -4.241898 -2.509362 26.587503 5.771115 10.045593 -1.238013 17.163704 11.412273 -8.086323 35.351852 79.758736 -3.884072 7.396528 4.520386 23.020147 -8.484042 11.570631 -19.114574 -6.493247 13.651743 82.969597 21.455242 -0.894193 13.228155 6.982095 0.000018 -0.002150 -0.003809 -25.568745 -42.619698 23.767626 -13.142021 59.618008 -19.394888 -6.451370 -21.942225 9.806035 -0.000391 -0.002764 0.006664 
110.555946 0.000000 -770.324402 -29.876360 -0.000000 0.000000 -4.360999 19.265337 -6.578170 0.346098 5.128356 2.491586 0.797546 9.570271 4.875820 0.674089 9.307140 4.892405 14.776652 -23.936806 -3.502360 16.086884 -2.731516 -15.923052 -3.403539 -0.531939 -13.817844 -12.340336 2.770087 -42.739788 -93.896057 -2.506088 -4.340378 -0.866930 29.259340 3.929483 10.777472 -1.233305 17.073114 12.178804 -13.492909 33.889771 81.905190 -4.224262 7.967205 4.488728 23.514585 -9.169674 11.670141 -27.355686 -7.579601 109.835518 85.929115 117.070953 -0.800706 6.537914 9.717385 0.000015 -0.002100 -0.003921 -22.572941 -39.040512 19.569269 -12.143215 59.872623 -18.483561 -7.004264 -24.378315 12.221349 -0.000384 -0.002785 0.006700 
107.216492 0.000000 -764.211731 -27.475904 -0.000000 0.000000 -5.813005 19.274265 -5.162695 0.649143 5.021095 2.144393 1.328600 9.415080 4.191601 1.204067 9.177695 4.211003 14.002706 -24.425293 -4.100592 14.543376 -3.420518 -14.702589 -2.415102 -0.437478 -13.970424 -9.961828 8.013247 -42.680450 -93.173607 -2.766670 -4.524492 -0.128285 29.535826 2.966755 11.508927 -1.095830 15.891988 11.945627 -18.976753 33.922535 85.577065 -4.838810 9.026651 5.208448 23.528507 -10.412084 13.195017 -36.285137 -10.310614 139.706650 79.944138 147.013931 0.105004 2.849335 11.638448 0.000014 -0.002054 -0.004065 -20.670813 -34.983181 15.900990 -11.050735 59.131226 -17.667601 -7.758147 -26.556982 14.191237 -0.000379 -0.002804 0.006713 
103.889755 0.000000 -757.978638 -25.264248 -0.000000 0.000000 -6.835360 19.472002 -3.609768 1.025346 4.829504 1.757683 1.962638 9.028404 3.397884 1.817589 8.777040 3.404367 12.635395 -24.524445 -4.547997 12.430729 -3.794850 -13.146991 -1.544881 -0.332285 -13.529309 -7.223058 13.961587 -41.989742 -95.237885 -2.909269 -4.968270 -0.367761 27.254467 3.709056 11.749665 -0.868550 14.164472 11.620825 -23.738571 35.190941 88.992424 -4.756295 9.288093 6.233008 22.737274 -11.874174 16.240253 -45.475380 -14.613081 139.483826 76.526581 146.669937 1.378354 0.937646 13.712999 0.000014 -0.002027 -0.004136 -19.504230 -29.704361 12.539829 -9.249935 56.021900 -16.047247 -8.250775 -27.660612 15.205381 -0.000377 -0.002811 0.006646 
100.585281 0.000000 -751.607483 -23.240335 -0.000000 0.000000 -7.323342 19.749510 -2.393032 1.485357 4.598640 1.458129 2.797752 8.537575 2.780981 2.629411 8.278866 2.768137 10.646301 -24.771732 -4.790531 9.693384 -3.725594 -11.201853 -1.059671 -0.278594 -12.803728 -4.495017 20.308907 -41.093121 -97.990402 -2.985620 -5.336400 -0.916660 23.832382 4.410014 11.505347 -0.605297 12.552196 10.478058 -27.158657 36.729275 93.123222 -4.965345 9.922628 7.425064 21.304701 -13.549100 19.243544 -53.698158 -18.723503 131.760391 76.763237 138.512131 2.096384 -0.663931 13.647600 0.000010 -0.002042 -0.004190 -18.682570 -23.989706 9.195127 -7.215281 51.219902 -14.094721 -7.957667 -26.143579 15.741091 -0.000382 -0.002796 0.006751 
97.282272 0.000000 -745.101013 -21.393803 -0.000000 0.000000 -7.881786 19.996910 -1.441507 2.068008 4.327240 1.152311 3.919804 7.969037 2.172055 3.744421 7.722382 2.138351 8.753676 -24.932743 -5.241519 6.661486 -3.354096 -8.912284 -0.846448 -0.203727 -11.741175 -2.793088 26.673756 -40.146111 -100.395447 -2.877100 -5.523888 -1.504899 20.172604 4.818431 10.972747 -0.374993 11.053371 8.723779 -28.868284 38.223534 97.829628 -5.391365 10.615334 8.610696 20.429464 -14.791704 23.504419 -60.169189 -24.460361 113.896500 78.856514 119.885376 2.359919 -2.000998 12.824115 0.000001 -0.002085 -0.004251 -18.699118 -17.786203 6.395960 -5.279896 46.239307 -12.185813 -6.980269 -23.227785 15.943076 -0.000392 -0.002786 0.006912 
93.946068 0.000000 -738.482971 -19.739876 -0.000000 0.000000 -8.450459 20.186457 -0.773074 2.713164 4.064446 0.820370 5.146996 7.418862 1.548470 4.958273 7.185851 1.526827 6.995366 -25.399746 -5.800797 3.612868 -2.666749 -6.540423 -0.971100 -0.075724 -10.212298 -1.182597 32.548611 -39.530891 -102.479507 -2.680693 -5.598837 -2.183396 16.592524 5.038039 10.317721 -0.264224 9.686803 7.342957 -28.741861 38.774628 102.205803 -5.807795 11.196720 9.963165 19.187305 -15.215692 28.504841 -64.266937 -30.250967 76.913895 81.250633 82.116524 1.368646 -2.915453 11.930155 -0.000014 -0.002072 -0.004372 -18.312496 -11.571993 4.029451 -3.294493 40.103569 -10.723674 -5.422537 -17.133255 15.422083 -0.000402 -0.002809 0.007012 
90.617615 0.000000 -731.735779 -18.281544 -0.000000 0.000000 -8.558063 20.198355 -0.111695 3.315055 3.845955 0.550646 6.328178 6.971138 1.063402 6.126318 6.746178 1.075857 6.033591 -25.529432 -7.199903 0.268836 -1.818160 -3.978257 -1.207848 0.026650 -8.944758 0.263363 37.402542 -39.609444 -104.067841 -2.506094 -5.636261 -2.570102 13.856003 4.894616 9.677499 -0.184648 8.698951 7.011563 -26.767162 38.313221 105.749344 -6.186896 11.547215 11.157819 18.967863 -15.872882 31.966902 -66.074188 -34.629978 27.683762 77.325455 32.464024 -0.106304 -3.770477 10.282055 -0.000027 -0.002060 -0.004332 -18.037186 -4.669139 1.834319 -1.694482 32.884567 -9.141209 -3.229289 -6.628694 13.879292 -0.000416 -0.002849 0.007033 
87.306175 0.000000 -724.879578 -17.015789 -0.000000 0.000000 -8.458949 17.794088 1.561013 3.682810 3.694905 -0.105806 7.189607 6.712568 -0.071598 7.100511 6.547572 -0.006192 0.533316 -25.202032 -5.149613 -3.923482 0.911376 -0.252522 -2.421005 0.458220 -6.276485 8.078433 44.299133 -37.882607 -97.087616 -2.984453 -6.490963 -3.973496 11.922689 7.880369 8.171797 -0.098640 6.004244 13.689153 -24.110657 35.233124 110.331665 -5.188958 9.658123 11.046301 18.479841 -14.265165 34.644020 -69.607491 -36.005249 16.336637 68.111206 20.939550 0.977720 -5.362059 2.266253 0.000079 -0.002109 -0.005245 -17.180714 5.312138 -3.276563 3.923578 26.080355 -4.044973 2.275666 7.293698 9.333886 -0.000306 -0.002788 0.005889 
84.462456 0.000000 -717.415649 -16.329222 -0.000000 0.000000 -7.813715 17.506638 1.980758 3.981808 3.493905 -0.231085 7.766241 6.342315 -0.289163 7.661645 6.178624 -0.189088 1.160174 -25.256542 -7.660631 -6.391703 2.393088 2.192571 -2.559441 0.474407 -6.322683 11.564518 44.805222 -36.480152 -97.916931 -3.183353 -6.709601 -4.158756 10.958735 8.009470 7.319865 -0.096190 5.919635 13.925488 -19.908207 34.400581 112.396187 -5.422877 9.725640 11.019776 18.362398 -14.424782 32.767960 -68.484657 -35.358181 5.119314 57.875919 9.249809 -0.438498 -5.622503 -0.504110 0.000075 -0.002124 -0.005173 -18.628305 11.435628 -5.682423 6.377956 20.393925 -2.783515 4.571243 21.567886 11.215318 -0.000308 -0.002759 0.005935 
81.623932 0.000000 -709.894043 -15.786513 -0.000000 0.000000 -6.887300 16.993206 1.790001 4.092925 3.294728 -0.261795 8.028406 5.957481 -0.335660 7.942101 5.784612 -0.203346 2.201141 -24.524925 -10.157053 -8.119417 3.765582 4.296365 -2.711674 0.448586 -6.695874 13.756640 45.212078 -36.196678 -98.456314 -3.327026 -6.754133 -4.401044 9.615396 7.592267 6.418628 -0.158987 6.361608 14.244493 -14.917223 34.654736 113.919998 -5.651704 9.870893 10.728275 17.529892 -13.542905 29.832397 -66.972481 -32.868122 -0.284948 49.410336 3.551597 -2.227561 -5.974564 -1.956224 0.000077 -0.002180 -0.004978 -18.656773 16.255878 -5.928596 7.779732 17.701685 -2.854030 5.863598 29.407986 12.334375 -0.000306 -0.002718 0.006018 
78.741661 0.000000 -702.308167 -15.382869 -0.000000 0.000000 -5.492938 16.360544 1.469264 4.141196 3.128922 -0.308950 8.101870 5.596621 -0.449792 8.001083 5.417775 -0.304406 2.071267 -23.807850 -11.104411 -9.199567 4.542991 6.029242 -2.751062 0.349667 -6.995705 14.825114 44.538982 -37.352772 -99.193962 -3.288478 -6.635196 -4.301341 8.893337 6.655851 5.570247 -0.212718 7.063964 14.969137 -9.052255 34.776402 114.313103 -5.670715 9.915851 10.730643 15.705830 -12.742814 23.062578 -65.601013 -28.185280 -1.383003 42.128052 2.442666 -1.788629 -6.184880 -4.317622 0.000086 -0.002244 -0.004775 -16.257425 19.442932 -4.323294 8.655307 19.790834 -3.034558 4.978365 30.641180 9.671072 -0.000302 -0.002674 0.006027 
75.830933 0.000000 -694.638794 -15.166994 -0.000000 0.000000 -4.199578 15.419397 1.443604 4.081677 3.137378 -0.327669 8.006281 5.610775 -0.515763 7.916861 5.440198 -0.381212 1.607270 -23.761263 -10.689744 -9.209837 4.740468 6.560431 -2.100616 0.120206 -8.076222 15.656882 41.867741 -38.206322 -99.179184 -3.419179 -6.573508 -3.870066 9.445309 6.110516 5.390935 -0.169164 7.791152 15.104845 -3.489341 35.055679 112.899567 -5.786343 10.104766 10.383228 15.517322 -11.427092 20.469303 -63.477043 -26.614439 -1.736090 37.262119 1.897917 -1.049658 -6.496400 -6.730150 0.000100 -0.002351 -0.004611 -12.384464 20.317430 -2.350528 8.076453 28.093067 -2.548846 3.496136 25.988636 5.524954 -0.000299 -0.002610 0.006237 
72.901772 0.000000 -686.877808 -15.117683 -0.000000 0.000000 -3.189767 14.096931 1.612282 3.825483 3.371545 -0.371750 7.510554 6.088789 -0.627359 7.435018 5.909541 -0.533508 1.357880 -24.441488 -9.937041 -8.893197 5.110878 6.396212 -1.256735 -0.100643 -9.572864 14.816333 37.463280 -39.850052 -98.395981 -3.514974 -6.675754 -4.051085 10.797424 7.281156 5.264838 -0.155646 8.421522 15.368838 1.852029 36.285507 110.667984 -5.704135 10.034856 9.769493 15.817027 -9.953825 22.400736 -61.003532 -28.066713 -0.869798 37.007259 2.481942 -0.003151 -5.589871 -7.684446 0.000120 -0.002442 -0.004677 -10.059195 19.062712 -1.293667 6.463192 39.395668 -1.969330 3.366106 22.742388 4.684171 -0.000284 -0.002546 0.006285 
69.940216 0.000000 -679.097046 -15.184279 -0.000000 0.000000 -1.818163 12.828440 2.065461 3.350995 3.611198 -0.551273 6.605446 6.610451 -0.984729 6.548885 6.442249 -0.906206 0.734421 -24.866030 -8.901398 -8.740861 5.507132 6.397647 -0.280898 -0.235276 -11.461779 12.572264 32.746056 -41.948421 -96.950661 -3.511799 -6.740368 -4.215202 11.395224 8.467386 5.244475 -0.176550 9.262160 16.493776 6.691683 38.245594 107.113739 -5.352486 9.668213 8.918817 16.584875 -8.308489 25.762188 -57.003082 -30.738052 -0.095613 40.089935 4.120635 0.308060 -5.328742 -6.600536 0.000130 -0.002476 -0.004776 -10.148805 16.598749 -1.086658 4.318408 50.894245 -2.665759 3.341516 20.688053 6.059074 -0.000272 -0.002523 0.006177 
67.000458 0.000000 -671.338196 -15.333350 -0.000000 0.000000 -0.276502 11.537552 2.569399 2.820417 3.821802 -0.754513 5.543290 7.098364 -1.402247 5.474673 6.941928 -1.328288 0.102830 -24.651094 -7.761734 -8.528414 5.411564 6.404148 0.456972 -0.366450 -13.002346 9.739616 27.975159 -44.418819 -95.795708 -3.442903 -6.679957 -4.336129 11.033924 9.121774 5.348092 -0.152324 10.026252 17.682964 9.978808 41.227043 102.237984 -5.164583 9.495873 8.427242 17.509579 -7.725992 26.953392 -52.300652 -31.973957 0.365583 44.057068 6.263160 -0.757495 -5.229066 -1.599196 0.000126 -0.002501 -0.004715 -11.576977 13.585546 -1.396586 -0.033317 60.771152 -6.565140 2.058422 19.618294 5.639583 -0.000274 -0.002496 0.006230 
64.072289 0.000000 -663.569031 -15.566523 -0.000000 0.000000 1.240512 10.213862 3.264579 2.268164 4.027059 -1.011601 4.403823 7.557786 -1.885389 4.317429 7.409225 -1.799093 -0.807341 -24.037037 -5.928523 -7.910037 4.697088 6.004108 0.763423 -0.504511 -14.748188 6.560044 22.493258 -47.212799 -94.831200 -3.305361 -6.372122 -3.696522 10.583534 9.215199 5.528165 -0.117956 10.705581 18.402233 12.615858 43.713665 96.263954 -5.164436 9.608186 7.550769 18.932693 -7.263126 26.185850 -48.436207 -31.893929 1.748488 49.266300 7.883926 -1.642383 -7.375306 5.613911 0.000101 -0.002490 -0.004565 -13.686704 9.533168 -2.711579 -9.241912 70.450378 -15.980094 0.301692 18.566669 4.350775 -0.000293 -0.002459 0.006408 
61.155636 0.000000 -655.780579 -15.890813 -0.000000 0.000000 2.680156 9.434880 4.337995 1.735613 4.162557 -1.371050 3.286629 7.840247 -2.623770 3.194382 7.711322 -2.554617 -1.760965 -23.920176 -3.905991 -7.231731 4.383399 5.633612 0.793729 -0.558813 -17.267500 2.787416 16.694424 -47.996582 -94.043304 -3.174187 -6.003941 -2.295959 11.079769 8.411963 5.484775 -0.185827 11.794289 18.557756 15.036539 45.801552 90.019058 -5.025904 9.568257 6.538082 21.010859 -6.640059 25.030001 -44.570011 -31.595993 3.615888 53.611225 9.776794 -2.573931 -12.160522 9.735261 0.000075 -0.002420 -0.004507 -15.891864 3.457592 -4.457530 -33.349560 78.843231 -40.921329 -0.941632 14.535416 3.394299 -0.000312 -0.002491 0.006457 
58.286263 0.000000 -647.950134 -16.286909 -0.000000 0.000000 4.577914 9.585157 5.623794 1.238355 4.135044 -1.738095 2.261822 7.765629 -3.447351 2.162484 7.677626 -3.421550 -2.831844 -24.739529 -1.861775 -6.786241 4.488159 5.137934 -0.168609 -0.654233 -19.538677 -2.446559 10.300040 -47.556538 -93.551468 -2.892998 -5.520647 -1.050543 12.399937 7.238012 4.677330 -0.317401 13.399662 17.062506 16.964050 47.368279 85.504349 -5.181133 9.311440 5.075316 22.830770 -6.421421 22.984783 -40.638382 -31.000895 5.167017 55.711456 11.462585 -2.782598 -17.719349 9.525537 0.000054 -0.002342 -0.004492 -16.541981 -5.044531 -6.020907 -92.101151 81.636368 -100.178314 -1.149787 9.709791 1.202615 -0.000333 -0.002568 0.006463 
55.452312 0.000000 -640.076172 -16.743399 -0.000000 0.000000 5.581436 10.033877 5.874674 0.875578 4.047179 -1.872621 1.555272 7.582981 -3.769337 1.462074 7.536515 -3.785161 -3.445159 -24.954674 -0.439233 -6.343724 4.386972 4.579862 -1.933851 -0.840341 -20.122301 -8.158084 3.137631 -47.584175 -93.960770 -2.295681 -4.917532 -0.947393 14.060465 6.491114 3.522165 -0.335045 14.693566 14.437151 19.064928 48.467319 81.422813 -4.690775 8.576936 3.821790 23.044868 -6.439281 20.493576 -36.806908 -28.900919 5.828098 56.354599 12.509575 -2.606736 -22.828329 8.031379 0.000042 -0.002303 -0.004299 -15.108328 -14.250357 -5.566112 -125.197937 77.376045 -133.644730 -1.334188 6.079478 -1.388698 -0.000346 -0.002622 0.006362 
52.613510 0.000000 -632.152100 -17.219072 -0.000000 0.000000 5.820931 10.301794 5.560105 0.541491 3.883976 -1.873950 0.895612 7.316076 -3.802559 0.815968 7.297100 -3.850408 -3.380554 -24.634476 0.498435 -5.476093 4.545796 4.187577 -3.696851 -0.989719 -19.445080 -12.379198 -3.581256 -47.441788 -95.968582 -2.358421 -5.002033 -1.841905 16.353226 6.416876 2.616919 -0.257541 15.095110 12.248903 21.838076 48.861469 79.580505 -4.525486 8.406076 2.847850 20.962759 -6.722238 18.089558 -32.772907 -26.030201 6.287694 56.551987 13.376582 -2.114551 -26.836979 6.723167 0.000044 -0.002331 -0.004375 -13.658630 -24.084917 -3.983797 -132.441895 73.129929 -141.484100 -2.035524 3.294459 -3.107530 -0.000349 -0.002601 0.006495 
49.775742 0.000000 -624.134399 -17.714249 -0.000000 0.000000 5.590306 10.451876 4.263585 0.198085 3.627246 -1.589570 0.285522 6.937413 -3.220163 0.248265 6.932829 -3.282395 -2.792629 -23.915878 1.333371 -4.009962 4.611442 3.664570 -5.184134 -0.999344 -17.705435 -15.177356 -9.538651 -47.538044 -98.598450 -2.520372 -5.222348 -2.991971 17.857706 5.988142 1.931653 -0.164465 14.613763 9.345208 25.540886 47.858925 81.316185 -4.839024 9.142703 3.415636 17.647274 -7.668782 15.580057 -27.314236 -21.752592 5.501944 54.763546 12.926003 -1.869470 -29.577999 5.501867 0.000046 -0.002349 -0.004450 -12.449474 -33.291332 -1.541394 -130.485825 71.455795 -140.079605 -3.003253 1.775002 -4.250226 -0.000353 -0.002598 0.006592 
46.950020 0.000000 -616.020447 -18.200884 -0.000000 0.000000 5.455971 10.507752 2.767757 -0.290245 3.326352 -1.177948 -0.637069 6.430342 -2.435959 -0.650216 6.435786 -2.536270 -1.739802 -23.018332 2.082444 -1.739996 4.976926 2.171562 -6.199131 -0.913705 -15.456489 -16.450928 -14.032085 -47.065197 -102.553909 -2.663994 -5.555285 -4.198694 18.612947 6.134734 1.257366 -0.040104 13.480163 7.182155 29.602858 46.199165 84.057495 -5.210294 9.858293 3.831794 15.969912 -8.130474 13.751162 -20.751154 -17.745438 3.844339 51.564125 11.883895 -1.856927 -30.842087 4.093264 0.000049 -0.002294 -0.004537 -12.223229 -42.144405 1.950641 -124.577469 71.878601 -133.990707 -3.823212 0.438874 -5.168348 -0.000354 -0.002636 0.006577 
44.112560 0.000000 -607.815674 -18.677176 -0.000000 0.000000 5.446884 10.632604 1.582134 -0.971456 3.001151 -0.788911 -1.927683 5.820128 -1.715963 -1.890724 5.838852 -1.856467 -0.351532 -22.178947 2.468991 0.645969 5.594077 0.387815 -6.697162 -0.742146 -13.067062 -16.937202 -17.597246 -46.363876 -107.044159 -2.617121 -5.800816 -5.382207 18.716730 6.640273 0.984519 0.057239 11.987935 4.875617 33.966030 43.685974 87.013489 -5.238845 10.249310 4.578642 13.785018 -8.335290 12.213719 -13.904378 -14.342609 1.965652 47.477127 10.734426 -1.882660 -30.102779 2.646866 0.000054 -0.002252 -0.004593 -12.973541 -49.051857 5.980746 -108.156670 73.971558 -117.182678 -4.745835 -0.648585 -5.445463 -0.000352 -0.002669 0.006521 
41.234390 0.000000 -599.549072 -19.142630 -0.000000 0.000000 5.287241 10.737876 0.456581 -1.723768 2.664057 -0.380844 -3.349064 5.159972 -0.977710 -3.290586 5.176603 -1.151877 1.400993 -21.411009 3.097368 3.534456 6.666913 -1.783153 -6.675229 -0.543524 -10.618210 -17.362593 -19.328876 -45.440643 -111.258896 -2.650524 -6.068254 -6.608587 18.053326 7.199119 1.244117 0.134441 10.350486 2.061579 37.918095 40.884575 90.345909 -5.300415 10.545774 5.529002 11.866665 -8.631582 11.424899 -6.183690 -10.674676 -0.163589 41.885452 8.702036 -2.653760 -25.522856 2.244646 0.000057 -0.002236 -0.004645 -14.528797 -54.338249 10.285851 -80.951210 75.016083 -89.707970 -5.221583 -1.502831 -4.841593 -0.000350 -0.002678 0.006536 
38.347237 0.000000 -591.240479 -19.590042 -0.000000 0.000000 4.960677 10.463872 -0.876933 -2.494729 2.359530 0.043418 -4.817650 4.561734 -0.145295 -4.737200 4.572783 -0.325084 3.423131 -20.402924 3.753900 6.516324 8.156192 -4.045386 -6.104964 -0.438883 -8.597655 -18.090143 -19.212521 -44.288387 -114.656769 -2.745954 -6.305365 -7.637911 16.928970 7.747792 1.979258 0.288221 8.775432 -0.632966 41.192467 38.715004 93.129845 -5.425227 10.889734 6.175341 10.156531 -8.662252 11.445350 1.029771 -6.370435 -2.190011 36.466255 6.018789 -3.053232 -16.227594 1.770282 0.000061 -0.002277 -0.004626 -16.130861 -56.305428 14.428970 -46.992420 72.463654 -55.032028 -5.011724 -1.012792 -4.525711 -0.000346 -0.002634 0.006593 
35.491074 0.000000 -582.885010 -19.981188 -0.000000 0.000000 4.358001 9.672333 -2.034477 -3.094980 2.158448 0.471137 -5.908248 4.188899 0.715506 -5.801334 4.187035 0.545517 5.497696 -19.490612 4.611872 9.504772 9.671197 -6.694153 -5.325669 -0.424943 -7.172784 -19.317846 -17.369740 -43.219391 -117.529381 -2.840125 -6.354032 -8.603518 15.706325 7.844977 2.720214 0.450419 7.575665 -3.758553 43.128433 37.044647 95.435562 -5.337951 10.915734 6.355299 9.432030 -8.591482 12.615935 8.247022 -2.374602 -4.300990 30.647385 3.754830 -2.974150 -2.702412 0.991910 0.000072 -0.002326 -0.004500 -17.209318 -56.204311 17.744848 -23.816568 65.222763 -31.022085 -4.020327 -0.927828 -3.477281 -0.000339 -0.002591 0.006651 
32.635288 0.000000 -574.517090 -20.311981 -0.000000 0.000000 3.538460 8.697152 -2.720450 -3.559778 2.018811 0.731918 -6.810884 3.966459 1.241943 -6.687509 3.968960 1.074863 6.527553 -18.422539 5.980800 11.715010 11.185067 -8.679214 -4.430746 -0.400880 -6.602284 -20.328510 -14.418011 -42.246807 -119.702484 -2.879672 -6.315291 -8.555333 15.078911 7.681319 3.472871 0.569771 6.922985 -6.376854 44.055897 35.339176 96.997231 -5.426904 11.021055 6.509573 9.969544 -8.787118 15.442297 15.179041 1.574423 -6.707547 25.005976 1.993349 -3.793636 12.233858 -2.479872 0.000067 -0.002274 -0.004526 -17.103033 -54.674961 19.488428 -10.727572 54.770164 -18.395332 -2.768459 -0.536986 -0.635277 -0.000344 -0.002656 0.006615 
29.770779 0.000000 -566.158325 -20.614323 -0.000000 0.000000 0.837433 12.877428 -2.307535 -3.261824 2.673199 0.622022 -6.228246 5.212834 1.161741 -6.108832 5.141125 1.027948 6.955944 -22.375156 0.545958 6.594633 7.365975 -1.225254 -3.034947 -0.489242 -5.601371 -18.194466 -17.041109 -38.927822 -119.152863 -2.933023 -6.235145 -7.548513 17.228739 7.858614 6.353146 0.755706 7.158659 -7.251350 40.690907 38.156189 94.746185 -5.350855 10.906446 7.968624 11.861649 -12.364907 17.088583 16.213367 6.003458 -6.759592 18.624043 2.871230 -3.552242 20.341307 -5.594804 0.000041 -0.002269 -0.004426 -24.747881 -59.926617 27.162163 -7.257649 51.990948 -14.475892 -1.971037 -2.729560 0.913156 -0.000374 -0.002666 0.006926 
26.518280 0.000000 -558.254944 -21.074888 -0.000000 0.000000 -0.646960 12.456815 -2.253175 -3.342237 2.471839 0.712858 -6.344722 4.868213 1.357281 -6.219070 4.814364 1.233202 8.076808 -22.541992 1.526909 8.887048 8.276586 -3.013709 -2.213870 -0.561823 -5.887245 -19.502260 -13.183545 -37.432972 -120.674271 -3.007659 -6.160129 -7.582817 15.955214 7.709372 7.492108 0.836863 7.444900 -8.368640 40.751179 38.178757 95.703575 -5.605338 11.110973 7.799773 11.582812 -11.607378 18.322874 19.926510 6.642606 -8.959046 17.972326 2.744361 -5.110876 26.115385 -6.738419 0.000045 -0.002273 -0.004445 -21.598883 -59.091427 25.122978 -2.833512 43.427628 -8.744117 -1.058446 -4.100183 2.163717 -0.000368 -0.002652 0.006972 
23.223137 0.000000 -550.283020 -21.462872 -0.000000 0.000000 -1.651484 12.225087 -1.912195 -3.369806 2.391469 0.751689 -6.428692 4.633451 1.420947 -6.325074 4.567665 1.303170 8.920259 -23.119291 2.281232 10.552577 8.728518 -4.541577 -1.841954 -0.619588 -6.615931 -20.693310 -8.756218 -36.410065 -121.417549 -3.086132 -6.081147 -7.834456 13.795277 7.668959 7.984935 0.830716 7.881078 -9.690579 39.671257 38.237648 96.258812 -5.700732 10.921110 7.202573 12.186096 -11.105637 15.450541 21.235249 4.624357 -10.140727 22.853189 2.426993 -5.531845 26.378908 -4.363853 0.000047 -0.002265 -0.004505 -19.738140 -58.285599 23.382420 -1.464035 37.141762 -5.684936 -1.352679 -5.376065 4.329964 -0.000365 -0.002660 0.006940 
19.962362 0.000000 -542.224731 -21.787771 -0.000000 0.000000 -2.333506 11.585753 -1.638036 -3.311478 2.523542 0.747677 -6.368819 4.811296 1.442556 -6.296587 4.740079 1.359755 9.221437 -23.702942 2.778198 11.626037 9.215148 -6.299041 -1.736100 -0.582851 -7.141047 -20.558653 -4.629065 -36.753967 -121.887505 -3.185305 -6.056958 -7.762978 13.539178 7.165862 7.189533 0.608734 8.589013 -10.588712 36.329762 38.046780 96.335960 -5.836484 10.870971 6.634299 13.312494 -10.940925 10.260345 20.773657 1.544802 -9.455973 32.409943 2.169935 -4.801137 21.764862 -0.636683 0.000034 -0.002158 -0.004656 -19.692970 -56.311638 23.293932 -2.021581 32.684872 -5.091907 -2.662686 -5.411937 6.120616 -0.000376 -0.002724 0.006986 
16.687437 0.000000 -534.158020 -22.017557 -0.000000 0.000000 -2.893394 10.688769 -1.372357 -3.068519 2.778935 0.724030 -6.003450 5.255634 1.429895 -6.023634 5.196904 1.366580 8.989259 -24.567974 2.661239 11.623037 9.676703 -6.961962 -1.833966 -0.503507 -7.693339 -20.210762 0.047379 -38.474846 -121.152466 -3.258221 -6.073048 -7.395000 14.479854 6.347026 6.034230 0.315710 9.820904 -10.032089 31.819654 38.857292 96.122581 -5.913702 10.849388 6.411285 13.599889 -10.965781 6.779980 18.666908 -0.858834 -7.065404 43.451836 1.448304 -4.317122 16.802526 0.877250 0.000024 -0.002120 -0.004667 -21.219988 -53.586491 24.635178 -1.826848 32.029861 -5.921744 -2.883843 -4.239069 7.334335 -0.000381 -0.002720 0.007043 
13.428963 0.000000 -526.126282 -22.144501 -0.000000 0.000000 -4.076810 9.362218 -1.428386 -2.663324 3.061044 0.816451 -5.206315 5.843690 1.644064 -5.271637 5.803699 1.601783 9.354083 -24.918083 1.786268 11.349727 9.694085 -7.229604 -2.092995 -0.471321 -8.095072 -19.918888 4.917766 -41.096649 -119.213676 -3.324868 -6.100118 -6.539061 15.215437 4.941382 5.200723 0.107673 11.215133 -7.951405 27.015701 40.727161 95.128120 -5.850788 10.866886 6.257786 13.997771 -11.572571 6.992303 15.771300 -1.409319 -4.884670 55.000088 1.776538 -3.756571 16.759998 -2.231349 0.000015 -0.002132 -0.004532 -23.291840 -49.722755 26.445942 -1.149528 34.750446 -6.897963 -1.821043 -2.006954 5.775087 -0.000386 -0.002665 0.007130 
10.203062 0.000000 -518.134216 -22.168158 -0.000000 0.000000 -5.359518 7.723127 -1.853503 -2.094300 3.314725 1.006640 -4.061672 6.410876 2.042814 -4.131188 6.408681 2.019973 9.952518 -24.575222 0.538602 11.135510 9.167034 -7.868546 -2.483212 -0.392042 -8.270532 -19.924818 8.943465 -44.158867 -116.820137 -3.430098 -6.238427 -5.782471 16.314499 3.968146 4.611478 -0.038989 12.499536 -5.689391 22.462967 43.077267 94.838463 -5.872519 11.030422 6.464556 13.762696 -12.322723 8.951528 12.403130 -0.197112 -2.535797 66.701553 2.397584 -3.083592 17.233841 -4.236080 0.000006 -0.002088 -0.004463 -24.426205 -44.857388 27.295824 -1.298985 38.830696 -8.421973 -0.186409 -1.852238 -0.397678 -0.000389 -0.002685 0.007139 
6.998853 0.000000 -510.157593 -22.099482 -0.000000 0.000000 -6.252649 6.212373 -2.516534 -1.499657 3.596044 1.208634 -2.837472 6.976137 2.439921 -2.914181 6.990588 2.430130 9.513863 -24.288443 -0.071663 10.542180 8.690555 -8.433153 -3.177876 -0.303754 -8.513572 -20.119104 12.290288 -46.345261 -112.749779 -3.269259 -6.150568 -5.049808 18.367466 3.295372 3.883961 -0.245903 14.534471 -3.018633 17.297592 44.121864 94.476791 -5.893726 11.270808 6.494353 12.794949 -12.791436 11.139169 7.794796 1.912063 -0.378739 77.872635 3.717342 -2.707969 14.929879 -3.722715 0.000003 -0.002023 -0.004463 -23.078838 -40.987782 26.343235 -2.985352 43.947571 -10.394697 1.332060 -6.435296 -6.209280 -0.000391 -0.002792 0.006996 
3.824287 0.000000 -502.181335 -21.954796 -0.000000 0.000000 -7.788458 5.226830 -3.680414 -0.970302 3.862078 1.535916 -1.673647 7.501885 3.111143 -1.724362 7.527207 3.126892 9.909635 -24.262445 -1.299349 9.904545 8.234100 -8.599218 -2.944122 -0.243891 -9.386082 -19.054155 15.686825 -47.834442 -107.930588 -3.290292 -6.063916 -3.875085 21.866438 2.769310 4.231155 -0.547971 16.988232 0.992082 11.244792 43.338188 93.836761 -5.998766 11.517305 5.488421 13.253921 -12.522103 13.281621 1.319210 4.295106 32.515976 87.440964 36.553978 -1.927736 9.769619 -1.846365 0.000002 -0.001932 -0.004741 -21.453581 -36.893906 25.459080 -4.620057 48.447556 -12.328387 2.449587 -13.093755 -6.948300 -0.000392 -0.002883 0.006903 
0.664788 0.000000 -494.197662 -21.742237 -0.000000 0.000000 -9.046899 5.317274 -4.593341 -0.449680 3.918110 1.861310 -0.574970 7.577819 3.808101 -0.587536 7.596204 3.863830 10.237218 -24.514130 -2.777189 8.976329 7.967097 -8.514935 -2.088494 -0.201691 -10.551393 -17.987057 19.213947 -48.711514 -102.686913 -3.015705 -5.546577 -2.532486 25.021797 1.741133 5.165608 -0.910900 19.139578 5.514157 5.702527 42.207294 93.811157 -6.001110 11.642607 4.979860 13.937289 -11.819548 14.019070 -7.635307 5.456863 152.827789 83.411934 157.592636 -1.382978 4.842966 -0.170239 0.000006 -0.001869 -0.004828 -19.376871 -32.947163 24.104898 -5.828934 49.980179 -13.697376 2.133824 -18.488785 -5.230335 -0.000382 -0.002920 0.006711 
-2.586537 0.000000 -486.219940 -21.496508 -0.000000 0.000000 -9.755366 6.011621 -5.021829 -0.069963 3.767868 2.045777 0.168864 7.311667 4.193887 0.166209 7.346758 4.260846 10.809853 -24.321445 -4.229253 8.247467 7.828630 -7.964451 -0.904319 -0.214247 -11.562653 -16.249670 22.761198 -49.123314 -98.245407 -2.952609 -5.252982 -1.057996 26.175278 1.233255 6.697394 -1.142375 19.691227 10.011795 0.999245 42.043343 94.675262 -5.752180 11.211555 5.405197 13.862926 -11.323446 13.153594 -18.179184 4.935280 154.206955 76.992226 159.523331 0.242023 0.809680 0.488544 0.000023 -0.001916 -0.004868 -17.786106 -28.977329 22.919264 -6.585557 50.266670 -14.748571 1.700100 -22.355221 -4.134559 -0.000365 -0.002885 0.006544 
-5.891289 0.000000 -478.230774 -21.182564 -0.000000 0.000000 -10.026283 6.777321 -4.846087 0.275633 3.537244 1.979251 0.824590 6.920719 4.070513 0.829822 6.991491 4.149482 10.982446 -23.520487 -5.277641 7.255486 7.327104 -6.944154 0.213272 -0.138477 -11.800172 -14.130712 26.684898 -48.539158 -95.925140 -2.987697 -5.239966 -0.278930 24.537176 0.453342 8.489401 -1.210648 18.629105 13.292036 -3.955523 42.608639 96.725471 -5.582273 10.859454 6.065435 15.006042 -10.475271 11.685882 -28.972980 3.270623 150.609741 73.154503 156.683578 1.637271 -1.685219 1.417331 0.000042 -0.002001 -0.004783 -15.841216 -24.560320 20.545984 -6.681387 49.420860 -14.810431 0.929255 -25.776432 -2.202291 -0.000352 -0.002845 0.006424 
-9.212520 0.000000 -470.193207 -20.803226 -0.000000 0.000000 -9.578813 7.194925 -4.208255 0.758183 3.259168 1.845104 1.651259 6.390707 3.818752 1.595996 6.465734 3.912814 10.206618 -22.712826 -5.429922 6.260787 7.316445 -6.326015 0.493485 -0.111525 -11.164198 -11.509179 31.396841 -46.955914 -96.050926 -3.184634 -5.755626 -0.168053 21.362202 0.355070 9.165627 -1.014933 16.760616 15.651053 -8.284850 43.342396 99.984070 -5.475292 10.534832 7.118764 15.242142 -10.418304 9.988931 -39.081047 1.443095 143.678558 72.588646 150.333282 2.591177 -2.846400 2.805760 0.000059 -0.002106 -0.004705 -14.362410 -18.886860 17.160614 -6.071486 47.537659 -14.474095 -0.271171 -27.683287 -0.182055 -0.000342 -0.002792 0.006330 
-12.528713 0.000000 -462.086823 -20.367088 -0.000000 0.000000 -8.735736 7.574817 -3.639457 1.312993 2.935328 1.640548 2.658124 5.777198 3.462785 2.550404 5.849974 3.583551 8.097757 -21.642889 -5.135274 4.158572 7.418478 -5.055970 0.200802 -0.036028 -9.905859 -8.399291 36.302299 -44.450275 -97.416603 -3.328434 -6.301435 -0.400831 17.287399 1.463357 9.222258 -0.738595 14.773499 17.036413 -10.923364 43.859188 103.528046 -5.564031 10.563500 8.779145 15.412217 -11.655314 9.115610 -47.531479 -1.092633 128.982910 74.628281 135.441467 3.796583 -3.154955 3.054825 0.000064 -0.002135 -0.004748 -14.127453 -12.231604 14.258215 -4.596761 44.541138 -13.417152 -0.830271 -26.425890 1.289273 -0.000342 -0.002806 0.006256 
-15.857060 0.000000 -453.899475 -19.883669 -0.000000 0.000000 -8.218465 7.609880 -3.201757 1.914460 2.638081 1.380202 3.827910 5.223220 2.996826 3.714575 5.329688 3.150465 5.846144 -20.336515 -5.098270 1.444729 7.784518 -3.334127 -0.070552 0.082265 -8.391384 -4.471294 40.550781 -41.681160 -99.395355 -3.349579 -6.588242 -1.047365 14.094148 2.599553 9.101180 -0.492578 12.959272 17.923683 -11.972086 43.973167 107.056442 -5.802893 10.798132 10.270561 15.563537 -12.669308 9.634018 -53.872944 -4.131197 104.152077 76.701256 109.908432 5.420472 -3.588105 2.583181 0.000059 -0.002115 -0.004772 -13.815191 -4.337193 11.283722 -1.948798 39.234612 -11.723945 -0.518676 -20.270086 1.804799 -0.000348 -0.002830 0.006174 
-19.219965 0.000000 -445.662018 -19.338020 -0.000000 0.000000 -7.388703 7.229980 -2.822019 2.582866 2.393682 1.100353 5.104327 4.737454 2.486835 4.984155 4.852253 2.655818 3.501928 -19.119762 -5.467344 -1.748680 8.549167 -0.792116 -0.534763 0.133179 -6.713059 -0.050406 43.996582 -38.609379 -101.830017 -3.288272 -6.763801 -1.886113 11.716731 3.423492 8.530853 -0.247018 11.352900 17.686182 -11.937348 44.392277 110.429428 -6.175475 11.088464 11.634036 15.288383 -13.576171 11.794928 -57.356449 -7.922029 65.921196 76.378395 71.337463 5.883674 -3.204727 2.810808 0.000055 -0.002141 -0.004650 -13.980783 3.824306 8.753263 -0.221280 33.649666 -10.371875 -0.289989 -11.011800 1.806462 -0.000350 -0.002763 0.006277 
-22.598410 0.000000 -437.384979 -18.761913 -0.000000 0.000000 -6.698442 6.714829 -2.491076 3.233305 2.133071 0.799056 6.349518 4.217111 1.909117 6.232892 4.323490 2.090088 1.849965 -17.659353 -7.047391 -5.283516 9.577592 2.717340 -0.652604 0.232163 -5.250699 4.870396 46.608303 -34.941681 -104.398216 -3.247879 -6.809789 -2.358334 9.557224 3.667238 7.776906 -0.176952 10.133455 16.842302 -10.497561 44.658989 113.478989 -6.519267 11.253839 12.794352 15.098065 -14.125716 13.920998 -58.480171 -11.070223 32.643360 70.912010 37.731281 5.044371 -2.968540 2.403289 0.000037 -0.002089 -0.004597 -14.627862 11.370304 6.087389 0.564861 28.588837 -8.537866 -0.063833 -0.610621 1.748074 -0.000359 -0.002736 0.006370 
-26.013910 0.000000 -429.084686 -18.196638 -0.000000 0.000000 -6.157849 6.133135 -2.240514 3.720940 1.842335 0.581244 7.318222 3.647650 1.516693 7.196534 3.756342 1.721742 1.242891 -16.712315 -9.995244 -8.734155 11.238814 6.486057 -0.376721 0.271563 -4.431326 9.689803 48.196831 -31.759777 -106.481285 -3.135684 -6.746193 -2.932207 8.034101 4.067832 7.068552 -0.131677 9.202258 15.993739 -7.844001 44.529243 116.299889 -6.814603 11.261508 13.452240 14.889164 -14.484142 14.924963 -57.412533 -12.533048 13.532742 61.371918 18.430490 2.619309 -3.361831 1.001657 0.000024 -0.002053 -0.004543 -16.513109 18.148502 2.523321 2.612852 23.991959 -5.960142 0.696510 13.189353 2.067778 -0.000366 -0.002749 0.006357 
-29.426172 0.000000 -420.737732 -17.664015 -0.000000 0.000000 -5.622829 5.580746 -1.960857 4.186751 1.580249 0.418929 8.231517 3.137174 1.224331 8.110844 3.253128 1.455924 1.049044 -15.385875 -13.128501 -11.602055 12.780886 10.128070 0.033953 0.229259 -4.262960 13.969448 49.120457 -28.872353 -107.519951 -2.935874 -6.475453 -3.224289 7.074881 4.180032 6.636661 -0.110581 8.862998 15.447464 -4.647345 43.886417 118.054634 -7.174743 11.374694 13.400597 14.648600 -14.441792 14.505231 -55.320229 -12.897684 4.090199 48.834740 8.625634 0.779129 -3.450432 -2.273881 0.000010 -0.002070 -0.004411 -19.802279 22.778233 -1.552346 5.241691 22.167421 -4.414363 2.274825 23.257753 5.697129 -0.000374 -0.002705 0.006523 
-32.833500 0.000000 -412.364044 -17.147116 -0.000000 0.000000 -5.860591 5.378718 -1.705251 4.575060 1.300899 0.322468 9.066072 2.548030 1.010092 8.994037 2.662133 1.263356 1.698281 -13.928150 -16.227156 -13.338761 14.129736 13.022730 0.990462 0.100130 -4.768403 17.932243 49.375340 -26.735315 -108.590622 -2.673310 -6.074468 -3.448721 5.564224 4.102520 6.567450 -0.075870 8.856243 14.711456 -0.952856 42.971889 118.568825 -7.664818 11.788111 13.179508 13.972525 -13.847362 14.063364 -53.080975 -13.137448 -0.469192 36.591808 3.972941 -0.743479 -5.306319 -4.829374 -0.000006 -0.002149 -0.004141 -21.908758 26.092983 -4.537865 6.841709 21.515739 -4.320272 3.684700 26.290106 8.546905 -0.000392 -0.002646 0.006816 
-36.261757 0.000000 -403.993073 -16.643913 -0.000000 0.000000 -4.291553 3.792494 2.045158 4.174074 1.301808 -0.016259 8.149933 2.669393 0.157971 8.091484 2.751232 0.367286 0.774591 -13.552191 -16.380341 -14.508328 14.407793 13.470635 2.166211 -0.024805 -8.002009 8.655167 42.290359 -36.898285 -113.329041 -2.215345 -5.322330 -1.009200 10.360694 -0.098476 5.202011 -0.196113 10.822612 12.648073 8.073118 46.866886 112.671349 -7.800229 12.629960 11.268315 14.339425 -12.355479 11.701875 -48.510223 -13.626888 -4.435452 29.897923 0.008350 -3.252782 -0.421793 -7.630879 -0.000066 -0.001924 -0.003995 -22.102346 24.843307 -3.355747 6.755865 22.489279 -4.038131 3.980876 25.719774 6.048912 -0.000455 -0.002904 0.006870 
-39.672020 0.000000 -396.268524 -16.204279 -0.000000 0.000000 -4.081682 3.495890 1.924930 4.236754 1.165537 -0.099572 8.269005 2.414696 -0.012913 8.208240 2.503036 0.219021 0.190240 -12.651706 -16.983116 -15.470860 14.772860 14.549856 2.748503 -0.012344 -8.246541 10.969997 42.097134 -37.234768 -113.771454 -2.037968 -5.010564 -0.656935 10.586996 -0.999462 5.379959 -0.226332 10.814991 13.703369 10.932034 46.133263 111.806221 -8.036582 12.971900 11.269171 13.928735 -11.971743 8.565553 -46.600826 -12.547714 -4.376884 21.503649 -0.483844 -2.458019 -0.515036 -8.950738 -0.000077 -0.001901 -0.003959 -21.366552 25.945272 -3.357198 7.283588 27.480631 -4.250877 3.837913 25.304777 4.291061 -0.000471 -0.002950 0.006965 
-43.068848 0.000000 -388.557068 -15.834302 -0.000000 0.000000 -3.824344 2.778617 1.679381 4.142073 1.194699 -0.128588 8.115136 2.446341 -0.053859 8.067875 2.528046 0.190162 -0.213621 -12.308563 -16.697287 -15.579413 15.063663 14.646392 3.606830 -0.026800 -8.666136 12.988056 40.703770 -37.776043 -113.960480 -2.065436 -4.879968 0.016065 11.620464 -1.669903 5.468527 -0.269406 10.909630 14.535861 13.629151 46.299816 110.302162 -8.047298 13.047022 11.486398 13.174638 -11.815888 7.429708 -45.459286 -12.715384 -3.542169 18.427227 -0.486808 -1.686649 -1.809968 -9.676884 -0.000086 -0.001848 -0.004048 -18.860687 25.730303 -2.240865 5.848305 36.115765 -5.527827 2.599430 21.727100 1.515596 -0.000488 -0.003046 0.006977 
-46.472424 0.000000 -380.852661 -15.570556 -0.000000 0.000000 -3.295068 1.446480 1.388461 3.986076 1.426247 0.010764 7.790759 2.889120 0.211240 7.735461 2.976033 0.427689 -0.555693 -12.318500 -16.186264 -15.423439 15.418627 14.434278 4.345283 -0.046230 -8.925476 13.615114 38.724396 -39.399403 -113.530266 -2.047554 -4.783459 0.146341 13.118217 -1.206672 5.401129 -0.303447 11.109483 14.309341 14.978141 46.668262 108.371002 -7.976856 13.013451 11.295922 13.605278 -11.298162 8.067282 -43.737995 -13.798078 -3.779675 18.891132 -0.370426 -1.316084 -1.021592 -10.768783 -0.000075 -0.001887 -0.004101 -16.043430 25.112003 -1.196615 2.214515 45.338837 -8.006496 0.793590 19.018572 0.675801 -0.000483 -0.003050 0.007067 
-49.892384 0.000000 -373.202271 -15.437553 -0.000000 0.000000 -2.318184 -0.103331 1.624412 3.702734 1.722410 0.077468 7.202713 3.474129 0.312790 7.129777 3.559825 0.494333 -1.024646 -12.444977 -15.259155 -15.058243 15.676765 14.080930 5.120630 -0.081905 -9.378649 12.597777 36.619099 -42.283806 -112.114021 -1.994541 -4.708460 -0.396375 14.343596 0.255829 5.248833 -0.343014 11.556095 13.348307 15.405286 47.617855 105.351044 -7.593701 12.743654 10.983675 14.932393 -11.301808 10.763371 -41.517334 -16.174866 -4.568025 22.314610 0.212664 -2.325283 1.902258 -9.675060 -0.000059 -0.001978 -0.004037 -14.955206 23.227331 -1.108552 -3.170293 54.970955 -12.165919 -0.491618 17.313272 1.751775 -0.000474 -0.003022 0.007113 
-53.359074 0.000000 -365.586792 -15.457376 -0.000000 0.000000 -0.919293 -1.458445 2.594541 3.230942 1.989129 -0.124646 6.239795 4.043734 -0.144468 6.144157 4.148580 0.007684 -1.229915 -12.477487 -13.851001 -14.064809 15.456200 13.204821 5.708287 -0.116869 -10.221473 10.460203 32.810432 -45.077171 -110.368919 -1.966822 -4.724563 -0.415022 15.162363 1.444841 5.192738 -0.372961 12.003348 12.836999 15.597615 49.196167 100.970924 -7.245606 12.560238 10.868282 16.170862 -11.602047 13.616477 -39.453831 -19.250229 -4.486695 29.028969 1.010444 -3.557559 5.155378 -3.094361 -0.000063 -0.001975 -0.003968 -15.535396 20.300774 -2.295265 -10.854551 63.281208 -18.999041 -2.045399 17.241323 2.127856 -0.000475 -0.003015 0.007126 
-56.845345 0.000000 -358.029541 -15.597730 -0.000000 0.000000 0.336334 -2.918889 3.928248 2.687998 2.285440 -0.515926 5.102020 4.658457 -0.960176 4.981118 4.768477 -0.844170 -1.190333 -12.209388 -12.327135 -12.904039 14.791875 12.346269 5.988659 -0.145292 -11.635452 8.413338 27.643993 -46.528275 -107.286057 -1.873964 -4.583837 0.401107 16.302557 2.099189 5.096130 -0.364021 12.621044 13.173675 15.491174 50.768658 94.472321 -6.565398 12.044651 9.893072 18.114832 -11.428203 15.000083 -37.834320 -21.881361 -3.875920 38.335072 2.059597 -3.781384 3.631197 4.145689 -0.000071 -0.001979 -0.003813 -17.009438 16.595734 -4.736215 -24.915024 70.784470 -32.731197 -3.477242 14.866966 1.646117 -0.000479 -0.002977 0.007151 
-60.303776 0.000000 -350.507874 -15.835345 -0.000000 0.000000 1.381016 -3.868149 5.421433 2.245766 2.517458 -0.971457 4.128119 5.149370 -1.890988 3.963432 5.272051 -1.783927 -1.818664 -12.526825 -10.398267 -12.099627 14.188188 11.669739 5.776049 -0.095702 -13.948270 5.882038 22.393999 -46.125824 -103.829544 -1.703361 -4.161885 2.049694 18.384779 1.805990 4.639043 -0.382529 13.782084 13.078837 14.522916 51.766624 87.310928 -5.883214 11.336875 8.101373 21.302353 -11.680202 14.627662 -36.393013 -23.340256 -2.457398 47.208309 3.611077 -3.377811 -1.643596 7.897093 -0.000081 -0.001964 -0.003694 -18.779325 11.077827 -7.548408 -50.686268 75.623604 -59.707603 -4.195562 10.901002 0.277725 -0.000478 -0.002920 0.007175 
-63.759102 0.000000 -343.024048 -16.151464 -0.000000 0.000000 1.778133 -3.788650 7.081725 1.957698 2.609452 -1.491126 3.621426 5.347134 -2.950866 3.513418 5.470768 -2.848011 -2.520272 -13.317517 -8.588669 -11.394833 14.014489 10.823058 5.122815 0.011155 -17.308081 2.194037 16.971241 -44.626995 -100.311943 -1.659696 -3.768732 4.333776 21.543007 0.408200 3.419471 -0.463236 15.813909 12.560131 12.917187 52.788403 80.465126 -4.818079 9.434376 5.742911 23.780567 -12.320323 14.328180 -34.185005 -24.176262 -1.053871 52.631531 4.970189 -3.443096 -8.956207 8.112126 -0.000081 -0.001949 -0.003668 -18.546041 3.370396 -10.094459 -82.005669 76.595955 -91.714775 -4.335198 7.159816 -2.162547 -0.000472 -0.002910 0.007058 
-67.244545 0.000000 -335.577850 -16.536266 -0.000000 0.000000 1.733270 -3.451175 8.007449 1.792409 2.511893 -1.750888 3.425611 5.247601 -3.488423 3.419667 5.394115 -3.391608 -3.297960 -13.424301 -6.516177 -10.197756 14.106036 9.007215 3.610112 -0.057325 -19.513784 -2.165162 11.584559 -44.616730 -97.917793 -1.646000 -3.631765 5.186198 24.288864 -1.181159 2.077869 -0.431932 17.410040 12.728687 11.644725 53.779953 72.727135 -3.415200 5.983415 4.041657 23.092285 -12.334935 13.313381 -30.389894 -23.800976 0.650205 54.707897 7.106773 -3.379018 -15.864509 7.273205 -0.000060 -0.001998 -0.003685 -16.854959 -5.604306 -10.634583 -104.440025 74.379837 -114.533524 -4.315379 3.393175 -4.371775 -0.000457 -0.002925 0.006791 
-70.745117 0.000000 -328.175812 -16.984478 -0.000000 0.000000 0.249788 -3.201938 8.571086 1.789276 2.313782 -1.937341 3.610147 4.991607 -3.865697 3.716332 5.171175 -3.777934 -3.201833 -12.194942 -5.250771 -8.768667 14.084879 7.777479 2.161564 -0.215472 -19.813688 -6.363039 6.836295 -46.096546 -96.258865 -1.765602 -3.727872 4.958804 26.636580 -2.729950 1.524506 -0.327223 17.741585 12.757133 12.065024 54.903061 67.149254 -2.857449 3.119560 2.777983 20.761162 -12.110402 12.820745 -25.127195 -22.167551 1.577210 54.449062 8.319468 -2.691972 -20.939075 6.173779 -0.000046 -0.002005 -0.003664 -13.213964 -14.415547 -10.219709 -110.774681 72.295135 -121.218628 -4.366943 1.298116 -6.009422 -0.000447 -0.002959 0.006551 
-74.226463 0.000000 -320.833099 -17.492258 -0.000000 0.000000 -1.851786 -3.076710 8.396979 1.655471 2.120983 -1.966325 3.538082 4.698058 -3.908687 3.724648 4.900142 -3.818115 -1.766664 -10.785717 -5.702724 -7.547067 14.298667 7.440293 1.532255 -0.301131 -19.480568 -9.638424 3.022413 -48.773083 -96.514648 -1.670873 -3.619084 4.088638 27.555744 -3.321400 1.568951 -0.210644 17.050062 12.079096 14.855261 55.140285 65.297623 -2.676997 2.055711 2.831915 17.293308 -12.343613 12.731770 -19.186325 -19.920622 2.247044 53.427658 9.028654 -1.647898 -24.461077 5.260133 -0.000041 -0.002036 -0.003580 -8.995204 -22.607752 -9.285018 -109.376854 71.352982 -120.333748 -4.754311 -0.782032 -5.639578 -0.000449 -0.002952 0.006553 
-77.671135 0.000000 -313.468231 -18.035713 -0.000000 0.000000 -3.410992 -3.120429 7.536472 1.296243 1.937109 -1.837115 2.967250 4.416126 -3.655175 3.231802 4.643044 -3.582942 0.347750 -9.831295 -6.359197 -5.874571 14.507609 6.796031 1.668011 -0.220876 -18.940216 -11.886387 0.592143 -51.233875 -98.956810 -1.686642 -3.795082 2.790776 26.472147 -2.951133 1.745962 -0.144020 16.171318 11.649710 19.487597 54.773563 65.983742 -2.601645 2.411805 3.912398 14.029298 -13.001654 12.368135 -12.898624 -17.657288 3.713030 52.298904 10.412247 -0.746771 -27.404884 4.548743 -0.000044 -0.002033 -0.003598 -7.156201 -29.516405 -7.557652 -99.489655 71.958107 -110.825882 -5.285779 -1.542561 -4.460029 -0.000460 -0.002980 0.006672 
-81.124481 0.000000 -306.012451 -18.579975 -0.000000 0.000000 -4.210196 -3.468556 6.542060 0.665622 1.735159 -1.580431 1.802644 4.040798 -3.166223 2.117388 4.293081 -3.131887 2.572178 -8.899755 -6.422912 -3.639753 14.783837 5.095055 2.031497 -0.105943 -17.939285 -13.234899 -0.637853 -53.328957 -102.794556 -1.666833 -3.995141 1.452056 25.200434 -1.558495 1.909153 -0.107297 15.053185 11.180573 24.012556 53.222919 68.135239 -2.584622 3.707866 5.129021 12.543537 -13.098034 11.964038 -6.539483 -15.246173 4.857074 50.891197 11.674933 0.417180 -28.001209 3.571046 -0.000057 -0.001984 -0.003686 -7.186527 -35.655674 -4.610482 -79.931213 72.068542 -91.604378 -6.033523 -1.807082 -3.823108 -0.000478 -0.003027 0.006803 
-84.598404 0.000000 -298.483612 -19.134283 -0.000000 0.000000 -4.283717 -3.973296 5.636183 -0.184470 1.536237 -1.327738 0.091520 3.635210 -2.711483 0.404505 3.890775 -2.720589 4.729383 -8.194231 -5.612426 -0.760942 15.238916 2.720834 2.027511 -0.118857 -16.321264 -13.650681 -0.732518 -55.266705 -107.099892 -1.713796 -4.239117 0.437810 23.680933 0.075604 1.892333 -0.052485 13.707191 10.629481 27.764624 51.417782 71.813683 -3.023142 5.812683 5.642331 12.682687 -12.818620 11.595777 0.387323 -12.210107 4.486792 48.057526 11.074663 0.707819 -24.644602 3.611394 -0.000077 -0.001923 -0.003844 -9.303862 -39.032631 -0.804504 -54.137012 69.330910 -65.858688 -6.582614 -2.526697 -2.931159 -0.000496 -0.003053 0.007069 
-88.097168 0.000000 -290.964447 -19.695335 -0.000000 0.000000 -3.757160 -4.548051 4.572401 -1.097426 1.364180 -1.015494 -1.750227 3.271758 -2.126042 -1.467448 3.547426 -2.184130 6.702592 -7.500009 -4.865911 1.976640 15.647879 0.489098 1.848593 -0.135471 -14.759968 -14.698733 -0.271173 -56.518650 -110.962303 -1.818364 -4.546975 -1.086014 21.942142 1.797732 1.830167 0.037784 12.371273 8.813098 31.795000 49.347542 76.663101 -3.641104 7.965228 6.122859 13.253193 -12.249049 11.996187 6.687638 -8.746997 2.757331 45.077579 8.859820 -0.146427 -17.912796 4.661369 -0.000084 -0.001919 -0.003877 -11.869279 -40.253513 3.384482 -33.891068 63.858017 -44.516521 -6.423878 -3.450766 -2.035195 -0.000506 -0.003070 0.007185 
-91.625626 0.000000 -283.454926 -20.266792 -0.000000 0.000000 -3.543947 -4.995836 3.258099 -1.878605 1.190367 -0.675703 -3.309171 2.892520 -1.460290 -3.059202 3.162686 -1.554383 8.502512 -6.613301 -4.032732 4.623889 16.218182 -1.426535 1.697362 -0.224257 -12.983896 -16.149593 1.115335 -57.109943 -114.033676 -1.846884 -4.737524 -2.941629 20.232651 2.788204 1.791964 0.160289 11.112894 5.878935 35.415642 47.070080 80.960159 -4.009985 9.283955 6.580709 13.150598 -12.015509 13.580710 11.826983 -4.764357 0.376217 42.739544 5.989283 -0.541209 -7.368729 5.438055 -0.000070 -0.001997 -0.003799 -14.451088 -39.684570 8.320408 -19.063725 54.686596 -29.150911 -5.009565 -3.443080 -3.111871 -0.000498 -0.003035 0.007222 
-95.151344 0.000000 -275.928650 -20.834724 -0.000000 0.000000 -3.065460 -5.231393 2.126301 -2.503286 0.982990 -0.385913 -4.655258 2.468379 -0.905163 -4.457917 2.739625 -1.021807 9.590560 -6.140475 -2.947757 6.628094 16.736748 -2.713103 1.555393 -0.344929 -11.352611 -17.731840 3.426924 -56.390553 -116.908760 -1.836851 -4.749126 -3.945976 19.652006 2.509036 1.589320 0.294044 10.064830 2.321190 38.450512 44.645176 84.744400 -4.461716 10.284271 6.984254 12.940414 -12.269873 16.256310 16.160587 -0.086310 -3.362430 40.454556 3.435299 -1.269151 5.144698 5.291954 -0.000064 -0.002093 -0.003722 -15.982319 -37.870136 11.554723 -8.775257 43.003460 -18.873207 -3.498818 -1.445934 -2.503265 -0.000488 -0.002917 0.007375 
-98.657440 0.000000 -268.442169 -21.417101 -0.000000 0.000000 -2.654151 -5.394947 1.427644 -2.965328 0.786820 -0.219119 -5.633559 2.122213 -0.592761 -5.468335 2.432337 -0.705136 10.583855 -5.856551 -2.089872 8.318807 17.563326 -3.678842 1.864200 -0.457896 -10.432996 -19.343855 6.074091 -54.764801 -120.193222 -1.936745 -4.807190 -3.926357 19.495092 1.277645 1.597530 0.451383 9.225628 -1.892068 40.239250 42.264286 87.223007 -4.667481 10.750408 7.044532 12.000131 -12.344831 19.714998 18.500608 4.274954 -7.044227 39.918255 1.656154 -2.821154 15.274962 4.166490 -0.000051 -0.002219 -0.003684 -15.899706 -36.596397 12.378110 -3.228594 32.170856 -11.652301 -1.753394 0.590120 -0.405405 -0.000468 -0.002763 0.007660 
-102.151169 0.000000 -261.016327 -22.029192 -0.000000 0.000000 -2.599606 -5.570670 1.131874 -3.209527 0.642872 -0.135775 -6.126678 1.814779 -0.468388 -5.972510 2.129722 -0.588104 10.739677 -5.382475 -0.757755 9.448885 17.526085 -4.629529 2.027106 -0.494098 -9.829762 -20.105572 8.319133 -53.282669 -122.687866 -2.063419 -4.813543 -4.042327 18.217979 0.417678 1.760860 0.522447 8.572584 -4.931066 40.984184 41.120071 88.427650 -4.556530 10.832645 7.113602 11.874215 -12.214493 21.419615 19.754818 6.319372 -8.627414 41.477116 1.993642 -3.878598 20.791159 1.625995 -0.000035 -0.002275 -0.003712 -13.795555 -35.199093 11.318719 0.511320 21.872065 -6.251421 -0.713501 1.863394 3.452787 -0.000448 -0.002682 0.007728 
-105.655373 0.000000 -253.666275 -22.624582 -0.000000 0.000000 -0.135503 -4.626119 1.574782 -3.562264 0.614270 -0.423099 -6.919474 1.580757 -1.100657 -6.744967 1.821837 -1.243575 8.574803 -6.792527 2.358020 9.807356 17.144022 -5.243379 -0.333577 -0.470392 -9.169511 -21.269020 5.108078 -46.604805 -121.782433 -2.620857 -5.633967 -6.004275 13.977358 3.144706 1.801306 0.560732 7.694955 -9.002380 41.297363 36.981983 95.144478 -5.365337 10.955677 6.518357 10.741694 -9.631036 19.533503 21.949886 4.704450 -9.514477 40.767963 2.207030 -4.734498 18.279613 -0.333214 0.000057 -0.002409 -0.004028 -12.455665 -38.164600 12.376562 1.552748 15.772830 -3.715023 -0.548052 -0.030232 5.677393 -0.000351 -0.002534 0.007006 
-109.003639 0.000000 -246.039886 -23.152164 -0.000000 0.000000 -0.194890 -5.163237 1.876747 -3.463714 0.645588 -0.615515 -6.759958 1.597680 -1.445268 -6.583015 1.842209 -1.555311 8.173179 -5.851569 3.099697 10.019593 16.488676 -5.369340 -0.555400 -0.441104 -8.622726 -20.718864 6.190506 -45.218155 -122.639114 -2.833250 -5.791956 -6.906866 13.511479 3.603340 1.261605 0.526244 7.455779 -11.028882 41.679771 37.581501 95.512878 -5.358540 10.717260 5.816278 11.124983 -9.082093 17.081387 21.489878 3.180970 -6.124551 48.149658 4.623518 -2.530274 15.876044 1.618310 0.000075 -0.002427 -0.004151 -10.344172 -37.666428 11.735543 2.428233 12.403541 -3.201905 -0.605769 0.143802 7.180997 -0.000334 -0.002503 0.006867 
-112.351181 0.000000 -238.464386 -23.605488 -0.000000 0.000000 -0.406604 -6.123516 2.360969 -3.230196 0.846077 -0.796029 -6.354619 1.917396 -1.747914 -6.219828 2.137055 -1.822196 8.034945 -5.593361 2.950029 9.859899 16.480642 -5.531680 -0.691708 -0.440166 -8.329148 -19.358036 6.242303 -45.083214 -122.371002 -2.944470 -5.849099 -7.499640 13.542364 4.415882 0.333704 0.440989 7.451458 -12.365163 40.553165 38.171219 96.201134 -5.392042 10.585332 5.595198 11.228089 -8.610476 14.296014 20.824764 1.269382 -1.271881 55.466187 7.903531 -0.728503 12.151816 3.998859 0.000084 -0.002417 -0.004231 -9.833674 -36.243469 11.652480 2.919962 11.565191 -3.680806 -0.481995 0.514958 8.364823 -0.000325 -0.002500 0.006716 
-115.674576 0.000000 -230.952576 -23.969528 -0.000000 0.000000 -1.655520 -7.430939 2.049365 -2.803279 1.163397 -0.831526 -5.500395 2.550806 -1.756621 -5.384483 2.741708 -1.791877 8.021628 -5.663034 2.589354 9.574656 16.235388 -5.458902 -0.702608 -0.439320 -8.442850 -17.803640 6.414449 -45.613808 -120.841080 -3.125547 -6.066811 -7.428240 14.945039 4.796604 -0.537985 0.341894 7.939445 -12.059718 37.796478 39.886894 96.307991 -5.467382 10.562606 5.491397 12.063052 -8.770442 13.010004 18.467079 0.611067 6.224698 63.725117 12.877911 1.045031 10.653818 4.078524 0.000089 -0.002426 -0.004318 -11.985023 -33.915752 14.205532 3.839125 13.317381 -4.414081 0.346151 4.476838 7.787907 -0.000316 -0.002472 0.006648 
-118.977676 0.000000 -223.484131 -24.251743 -0.000000 0.000000 -2.790893 -8.889597 1.092401 -2.344498 1.529222 -0.717155 -4.559663 3.320508 -1.467094 -4.447050 3.487658 -1.488663 8.185269 -6.139270 2.057554 9.364434 15.551645 -5.324904 -0.525812 -0.431603 -8.922883 -16.493504 6.759695 -46.185940 -118.544716 -3.181583 -6.218987 -6.791449 16.623260 4.339232 -1.180290 0.209402 9.014576 -10.866554 34.253792 42.652142 95.578461 -5.440697 10.566129 5.537345 12.611336 -9.813376 12.727697 14.951594 1.591972 15.436852 71.819534 19.965485 1.992111 9.459500 3.131021 0.000078 -0.002366 -0.004350 -15.786670 -31.954311 17.662453 4.893917 19.233873 -4.597208 1.937920 10.219215 5.031671 -0.000316 -0.002476 0.006558 
-122.260880 0.000000 -216.112701 -24.427422 -0.000000 0.000000 -3.468176 -10.339600 -0.404849 -1.848198 1.978972 -0.366318 -3.532556 4.221494 -0.731337 -3.423197 4.374478 -0.744802 8.095586 -6.968181 1.484375 8.994792 14.916785 -5.338261 -0.599613 -0.409992 -9.510511 -14.945460 6.260357 -47.294956 -115.209686 -3.063797 -6.303963 -6.188158 18.789547 3.926726 -1.814957 0.073336 10.688987 -9.778564 29.131504 43.751740 94.341278 -5.516212 10.720956 4.913009 13.079543 -9.873337 13.025742 10.526942 3.796541 30.636549 79.026779 34.498653 1.722739 6.962754 3.070823 0.000063 -0.002243 -0.004471 -18.078358 -30.603806 20.611698 4.009517 27.756098 -6.319805 1.552022 12.512602 -1.133818 -0.000322 -0.002567 0.006422 
-125.535034 0.000000 -208.847672 -24.452227 -0.000000 0.000000 -4.646138 -11.637928 -1.987916 -1.390222 2.510452 0.033749 -2.562410 5.238316 0.094360 -2.468171 5.381970 0.101790 8.890830 -8.310289 0.233690 8.893094 14.509068 -5.472968 -0.365004 -0.354689 -10.741274 -12.490574 4.952356 -48.639446 -110.669601 -2.836723 -6.080032 -4.536925 22.705503 3.285343 -1.583645 0.011656 13.540116 -7.321944 22.454329 43.272594 92.045395 -5.745009 10.944946 3.698489 14.798765 -9.780517 14.082475 5.214847 6.500289 70.571373 83.348427 75.068916 1.581658 3.355567 3.894085 0.000043 -0.002064 -0.004591 -17.568804 -29.542828 22.777554 0.234496 36.641079 -9.644300 1.134561 5.894326 -6.597447 -0.000349 -0.002775 0.006284 
-128.819244 0.000000 -201.661758 -24.322050 -0.000000 0.000000 -5.540453 -12.300384 -3.505671 -1.013925 2.893687 0.506499 -1.756486 5.963448 1.063938 -1.663864 6.091519 1.093905 9.546496 -9.385262 -1.421432 8.286615 14.461506 -5.188607 0.567346 -0.285897 -12.692519 -10.350988 3.877103 -49.974464 -104.860573 -2.548058 -5.489038 -2.770693 26.992981 3.241702 -0.820294 -0.125265 16.723759 -3.040130 16.719198 42.985641 88.685822 -5.671556 10.797956 2.311125 17.233715 -9.499944 13.602125 -2.092431 8.896714 112.498764 82.241959 117.524437 1.631096 -0.404682 3.646027 0.000035 -0.001962 -0.004652 -16.784323 -27.988283 24.254667 -2.775269 44.274933 -12.262245 1.543264 -1.116557 -7.699511 -0.000361 -0.002896 0.006157 
-132.144089 0.000000 -194.548065 -24.023348 -0.000000 0.000000 -5.810300 -12.480226 -4.823131 -0.725016 3.103318 0.945459 -1.219515 6.401059 1.952146 -1.148800 6.523820 1.981884 10.328630 -9.883863 -3.002867 8.029294 14.697115 -4.902694 1.751497 -0.210750 -15.038718 -8.380836 2.686812 -51.827896 -97.736870 -2.388803 -4.774758 -0.546022 31.304733 3.660543 0.416892 -0.298182 19.456202 1.491035 11.788288 43.211441 86.001144 -5.537059 10.125995 0.601765 20.433121 -8.190342 11.948483 -10.540154 9.411460 125.161148 79.019264 130.143219 2.196424 -4.105298 3.927002 0.000039 -0.001914 -0.004771 -16.647509 -25.337023 24.604219 -5.558786 49.375591 -14.713305 1.453677 -8.214172 -6.945730 -0.000354 -0.002927 0.006108 
-135.506348 0.000000 -187.491669 -23.530525 -0.000000 0.000000 -5.321161 -12.748967 -6.164895 -0.508590 3.191488 1.320033 -0.862339 6.673744 2.708650 -0.859029 6.812671 2.745156 10.929303 -9.617265 -4.767196 7.331398 14.704546 -4.021185 2.381617 -0.183291 -16.362490 -6.747944 1.898849 -54.215313 -90.789345 -2.628112 -4.440105 1.225212 34.972382 3.648007 1.952758 -0.452679 20.689743 5.230236 6.750486 44.641373 83.983055 -5.153821 8.948499 -1.102268 24.055002 -5.735682 8.777393 -18.678110 9.287021 125.395134 77.570686 130.614532 2.812774 -4.872912 4.518030 0.000072 -0.002053 -0.004980 -16.857389 -21.650785 24.000546 -8.264192 52.624981 -16.561905 1.579311 -14.214715 -6.896855 -0.000321 -0.002827 0.006177 
-138.880844 0.000000 -180.509293 -22.829952 -0.000000 0.000000 -4.320637 -13.024470 -6.910020 -0.301663 3.213170 1.447635 -0.526430 6.825395 2.984959 -0.601605 6.971505 3.037465 10.907006 -9.102525 -6.033249 6.371000 14.607870 -2.777391 2.691446 -0.136443 -17.136007 -5.537045 3.089155 -55.141922 -86.745476 -2.959497 -4.239661 2.482486 36.529259 3.162968 3.570817 -0.637846 20.791222 7.798253 1.796318 46.740459 83.553474 -4.737942 8.173167 -1.591223 26.883823 -4.147884 4.705999 -26.018051 9.294190 116.826294 77.595421 122.368065 3.449313 -4.153931 4.132239 0.000099 -0.002205 -0.005132 -17.036865 -17.292604 22.353916 -10.164826 54.658031 -17.762735 1.450638 -19.178913 -6.618276 -0.000300 -0.002752 0.006319 
-142.233109 0.000000 -173.577255 -21.956272 -0.000000 0.000000 -3.423273 -13.025227 -7.192607 0.081611 3.145495 1.379359 0.231268 6.746501 2.892385 0.159605 6.895165 2.959604 9.563000 -8.681937 -6.079286 4.980996 14.462199 -1.576201 2.878232 -0.109355 -17.184460 -4.754309 6.397040 -54.067841 -85.805786 -3.292019 -4.573627 2.547670 34.006649 2.167429 4.548815 -0.685886 20.086929 9.421026 -2.260524 49.191692 85.195801 -4.366452 8.008635 -0.817990 26.905951 -4.927697 1.747195 -33.662853 8.499271 100.867569 78.072319 107.062164 3.895097 -3.757991 2.926548 0.000103 -0.002268 -0.005259 -17.153784 -12.485076 20.803177 -12.514259 55.495365 -19.629166 0.531669 -23.758280 -5.721637 -0.000300 -0.002727 0.006503 
-145.593445 0.000000 -166.670059 -20.917370 -0.000000 0.000000 -2.936260 -12.901368 -7.289889 0.706328 2.958589 1.257677 1.437999 6.389839 2.681212 1.372700 6.561914 2.750637 8.071510 -8.351600 -6.224240 3.290846 14.827782 -0.442025 2.995759 -0.064073 -16.576338 -4.454898 11.467427 -51.662075 -87.436226 -3.356190 -5.034352 2.196733 30.323355 2.138694 4.957452 -0.635665 19.041763 9.959497 -4.717514 50.984356 88.727921 -4.374309 8.627100 0.398326 25.102789 -6.530154 0.989657 -38.963512 7.873526 69.533417 78.032326 76.134361 3.410991 -4.582654 2.703932 0.000096 -0.002308 -0.005290 -17.270493 -7.401325 19.018988 -14.083016 54.973385 -20.483046 -1.128967 -26.223761 -3.833118 -0.000313 -0.002719 0.006663 
-148.995148 0.000000 -159.824432 -19.686348 -0.000000 0.000000 -3.693790 -12.968430 -6.651680 1.577519 2.723821 0.949184 3.108684 5.858768 2.091717 3.035326 6.059033 2.185219 6.562934 -7.375607 -7.041460 1.237870 15.478859 1.969766 3.443501 -0.040157 -15.549343 -4.243319 18.073124 -48.928829 -89.960358 -3.239664 -5.378918 1.175892 25.687305 2.828699 5.339171 -0.506611 17.535624 10.559020 -5.379644 52.335709 92.590874 -4.499618 9.460364 2.112016 22.715889 -8.268216 2.716734 -42.257847 5.077932 37.813232 73.286041 44.406464 3.000567 -5.071903 2.684134 0.000088 -0.002350 -0.005181 -17.734442 -2.634236 16.826485 -14.174959 55.027218 -20.755232 -2.116861 -25.672606 -2.025718 -0.000324 -0.002684 0.006821 
-152.457855 0.000000 -153.066116 -18.284681 -0.000000 0.000000 -4.468273 -13.105853 -5.735084 2.417755 2.462369 0.550532 4.787556 5.287392 1.314117 4.738165 5.512939 1.429142 4.643832 -5.829487 -7.698050 -1.146121 16.258150 4.580654 3.816193 -0.016363 -14.178610 -2.897847 24.987600 -46.304249 -93.308487 -3.302056 -5.803786 0.156351 21.890221 3.939716 5.530643 -0.344609 15.766142 11.480350 -4.780277 52.813847 97.367165 -5.073878 10.115891 3.639769 21.518763 -9.476274 5.630290 -44.007851 0.993696 20.303875 64.574409 26.778395 2.893240 -5.021018 2.182588 0.000080 -0.002309 -0.005150 -18.556660 2.378133 13.838921 -12.907987 55.168705 -20.324780 -2.355644 -21.429491 -0.531348 -0.000334 -0.002693 0.006841 
-155.995712 0.000000 -146.413559 -16.729799 -0.000000 0.000000 -4.980430 -13.126725 -4.956723 3.146425 2.144886 0.150916 6.247393 4.633774 0.513410 6.242227 4.870203 0.653048 2.370549 -4.420528 -8.308312 -3.728253 17.579201 7.627264 3.979275 0.055351 -12.705338 -0.473069 30.968765 -43.327087 -95.962067 -3.376419 -6.222369 -0.778730 18.686272 4.744331 5.297949 -0.239504 14.187122 12.243740 -2.749371 51.868988 102.003471 -5.493579 10.355688 5.029377 20.987144 -9.887599 8.864944 -43.498882 -2.102659 10.106571 53.070610 16.410978 2.142712 -4.423777 1.067588 0.000082 -0.002278 -0.005204 -19.841949 6.766817 10.331652 -10.242514 55.667004 -18.677931 -1.664817 -13.740141 0.620281 -0.000330 -0.002686 0.006704 
-159.563202 0.000000 -139.864822 -15.006025 -0.000000 0.000000 -5.597903 -13.250607 -4.526892 3.717598 1.808692 -0.204148 7.450966 4.024449 -0.185725 7.521741 4.297698 -0.005265 -0.031051 -3.279474 -9.050404 -6.267447 18.890669 10.801747 4.115604 0.119422 -11.205688 3.378695 36.403374 -40.411301 -98.440704 -3.259758 -6.229039 -1.326195 17.036711 5.569782 4.989050 -0.152218 12.689338 13.020256 0.125004 50.152203 105.960983 -5.780435 10.560865 6.505133 20.397141 -10.160218 12.185718 -42.002232 -5.152764 5.004491 41.589985 10.351245 1.335176 -3.132689 -0.482454 0.000078 -0.002223 -0.005219 -21.876520 9.858178 6.264797 -5.158988 57.894634 -14.189232 0.749991 -3.361561 2.709870 -0.000328 -0.002698 0.006602 
-163.160675 0.000000 -133.343872 -13.097016 -0.000000 0.000000 -6.407799 -13.341012 -4.651488 4.019733 1.526109 -0.431741 8.117557 3.499722 -0.583128 8.241100 3.813237 -0.352230 -1.587082 -1.335988 -10.394219 -8.387411 19.074936 13.124687 4.282660 0.152306 -9.744872 9.065416 40.877129 -37.481140 -100.703651 -3.067076 -5.989285 -1.747654 16.354656 6.281883 4.896374 -0.094818 11.413610 14.002275 3.321349 47.398159 108.781128 -6.074680 10.816886 7.825322 20.000824 -10.409651 13.977789 -40.305210 -6.968536 2.637805 31.809145 7.481556 1.062584 -2.034992 -2.456975 0.000070 -0.002182 -0.005041 -23.223482 12.197801 3.028773 2.226356 60.743111 -7.427651 3.868280 5.197816 5.616180 -0.000336 -0.002732 0.006527 
-166.771378 0.000000 -126.879036 -11.064093 -0.000000 0.000000 -6.887203 -13.269035 -5.497532 4.132696 1.162028 -0.447736 8.386123 2.786330 -0.544396 8.535804 3.147154 -0.278872 -2.635436 1.480197 -11.527404 -9.939590 18.583790 14.686190 4.684247 0.177111 -8.221857 15.491696 44.755238 -35.007072 -102.433167 -3.079156 -6.006843 -1.587298 16.137756 5.627318 4.768624 -0.123090 10.430672 14.275826 6.173664 44.127010 110.566734 -6.458675 11.040826 9.077688 19.188171 -11.032310 14.010339 -39.026802 -6.969179 1.291309 24.121738 4.621339 0.963317 -1.236012 -4.877202 0.000055 -0.002121 -0.004938 -23.340353 13.492029 1.650969 7.684959 63.683315 -2.003751 5.893635 8.300639 7.819747 -0.000354 -0.002801 0.006470 
-170.336975 0.000000 -120.531021 -8.926242 -0.000000 0.000000 -7.058331 -13.765259 -6.751523 4.109905 0.928951 -0.280305 8.255032 2.330405 -0.175554 8.393378 2.728626 0.102202 -2.799839 3.736839 -12.706828 -10.707028 18.047852 15.898781 5.356147 0.180975 -7.037323 20.855463 46.816044 -33.620506 -103.631889 -3.111444 -6.132959 -1.546261 16.336851 5.163807 4.783617 -0.192552 9.698575 13.621153 8.314963 41.397663 111.778847 -6.576190 10.917228 9.982316 18.585215 -11.143916 15.447941 -37.514351 -8.069456 0.500276 20.579275 3.054934 0.696737 -1.023687 -6.477585 0.000059 -0.002116 -0.004874 -22.208754 13.219652 1.830842 9.303407 69.021362 1.199217 5.813545 5.845363 8.670320 -0.000351 -0.002815 0.006309 
-173.893890 0.000000 -114.300262 -6.701281 -0.000000 0.000000 -10.445850 -13.070039 -7.429076 4.638975 0.539782 -0.349961 9.250613 1.399539 -0.199724 9.345146 1.722812 0.127836 2.430031 3.021722 -11.513089 -6.586415 17.005646 11.822726 9.464752 -0.339247 -5.757308 31.360016 45.326374 -29.957781 -109.395111 -2.143195 -5.006207 -1.884854 15.361554 5.698047 6.954357 0.067478 8.101110 12.480040 14.105556 38.330288 111.194992 -8.148589 12.762386 12.027149 18.124844 -11.455003 12.627488 -34.832031 -9.245791 -3.658641 9.634785 -0.132682 -4.556249 9.734204 -5.774531 -0.000027 -0.001921 -0.004593 -21.021643 18.841696 2.324303 3.702907 69.576691 -3.326081 4.273164 11.392120 9.106277 -0.000442 -0.003018 0.006743 
-177.523239 0.000000 -108.334229 -4.280272 -0.000000 0.000000 -10.400970 -14.124233 -8.032698 4.242968 0.673455 -0.227381 8.399839 1.644523 0.053065 8.440131 1.959608 0.380155 2.707895 3.206933 -10.236996 -5.628065 16.279493 10.498789 10.732515 -0.567737 -5.138277 32.817715 43.563297 -31.642044 -108.492622 -2.005883 -4.913716 -1.360084 16.966351 5.614001 7.433749 0.102220 7.902846 12.007673 13.136633 36.755394 108.880684 -8.234494 12.909941 11.977962 19.232073 -11.949600 13.774626 -33.858669 -11.182268 -6.218241 12.802172 -0.288337 -6.375714 19.897657 -1.128232 -0.000037 -0.001855 -0.004624 -19.335396 16.770023 3.723315 -11.410028 75.868301 -16.697527 1.031859 8.682441 8.259610 -0.000448 -0.003053 0.006779 
-181.157608 0.000000 -102.490700 -1.866177 -0.000000 0.000000 -10.533122 -15.163607 -7.211653 3.718565 0.981724 -0.401432 7.234879 2.207574 -0.364120 7.229067 2.493764 -0.080284 2.955890 2.845873 -8.687745 -4.633385 15.590707 9.009640 11.705914 -0.693841 -5.716524 32.481842 39.797890 -34.935211 -106.227112 -1.958325 -4.944670 -1.066728 18.436634 7.264550 7.553788 0.200716 7.690898 13.072451 11.705846 37.005375 103.378639 -7.472909 12.239813 10.688513 22.362377 -11.831164 13.066187 -34.479694 -14.341104 -8.335260 21.229111 0.728652 -4.665190 27.763021 6.785786 -0.000023 -0.001989 -0.004548 -19.605585 12.346046 3.071393 -44.225857 80.311310 -49.311878 -1.800007 6.613718 5.834966 -0.000433 -0.002889 0.006998 
-184.774353 0.000000 -96.722641 0.552975 0.000000 -0.000000 -10.620294 -16.138781 -5.230266 3.292706 1.391917 -0.872837 6.310411 2.980591 -1.333154 6.272995 3.224170 -1.068051 2.939316 1.617160 -6.804302 -4.067566 14.993909 7.177511 11.990381 -0.535552 -7.899650 30.999853 34.109779 -36.277279 -102.638916 -1.929089 -4.701946 -0.390943 19.399330 8.954279 6.749126 0.141181 8.392541 14.164310 9.516188 36.744251 95.350540 -6.394180 11.138872 8.898090 25.292250 -12.376395 8.505962 -38.109295 -16.731995 -6.937070 34.473289 2.842766 -1.673801 26.227619 12.242370 -0.000018 -0.002153 -0.004417 -21.418396 6.965231 -0.138206 -85.575317 80.448120 -91.989799 -2.220852 3.029695 4.581394 -0.000427 -0.002749 0.007373 
-188.306610 0.000000 -91.094055 2.923661 0.000000 -0.000000 -10.748519 -16.693092 -3.064389 2.962754 1.826495 -1.568003 5.664803 3.889756 -2.713934 5.636789 4.064961 -2.446296 2.889182 -0.176340 -4.936446 -3.286878 14.850033 5.339000 11.886209 -0.001239 -11.891335 27.220440 25.424709 -35.611195 -97.126457 -1.961588 -4.149289 1.540209 21.269779 9.321235 5.550164 -0.124793 10.436820 13.945724 6.948635 36.439732 85.901566 -5.578320 10.076373 6.797953 28.457655 -13.743647 1.962919 -41.985752 -18.048775 -1.887083 48.223877 5.907075 -0.705273 17.528879 11.159132 -0.000029 -0.002123 -0.004477 -22.081629 0.764308 -4.310139 -113.731735 78.701424 -121.465630 -1.504302 -0.237970 4.943090 -0.000433 -0.002752 0.007511 
-191.791824 0.000000 -85.676781 5.247968 0.000000 -0.000000 -11.058023 -16.998072 -1.864886 2.905624 2.166620 -2.086683 5.571357 4.647995 -3.663513 5.606259 4.742643 -3.366709 2.310080 -1.012514 -4.290896 -3.169655 14.842116 4.626625 11.180829 0.587168 -16.260366 20.693569 15.877009 -35.316956 -91.721184 -2.215015 -4.023639 3.811856 24.246065 9.371862 4.815772 -0.405574 13.134451 14.834476 5.522939 36.770855 75.364235 -4.204846 6.253237 3.833868 30.285213 -15.359686 -2.840293 -43.773827 -18.068666 2.861410 57.560226 8.561165 0.700245 11.475170 9.639602 -0.000033 -0.002042 -0.004517 -19.463987 -6.589496 -6.993043 -127.638786 76.182617 -135.412582 -1.463574 -1.738147 3.818999 -0.000433 -0.002804 0.007228 
-195.275253 0.000000 -80.346313 7.531956 0.000000 -0.000000 -11.890654 -16.827124 -1.231953 2.931084 2.453289 -2.390665 5.865522 5.373711 -4.236168 6.075424 5.443096 -3.931906 1.695124 -1.016873 -3.732463 -3.082302 14.113794 4.012344 9.501077 0.854468 -19.605921 12.509866 7.473624 -37.180096 -86.994713 -2.702474 -3.958843 5.581670 28.280905 7.704897 5.038603 -0.566378 14.812690 16.260853 5.477052 37.537102 64.343071 -3.747835 1.359236 1.377370 29.188614 -16.637609 -2.415274 -43.241982 -17.955616 2.966703 63.310646 7.970526 -0.568148 6.751358 9.104231 -0.000015 -0.001964 -0.004579 -14.848761 -15.504001 -7.981818 -132.196259 74.621284 -139.678360 -1.787786 -2.628388 2.624381 -0.000411 -0.002881 0.006761 
-198.730865 0.000000 -75.080872 9.743220 0.000000 -0.000000 -12.469623 -16.373493 -1.082343 2.929616 2.780051 -2.635906 6.055109 6.153035 -4.755602 6.393342 6.221305 -4.441858 1.916142 -0.417098 -3.418940 -2.627989 13.005452 3.903398 7.280996 0.735952 -21.258074 3.319515 -0.234961 -39.272003 -82.447693 -2.664030 -3.061091 6.457313 32.146118 4.984960 6.178680 -0.553199 15.023468 17.347929 6.587357 38.249699 55.638374 -4.493872 -1.872272 0.070782 26.455471 -15.716898 -1.679773 -41.982231 -17.330063 0.014038 67.171539 5.135202 -2.178826 3.195117 9.180334 -0.000004 -0.001966 -0.004490 -9.745686 -24.251209 -8.553348 -126.290329 75.246422 -134.433746 -2.469793 -2.504168 2.149433 -0.000399 -0.002868 0.006463 
-202.132370 0.000000 -69.982628 11.882832 0.000000 -0.000000 -13.084970 -15.121228 -1.017944 2.814073 2.904232 -2.761554 5.971189 6.317374 -5.103186 6.366205 6.337776 -4.804964 2.635990 -0.170977 -4.065524 -2.240232 12.761811 3.805123 5.811007 0.493231 -21.204185 -3.490351 -5.203224 -42.348396 -80.635139 -1.976392 -1.807399 5.682596 32.347256 2.999367 7.357992 -0.481849 14.235401 18.352503 10.778818 39.054550 46.067768 -4.158912 -2.366349 0.037710 20.915239 -12.596275 -0.487921 -41.857254 -16.689608 -4.482467 71.653465 1.366898 -4.311396 -2.201223 8.999625 -0.000020 -0.001874 -0.004127 -4.961739 -31.511499 -11.222838 -108.480118 77.063393 -117.315857 -2.890843 -0.645336 2.567855 -0.000417 -0.003022 0.006063 
-205.526428 0.000000 -65.011597 13.943550 0.000000 -0.000000 -12.919929 -13.706603 -1.310195 2.288194 2.986666 -2.718855 5.036768 6.386366 -5.140597 5.478147 6.387203 -4.905163 4.446981 -0.100749 -5.037909 -0.745279 12.363087 2.899250 4.857987 0.359490 -20.318325 -6.634204 -8.349372 -45.827065 -82.923317 -2.106915 -2.259842 3.960146 32.387970 2.798597 8.392344 -0.328902 12.576196 19.335417 16.626932 40.045132 42.510788 -3.693933 -1.819952 0.151562 17.864635 -9.113551 -0.356339 -42.490849 -15.407403 -11.347832 76.660057 -4.835256 -6.099107 -5.270872 8.179585 -0.000030 -0.001806 -0.004331 -0.851286 -37.359570 -13.639788 -78.836433 76.617325 -88.115349 -3.776271 1.165907 1.386031 -0.000429 -0.003146 0.006089 
-208.897324 0.000000 -60.175674 15.904641 0.000000 -0.000000 -10.891446 -12.174649 -2.411790 1.421820 3.242898 -2.522614 3.274710 6.682661 -4.937047 3.694935 6.654334 -4.777890 6.738855 -0.337240 -5.700865 1.439718 10.972168 0.904292 4.046801 0.248283 -19.042786 -9.543818 -9.369084 -48.177856 -86.768326 -2.201019 -3.049852 2.338548 30.681004 3.672400 8.750271 -0.160267 11.389051 20.921038 22.235895 41.035557 42.103416 -3.248275 -1.227758 0.899559 16.961489 -6.745365 -1.938836 -44.246918 -12.035668 -31.169146 80.465187 -25.240618 -8.020758 -3.772610 9.805147 -0.000056 -0.001758 -0.004239 0.654942 -40.603111 -15.209652 -44.114128 70.898811 -54.566338 -4.329333 2.281264 1.611536 -0.000453 -0.003182 0.006175 
-212.152985 0.000000 -55.513638 17.813025 0.000000 -0.000000 -8.338995 -10.463297 -4.488913 0.639984 3.533307 -2.086879 1.542527 7.010262 -4.246617 1.888146 6.956527 -4.164779 9.190707 -1.069597 -6.029146 3.869249 9.391651 -1.337875 3.249140 0.101509 -16.799858 -13.533184 -9.143072 -49.289684 -90.105896 -1.884535 -3.528199 1.087725 29.092541 3.770348 8.544076 -0.048344 11.003275 21.029894 26.681187 41.028023 44.799122 -2.379364 -0.425550 2.220307 16.118753 -6.619569 -3.160645 -47.109467 -6.953269 -64.224754 81.551353 -58.761623 -8.900968 1.839711 11.639962 -0.000078 -0.001735 -0.004100 -0.984010 -41.312096 -15.394433 -22.288494 60.692879 -33.820290 -3.428964 5.590655 1.038127 -0.000471 -0.003165 0.006401 
-215.255020 0.000000 -51.011414 19.715246 0.000000 -0.000000 -4.980071 -8.628767 -6.541040 -0.137146 3.750511 -1.679002 -0.295858 7.246750 -3.569732 -0.128977 7.188657 -3.536658 11.106322 -1.663851 -5.932322 6.101887 8.290954 -2.912845 1.836608 -0.104303 -13.918814 -17.999743 -8.169333 -49.135971 -96.560707 -2.120260 -4.237536 -0.424388 29.060011 3.858975 7.822476 0.181851 10.676505 19.311178 30.534838 41.366867 49.828735 -1.687340 0.308836 3.465845 15.729412 -7.267703 -4.968198 -50.544472 -1.612314 -87.280670 80.504082 -82.673630 -8.212163 9.389473 11.834591 -0.000075 -0.001849 -0.003992 -2.220361 -40.373291 -16.173288 -11.674176 49.258198 -23.345978 -2.680049 8.463238 0.864278 -0.000472 -0.002998 0.006893 
-218.208527 0.000000 -46.700050 21.615259 0.000000 -0.000000 -0.777195 -6.562889 -8.750055 -0.941765 3.920434 -1.304703 -2.109013 7.476567 -2.876030 -2.070263 7.410910 -2.868809 11.810469 -2.251534 -5.047392 7.579687 7.285763 -4.310633 -0.312926 -0.215120 -10.608929 -23.106007 -6.814130 -47.987179 -103.128937 -2.339163 -4.694504 -1.971096 28.270418 3.701884 6.425809 0.337648 10.513142 17.463779 33.331173 43.124184 55.572639 -1.163236 0.767820 4.825642 16.209869 -8.450492 -8.261883 -53.927536 4.428108 -105.820473 78.941917 -101.685966 -7.968681 14.112227 10.871996 -0.000078 -0.001920 -0.003843 -1.810152 -36.982952 -17.672560 -5.302145 38.002453 -17.223198 -1.784005 11.946691 3.862882 -0.000483 -0.002913 0.007222 
-221.046783 0.000000 -42.579277 23.532854 0.000000 -0.000000 3.554587 -4.119779 -11.196819 -1.550157 4.072542 -0.850116 -3.483029 7.714618 -1.980117 -3.556940 7.612087 -1.997881 11.955526 -2.088221 -3.601526 8.974467 6.075377 -6.161967 -2.890204 -0.063150 -7.091388 -27.854528 -6.305300 -46.670723 -108.669594 -2.504744 -4.838621 -3.304686 27.834692 2.737118 4.887255 0.358714 10.414571 13.839974 35.381500 44.543633 61.121925 -1.147955 1.271541 6.101019 17.157288 -9.922244 -11.417530 -57.125641 10.885674 -116.750000 79.337234 -112.697044 -7.064900 14.949919 9.723105 -0.000090 -0.001934 -0.003911 -0.605556 -31.340027 -18.484612 -1.735243 26.269514 -12.680437 -1.374893 16.565504 4.672307 -0.000504 -0.002896 0.007583 
-223.746902 0.000000 -38.649445 25.470922 0.000000 -0.000000 6.500216 -1.895525 -12.764252 -1.864836 4.206648 -0.521217 -4.173625 7.968268 -1.353443 -4.329196 7.814708 -1.391275 12.211516 -0.799193 -1.807034 10.635793 4.729399 -8.125914 -4.920213 0.159830 -4.358335 -33.131538 -6.317676 -43.772842 -112.946655 -2.594994 -4.732957 -4.571069 28.233553 0.986376 4.032562 0.368993 10.201400 9.176113 36.335213 45.347240 65.349648 -1.590557 1.826375 6.353880 19.436085 -11.466303 -12.715868 -60.301891 15.042239 -132.803040 81.607796 -128.945511 -4.986657 12.561193 9.596425 -0.000107 -0.001905 -0.004100 3.592118 -24.404375 -20.408022 -0.418061 17.668339 -10.203721 -2.206570 20.248573 4.875935 -0.000530 -0.002920 0.007935 
-226.306503 0.000000 -34.904633 27.399857 0.000000 -0.000000 8.950898 0.066517 -13.826268 -2.016193 4.326868 -0.286632 -4.533412 8.182885 -0.954580 -4.801691 7.981940 -1.014445 13.033688 0.470290 -0.383394 12.733911 3.166252 -9.979859 -6.030312 0.226164 -2.675944 -39.027878 -5.384318 -39.068741 -116.072594 -2.423590 -4.445551 -5.368083 27.215614 0.424037 3.460191 0.435682 10.344613 4.739375 37.189255 46.238167 67.162170 -1.703415 2.408964 6.800638 20.562387 -12.918942 -13.617818 -63.576229 18.349796 -145.598007 82.779808 -142.526794 -4.097507 9.434742 7.538975 -0.000125 -0.001925 -0.004075 8.231727 -19.003763 -23.169844 -0.151487 14.927526 -8.412150 -2.565838 22.771578 4.203100 -0.000553 -0.002889 0.008206 
-228.732773 0.000000 -31.375515 29.292419 0.000000 -0.000000 11.625945 1.445563 -13.952477 -2.118228 4.472826 -0.289329 -4.869108 8.385876 -0.996117 -5.266496 8.139602 -1.068451 13.015277 1.245526 1.370535 14.290378 2.026227 -11.534884 -6.651623 0.128043 -1.770105 -44.230858 -5.105160 -34.381329 -118.068024 -2.053099 -3.986748 -6.416077 25.396484 1.058206 2.929424 0.423318 10.737738 2.218350 39.556736 49.216530 68.439232 -1.834825 3.077895 7.468283 20.865307 -14.068672 -13.401142 -67.220879 20.360901 -146.432007 80.868446 -144.230667 -6.094037 5.289448 3.623248 -0.000146 -0.001937 -0.003943 8.502350 -16.151367 -24.532127 0.513161 15.388552 -6.898621 0.293335 22.322495 8.885356 -0.000574 -0.002901 0.008319 
-230.913666 0.000000 -28.061211 31.177166 0.000000 -0.000000 13.962728 2.172539 -13.841366 -2.194206 4.611236 -0.375372 -5.117537 8.586214 -1.228621 -5.601316 8.297111 -1.330652 12.625311 1.602598 2.329770 14.974369 0.815763 -12.179698 -7.195227 -0.051422 -1.287323 -48.298660 -5.883421 -31.049280 -118.956169 -1.961406 -4.052818 -7.836843 26.117706 2.209730 2.739590 0.509184 11.091554 0.530651 41.675873 51.722580 70.106979 -1.957473 3.770721 7.827989 20.616661 -14.113362 -14.428306 -70.736137 22.304293 -138.350677 77.068779 -137.407349 -8.546215 4.890030 -2.429520 -0.000150 -0.002068 -0.003791 6.529675 -15.334752 -24.256609 1.122693 19.076305 -6.347589 3.211127 16.375202 20.934475 -0.000560 -0.002752 0.008598 
